{
"block_items":[{"expanded":false,"Exclusion Rule Type":"None","UNR":"none","Index":"36","Blk Type":"true part of","Src Start Line":"408","Score":"0","All Average Grd":"0%","Enclosing Entity":"uvmt_cv32_tb","Source":"              irq_mip[irq_idx] <= 1'b0;"}
,{"expanded":false,"Exclusion Rule Type":"None","UNR":"none","Index":"56","Blk Type":"a case item of","Src Start Line":"480","Score":"0","All Average Grd":"0%","Enclosing Entity":"uvmt_cv32_tb","Source":"                default: begin"}
,{"expanded":false,"Exclusion Rule Type":"None","UNR":"none","Index":"81","Blk Type":"true part of","Src Start Line":"541","Score":"0","All Average Grd":"0%","Enclosing Entity":"uvmt_cv32_tb","Source":"     if (!clknrst_if.reset_n) begin"}
,{"expanded":false,"Exclusion Rule Type":"None","UNR":"none","Index":"85","Blk Type":"true part of","Src Start Line":"552","Score":"0","All Average Grd":"0%","Enclosing Entity":"uvmt_cv32_tb","Source":"       if (vp_status_if.tests_failed) begin"}
]}
