{"cover_group_items"
:[{"expanded":false,"Exclusion Rule Type":"None","UNR":"none","title":"cg_irq_entry","All Average Grd":"97.53%","All Cov":"79 / 81 (97.53%)","Enclosing Entity":"uvm_pkg.uvm_test_top.env.cov_model.interrupt_covg","Source":"    covergroup cg_irq_entry with function sample(ins_t ins);"
,"subitems":[{"expanded":false,"Exclusion Rule Type":"None","UNR":"none","title":"cp_irq","At Least":"1","All Average Grd":"97.53%","All Cov":"79 / 81 (97.53%)","Source":"        cp_irq : coverpoint ins.asm {"
,"subitems":[{"expanded":false,"Exclusion Rule Type":"None","UNR":"none","title":"auto[ADD]","All Average Grd":"100%","All Cov":"1 / 1 (100%)","Score":"88","At Least":"1","Source":"        cp_irq : coverpoint ins.asm {"}
,{"expanded":false,"Exclusion Rule Type":"None","UNR":"none","title":"auto[ADDI]","All Average Grd":"100%","All Cov":"1 / 1 (100%)","Score":"484","At Least":"1","Source":"        cp_irq : coverpoint ins.asm {"}
,{"expanded":false,"Exclusion Rule Type":"None","UNR":"none","title":"auto[AND]","All Average Grd":"100%","All Cov":"1 / 1 (100%)","Score":"82","At Least":"1","Source":"        cp_irq : coverpoint ins.asm {"}
,{"expanded":false,"Exclusion Rule Type":"None","UNR":"none","title":"auto[ANDI]","All Average Grd":"100%","All Cov":"1 / 1 (100%)","Score":"101","At Least":"1","Source":"        cp_irq : coverpoint ins.asm {"}
,{"expanded":false,"Exclusion Rule Type":"None","UNR":"none","title":"auto[AUIPC]","All Average Grd":"100%","All Cov":"1 / 1 (100%)","Score":"216","At Least":"1","Source":"        cp_irq : coverpoint ins.asm {"}
,{"expanded":false,"Exclusion Rule Type":"None","UNR":"none","title":"auto[BEQ]","All Average Grd":"100%","All Cov":"1 / 1 (100%)","Score":"111","At Least":"1","Source":"        cp_irq : coverpoint ins.asm {"}
,{"expanded":false,"Exclusion Rule Type":"None","UNR":"none","title":"auto[BGE]","All Average Grd":"100%","All Cov":"1 / 1 (100%)","Score":"180","At Least":"1","Source":"        cp_irq : coverpoint ins.asm {"}
,{"expanded":false,"Exclusion Rule Type":"None","UNR":"none","title":"auto[BGEU]","All Average Grd":"100%","All Cov":"1 / 1 (100%)","Score":"133","At Least":"1","Source":"        cp_irq : coverpoint ins.asm {"}
,{"expanded":false,"Exclusion Rule Type":"None","UNR":"none","title":"auto[BLTU]","All Average Grd":"100%","All Cov":"1 / 1 (100%)","Score":"138","At Least":"1","Source":"        cp_irq : coverpoint ins.asm {"}
,{"expanded":false,"Exclusion Rule Type":"None","UNR":"none","title":"auto[BNE]","All Average Grd":"100%","All Cov":"1 / 1 (100%)","Score":"253","At Least":"1","Source":"        cp_irq : coverpoint ins.asm {"}
,{"expanded":false,"Exclusion Rule Type":"None","UNR":"none","title":"auto[BLT]","All Average Grd":"100%","All Cov":"1 / 1 (100%)","Score":"160","At Least":"1","Source":"        cp_irq : coverpoint ins.asm {"}
,{"expanded":false,"Exclusion Rule Type":"None","UNR":"none","title":"auto[FENCE]","All Average Grd":"100%","All Cov":"1 / 1 (100%)","Score":"360","At Least":"1","Source":"        cp_irq : coverpoint ins.asm {"}
,{"expanded":false,"Exclusion Rule Type":"None","UNR":"none","title":"auto[FENCE_I]","All Average Grd":"100%","All Cov":"1 / 1 (100%)","Score":"380","At Least":"1","Source":"        cp_irq : coverpoint ins.asm {"}
,{"expanded":false,"Exclusion Rule Type":"None","UNR":"none","title":"auto[JAL]","All Average Grd":"100%","All Cov":"1 / 1 (100%)","Score":"151","At Least":"1","Source":"        cp_irq : coverpoint ins.asm {"}
,{"expanded":false,"Exclusion Rule Type":"None","UNR":"none","title":"auto[JALR]","All Average Grd":"100%","All Cov":"1 / 1 (100%)","Score":"75","At Least":"1","Source":"        cp_irq : coverpoint ins.asm {"}
,{"expanded":false,"Exclusion Rule Type":"None","UNR":"none","title":"auto[LB]","All Average Grd":"100%","All Cov":"1 / 1 (100%)","Score":"422","At Least":"1","Source":"        cp_irq : coverpoint ins.asm {"}
,{"expanded":false,"Exclusion Rule Type":"None","UNR":"none","title":"auto[LBU]","All Average Grd":"100%","All Cov":"1 / 1 (100%)","Score":"390","At Least":"1","Source":"        cp_irq : coverpoint ins.asm {"}
,{"expanded":false,"Exclusion Rule Type":"None","UNR":"none","title":"auto[LH]","All Average Grd":"100%","All Cov":"1 / 1 (100%)","Score":"128","At Least":"1","Source":"        cp_irq : coverpoint ins.asm {"}
,{"expanded":false,"Exclusion Rule Type":"None","UNR":"none","title":"auto[LHU]","All Average Grd":"100%","All Cov":"1 / 1 (100%)","Score":"114","At Least":"1","Source":"        cp_irq : coverpoint ins.asm {"}
,{"expanded":false,"Exclusion Rule Type":"None","UNR":"none","title":"auto[LUI]","All Average Grd":"100%","All Cov":"1 / 1 (100%)","Score":"137","At Least":"1","Source":"        cp_irq : coverpoint ins.asm {"}
,{"expanded":false,"Exclusion Rule Type":"None","UNR":"none","title":"auto[LW]","All Average Grd":"100%","All Cov":"1 / 1 (100%)","Score":"173","At Least":"1","Source":"        cp_irq : coverpoint ins.asm {"}
,{"expanded":false,"Exclusion Rule Type":"None","UNR":"none","title":"auto[OR]","All Average Grd":"100%","All Cov":"1 / 1 (100%)","Score":"98","At Least":"1","Source":"        cp_irq : coverpoint ins.asm {"}
,{"expanded":false,"Exclusion Rule Type":"None","UNR":"none","title":"auto[ORI]","All Average Grd":"100%","All Cov":"1 / 1 (100%)","Score":"81","At Least":"1","Source":"        cp_irq : coverpoint ins.asm {"}
,{"expanded":false,"Exclusion Rule Type":"None","UNR":"none","title":"auto[SB]","All Average Grd":"100%","All Cov":"1 / 1 (100%)","Score":"418","At Least":"1","Source":"        cp_irq : coverpoint ins.asm {"}
,{"expanded":false,"Exclusion Rule Type":"None","UNR":"none","title":"auto[SH]","All Average Grd":"100%","All Cov":"1 / 1 (100%)","Score":"116","At Least":"1","Source":"        cp_irq : coverpoint ins.asm {"}
,{"expanded":false,"Exclusion Rule Type":"None","UNR":"none","title":"auto[SLL]","All Average Grd":"100%","All Cov":"1 / 1 (100%)","Score":"101","At Least":"1","Source":"        cp_irq : coverpoint ins.asm {"}
,{"expanded":false,"Exclusion Rule Type":"None","UNR":"none","title":"auto[SLLI]","All Average Grd":"100%","All Cov":"1 / 1 (100%)","Score":"97","At Least":"1","Source":"        cp_irq : coverpoint ins.asm {"}
,{"expanded":false,"Exclusion Rule Type":"None","UNR":"none","title":"auto[SLT]","All Average Grd":"100%","All Cov":"1 / 1 (100%)","Score":"114","At Least":"1","Source":"        cp_irq : coverpoint ins.asm {"}
,{"expanded":false,"Exclusion Rule Type":"None","UNR":"none","title":"auto[SLTI]","All Average Grd":"100%","All Cov":"1 / 1 (100%)","Score":"92","At Least":"1","Source":"        cp_irq : coverpoint ins.asm {"}
,{"expanded":false,"Exclusion Rule Type":"None","UNR":"none","title":"auto[SLTIU]","All Average Grd":"100%","All Cov":"1 / 1 (100%)","Score":"86","At Least":"1","Source":"        cp_irq : coverpoint ins.asm {"}
,{"expanded":false,"Exclusion Rule Type":"None","UNR":"none","title":"auto[SLTU]","All Average Grd":"100%","All Cov":"1 / 1 (100%)","Score":"90","At Least":"1","Source":"        cp_irq : coverpoint ins.asm {"}
,{"expanded":false,"Exclusion Rule Type":"None","UNR":"none","title":"auto[SRA]","All Average Grd":"100%","All Cov":"1 / 1 (100%)","Score":"93","At Least":"1","Source":"        cp_irq : coverpoint ins.asm {"}
,{"expanded":false,"Exclusion Rule Type":"None","UNR":"none","title":"auto[SRAI]","All Average Grd":"100%","All Cov":"1 / 1 (100%)","Score":"104","At Least":"1","Source":"        cp_irq : coverpoint ins.asm {"}
,{"expanded":false,"Exclusion Rule Type":"None","UNR":"none","title":"auto[SRL]","All Average Grd":"100%","All Cov":"1 / 1 (100%)","Score":"95","At Least":"1","Source":"        cp_irq : coverpoint ins.asm {"}
,{"expanded":false,"Exclusion Rule Type":"None","UNR":"none","title":"auto[SRLI]","All Average Grd":"100%","All Cov":"1 / 1 (100%)","Score":"94","At Least":"1","Source":"        cp_irq : coverpoint ins.asm {"}
,{"expanded":false,"Exclusion Rule Type":"None","UNR":"none","title":"auto[SUB]","All Average Grd":"100%","All Cov":"1 / 1 (100%)","Score":"110","At Least":"1","Source":"        cp_irq : coverpoint ins.asm {"}
,{"expanded":false,"Exclusion Rule Type":"None","UNR":"none","title":"auto[SW]","All Average Grd":"100%","All Cov":"1 / 1 (100%)","Score":"85","At Least":"1","Source":"        cp_irq : coverpoint ins.asm {"}
,{"expanded":false,"Exclusion Rule Type":"None","UNR":"none","title":"auto[XOR]","All Average Grd":"100%","All Cov":"1 / 1 (100%)","Score":"110","At Least":"1","Source":"        cp_irq : coverpoint ins.asm {"}
,{"expanded":false,"Exclusion Rule Type":"None","UNR":"none","title":"auto[XORI]","All Average Grd":"100%","All Cov":"1 / 1 (100%)","Score":"97","At Least":"1","Source":"        cp_irq : coverpoint ins.asm {"}
,{"expanded":false,"Exclusion Rule Type":"None","UNR":"none","title":"auto[MUL]","All Average Grd":"100%","All Cov":"1 / 1 (100%)","Score":"101","At Least":"1","Source":"        cp_irq : coverpoint ins.asm {"}
,{"expanded":false,"Exclusion Rule Type":"None","UNR":"none","title":"auto[MULH]","All Average Grd":"100%","All Cov":"1 / 1 (100%)","Score":"365","At Least":"1","Source":"        cp_irq : coverpoint ins.asm {"}
,{"expanded":false,"Exclusion Rule Type":"None","UNR":"none","title":"auto[MULHU]","All Average Grd":"100%","All Cov":"1 / 1 (100%)","Score":"355","At Least":"1","Source":"        cp_irq : coverpoint ins.asm {"}
,{"expanded":false,"Exclusion Rule Type":"None","UNR":"none","title":"auto[MULHSU]","All Average Grd":"100%","All Cov":"1 / 1 (100%)","Score":"330","At Least":"1","Source":"        cp_irq : coverpoint ins.asm {"}
,{"expanded":false,"Exclusion Rule Type":"None","UNR":"none","title":"auto[DIV]","All Average Grd":"100%","All Cov":"1 / 1 (100%)","Score":"1513","At Least":"1","Source":"        cp_irq : coverpoint ins.asm {"}
,{"expanded":false,"Exclusion Rule Type":"None","UNR":"none","title":"auto[REM]","All Average Grd":"100%","All Cov":"1 / 1 (100%)","Score":"1519","At Least":"1","Source":"        cp_irq : coverpoint ins.asm {"}
,{"expanded":false,"Exclusion Rule Type":"None","UNR":"none","title":"auto[DIVU]","All Average Grd":"100%","All Cov":"1 / 1 (100%)","Score":"1369","At Least":"1","Source":"        cp_irq : coverpoint ins.asm {"}
,{"expanded":false,"Exclusion Rule Type":"None","UNR":"none","title":"auto[REMU]","All Average Grd":"100%","All Cov":"1 / 1 (100%)","Score":"1340","At Least":"1","Source":"        cp_irq : coverpoint ins.asm {"}
,{"expanded":false,"Exclusion Rule Type":"None","UNR":"none","title":"auto[WFI]","All Average Grd":"100%","All Cov":"1 / 1 (100%)","Score":"16374","At Least":"1","Source":"        cp_irq : coverpoint ins.asm {"}
,{"expanded":false,"Exclusion Rule Type":"None","UNR":"none","title":"auto[MRET]","All Average Grd":"100%","All Cov":"1 / 1 (100%)","Score":"178429","At Least":"1","Source":"        cp_irq : coverpoint ins.asm {"}
,{"expanded":false,"Exclusion Rule Type":"None","UNR":"none","title":"auto[DRET]","All Average Grd":"100%","All Cov":"1 / 1 (100%)","Score":"7320","At Least":"1","Source":"        cp_irq : coverpoint ins.asm {"}
,{"expanded":false,"Exclusion Rule Type":"None","UNR":"none","title":"auto[CSRRW]","All Average Grd":"100%","All Cov":"1 / 1 (100%)","Score":"3874","At Least":"1","Source":"        cp_irq : coverpoint ins.asm {"}
,{"expanded":false,"Exclusion Rule Type":"None","UNR":"none","title":"auto[CSRRC]","All Average Grd":"100%","All Cov":"1 / 1 (100%)","Score":"87","At Least":"1","Source":"        cp_irq : coverpoint ins.asm {"}
,{"expanded":false,"Exclusion Rule Type":"None","UNR":"none","title":"auto[CSRRS]","All Average Grd":"100%","All Cov":"1 / 1 (100%)","Score":"847","At Least":"1","Source":"        cp_irq : coverpoint ins.asm {"}
,{"expanded":false,"Exclusion Rule Type":"None","UNR":"none","title":"auto[CSRRCI]","All Average Grd":"100%","All Cov":"1 / 1 (100%)","Score":"101","At Least":"1","Source":"        cp_irq : coverpoint ins.asm {"}
,{"expanded":false,"Exclusion Rule Type":"None","UNR":"none","title":"auto[CSRRSI]","All Average Grd":"100%","All Cov":"1 / 1 (100%)","Score":"19362","At Least":"1","Source":"        cp_irq : coverpoint ins.asm {"}
,{"expanded":false,"Exclusion Rule Type":"None","UNR":"none","title":"auto[CSRRWI]","All Average Grd":"100%","All Cov":"1 / 1 (100%)","Score":"88","At Least":"1","Source":"        cp_irq : coverpoint ins.asm {"}
,{"expanded":false,"Exclusion Rule Type":"None","UNR":"none","title":"auto[C_LWSP]","All Average Grd":"100%","All Cov":"1 / 1 (100%)","Score":"4","At Least":"1","Source":"        cp_irq : coverpoint ins.asm {"}
,{"expanded":false,"Exclusion Rule Type":"None","UNR":"none","title":"auto[C_SWSP]","All Average Grd":"0%","All Cov":"0 / 1 (0%)","Score":"0","At Least":"1","Source":"        cp_irq : coverpoint ins.asm {"}
,{"expanded":false,"Exclusion Rule Type":"None","UNR":"none","title":"auto[C_LW]","All Average Grd":"0%","All Cov":"0 / 1 (0%)","Score":"0","At Least":"1","Source":"        cp_irq : coverpoint ins.asm {"}
,{"expanded":false,"Exclusion Rule Type":"None","UNR":"none","title":"auto[C_SW]","All Average Grd":"100%","All Cov":"1 / 1 (100%)","Score":"3","At Least":"1","Source":"        cp_irq : coverpoint ins.asm {"}
,{"expanded":false,"Exclusion Rule Type":"None","UNR":"none","title":"auto[C_BEQZ]","All Average Grd":"100%","All Cov":"1 / 1 (100%)","Score":"102","At Least":"1","Source":"        cp_irq : coverpoint ins.asm {"}
,{"expanded":false,"Exclusion Rule Type":"None","UNR":"none","title":"auto[C_BNEZ]","All Average Grd":"100%","All Cov":"1 / 1 (100%)","Score":"155","At Least":"1","Source":"        cp_irq : coverpoint ins.asm {"}
,{"expanded":false,"Exclusion Rule Type":"None","UNR":"none","title":"auto[C_J]","All Average Grd":"100%","All Cov":"1 / 1 (100%)","Score":"146","At Least":"1","Source":"        cp_irq : coverpoint ins.asm {"}
,{"expanded":false,"Exclusion Rule Type":"None","UNR":"none","title":"auto[C_JR]","All Average Grd":"100%","All Cov":"1 / 1 (100%)","Score":"21","At Least":"1","Source":"        cp_irq : coverpoint ins.asm {"}
,{"expanded":false,"Exclusion Rule Type":"None","UNR":"none","title":"auto[C_JAL]","All Average Grd":"100%","All Cov":"1 / 1 (100%)","Score":"138","At Least":"1","Source":"        cp_irq : coverpoint ins.asm {"}
,{"expanded":false,"Exclusion Rule Type":"None","UNR":"none","title":"auto[C_JALR]","All Average Grd":"100%","All Cov":"1 / 1 (100%)","Score":"27","At Least":"1","Source":"        cp_irq : coverpoint ins.asm {"}
,{"expanded":false,"Exclusion Rule Type":"None","UNR":"none","title":"auto[C_LI]","All Average Grd":"100%","All Cov":"1 / 1 (100%)","Score":"103","At Least":"1","Source":"        cp_irq : coverpoint ins.asm {"}
,{"expanded":false,"Exclusion Rule Type":"None","UNR":"none","title":"auto[C_LUI]","All Average Grd":"100%","All Cov":"1 / 1 (100%)","Score":"86","At Least":"1","Source":"        cp_irq : coverpoint ins.asm {"}
,{"expanded":false,"Exclusion Rule Type":"None","UNR":"none","title":"auto[C_ADDI]","All Average Grd":"100%","All Cov":"1 / 1 (100%)","Score":"334","At Least":"1","Source":"        cp_irq : coverpoint ins.asm {"}
,{"expanded":false,"Exclusion Rule Type":"None","UNR":"none","title":"auto[C_ADDI16SP]","All Average Grd":"100%","All Cov":"1 / 1 (100%)","Score":"68","At Least":"1","Source":"        cp_irq : coverpoint ins.asm {"}
,{"expanded":false,"Exclusion Rule Type":"None","UNR":"none","title":"auto[C_ADDI4SPN]","All Average Grd":"100%","All Cov":"1 / 1 (100%)","Score":"75","At Least":"1","Source":"        cp_irq : coverpoint ins.asm {"}
,{"expanded":false,"Exclusion Rule Type":"None","UNR":"none","title":"auto[C_MV]","All Average Grd":"100%","All Cov":"1 / 1 (100%)","Score":"77","At Least":"1","Source":"        cp_irq : coverpoint ins.asm {"}
,{"expanded":false,"Exclusion Rule Type":"None","UNR":"none","title":"auto[C_SLLI]","All Average Grd":"100%","All Cov":"1 / 1 (100%)","Score":"87","At Least":"1","Source":"        cp_irq : coverpoint ins.asm {"}
,{"expanded":false,"Exclusion Rule Type":"None","UNR":"none","title":"auto[C_SRLI]","All Average Grd":"100%","All Cov":"1 / 1 (100%)","Score":"88","At Least":"1","Source":"        cp_irq : coverpoint ins.asm {"}
,{"expanded":false,"Exclusion Rule Type":"None","UNR":"none","title":"auto[C_SRAI]","All Average Grd":"100%","All Cov":"1 / 1 (100%)","Score":"91","At Least":"1","Source":"        cp_irq : coverpoint ins.asm {"}
,{"expanded":false,"Exclusion Rule Type":"None","UNR":"none","title":"auto[C_ANDI]","All Average Grd":"100%","All Cov":"1 / 1 (100%)","Score":"84","At Least":"1","Source":"        cp_irq : coverpoint ins.asm {"}
,{"expanded":false,"Exclusion Rule Type":"None","UNR":"none","title":"auto[C_ADD]","All Average Grd":"100%","All Cov":"1 / 1 (100%)","Score":"81","At Least":"1","Source":"        cp_irq : coverpoint ins.asm {"}
,{"expanded":false,"Exclusion Rule Type":"None","UNR":"none","title":"auto[C_AND]","All Average Grd":"100%","All Cov":"1 / 1 (100%)","Score":"70","At Least":"1","Source":"        cp_irq : coverpoint ins.asm {"}
,{"expanded":false,"Exclusion Rule Type":"None","UNR":"none","title":"auto[C_OR]","All Average Grd":"100%","All Cov":"1 / 1 (100%)","Score":"72","At Least":"1","Source":"        cp_irq : coverpoint ins.asm {"}
,{"expanded":false,"Exclusion Rule Type":"None","UNR":"none","title":"auto[C_XOR]","All Average Grd":"100%","All Cov":"1 / 1 (100%)","Score":"71","At Least":"1","Source":"        cp_irq : coverpoint ins.asm {"}
,{"expanded":false,"Exclusion Rule Type":"None","UNR":"none","title":"auto[C_SUB]","All Average Grd":"100%","All Cov":"1 / 1 (100%)","Score":"81","At Least":"1","Source":"        cp_irq : coverpoint ins.asm {"}
],"columns":""}
]}
,{"expanded":false,"Exclusion Rule Type":"None","UNR":"none","title":"cg_wfi_entry","All Average Grd":"100%","All Cov":"84 / 84 (100%)","Enclosing Entity":"uvm_pkg.uvm_test_top.env.cov_model.interrupt_covg","Source":"    covergroup cg_wfi_entry with function sample(ins_t ins);"
,"subitems":[{"expanded":false,"Exclusion Rule Type":"None","UNR":"none","title":"cp_wfi","At Least":"1","All Average Grd":"100%","All Cov":"84 / 84 (100%)","Source":"        cp_wfi : coverpoint ins.asm {"
,"subitems":[{"expanded":false,"Exclusion Rule Type":"None","UNR":"none","title":"auto[ADD]","All Average Grd":"100%","All Cov":"1 / 1 (100%)","Score":"10242","At Least":"1","Source":"        cp_wfi : coverpoint ins.asm {"}
,{"expanded":false,"Exclusion Rule Type":"None","UNR":"none","title":"auto[ADDI]","All Average Grd":"100%","All Cov":"1 / 1 (100%)","Score":"83860","At Least":"1","Source":"        cp_wfi : coverpoint ins.asm {"}
,{"expanded":false,"Exclusion Rule Type":"None","UNR":"none","title":"auto[AND]","All Average Grd":"100%","All Cov":"1 / 1 (100%)","Score":"17067","At Least":"1","Source":"        cp_wfi : coverpoint ins.asm {"}
,{"expanded":false,"Exclusion Rule Type":"None","UNR":"none","title":"auto[ANDI]","All Average Grd":"100%","All Cov":"1 / 1 (100%)","Score":"8680","At Least":"1","Source":"        cp_wfi : coverpoint ins.asm {"}
,{"expanded":false,"Exclusion Rule Type":"None","UNR":"none","title":"auto[AUIPC]","All Average Grd":"100%","All Cov":"1 / 1 (100%)","Score":"12456","At Least":"1","Source":"        cp_wfi : coverpoint ins.asm {"}
,{"expanded":false,"Exclusion Rule Type":"None","UNR":"none","title":"auto[BEQ]","All Average Grd":"100%","All Cov":"1 / 1 (100%)","Score":"12449","At Least":"1","Source":"        cp_wfi : coverpoint ins.asm {"}
,{"expanded":false,"Exclusion Rule Type":"None","UNR":"none","title":"auto[BGE]","All Average Grd":"100%","All Cov":"1 / 1 (100%)","Score":"5172","At Least":"1","Source":"        cp_wfi : coverpoint ins.asm {"}
,{"expanded":false,"Exclusion Rule Type":"None","UNR":"none","title":"auto[BGEU]","All Average Grd":"100%","All Cov":"1 / 1 (100%)","Score":"18829","At Least":"1","Source":"        cp_wfi : coverpoint ins.asm {"}
,{"expanded":false,"Exclusion Rule Type":"None","UNR":"none","title":"auto[BLTU]","All Average Grd":"100%","All Cov":"1 / 1 (100%)","Score":"9423","At Least":"1","Source":"        cp_wfi : coverpoint ins.asm {"}
,{"expanded":false,"Exclusion Rule Type":"None","UNR":"none","title":"auto[BNE]","All Average Grd":"100%","All Cov":"1 / 1 (100%)","Score":"28906","At Least":"1","Source":"        cp_wfi : coverpoint ins.asm {"}
,{"expanded":false,"Exclusion Rule Type":"None","UNR":"none","title":"auto[BLT]","All Average Grd":"100%","All Cov":"1 / 1 (100%)","Score":"8507","At Least":"1","Source":"        cp_wfi : coverpoint ins.asm {"}
,{"expanded":false,"Exclusion Rule Type":"None","UNR":"none","title":"auto[FENCE]","All Average Grd":"100%","All Cov":"1 / 1 (100%)","Score":"2095","At Least":"1","Source":"        cp_wfi : coverpoint ins.asm {"}
,{"expanded":false,"Exclusion Rule Type":"None","UNR":"none","title":"auto[FENCE_I]","All Average Grd":"100%","All Cov":"1 / 1 (100%)","Score":"3645","At Least":"1","Source":"        cp_wfi : coverpoint ins.asm {"}
,{"expanded":false,"Exclusion Rule Type":"None","UNR":"none","title":"auto[EBREAK]","All Average Grd":"100%","All Cov":"1 / 1 (100%)","Score":"11032","At Least":"1","Source":"        cp_wfi : coverpoint ins.asm {"}
,{"expanded":false,"Exclusion Rule Type":"None","UNR":"none","title":"auto[ECALL]","All Average Grd":"100%","All Cov":"1 / 1 (100%)","Score":"19","At Least":"1","Source":"        cp_wfi : coverpoint ins.asm {"}
,{"expanded":false,"Exclusion Rule Type":"None","UNR":"none","title":"auto[JAL]","All Average Grd":"100%","All Cov":"1 / 1 (100%)","Score":"21983","At Least":"1","Source":"        cp_wfi : coverpoint ins.asm {"}
,{"expanded":false,"Exclusion Rule Type":"None","UNR":"none","title":"auto[JALR]","All Average Grd":"100%","All Cov":"1 / 1 (100%)","Score":"145","At Least":"1","Source":"        cp_wfi : coverpoint ins.asm {"}
,{"expanded":false,"Exclusion Rule Type":"None","UNR":"none","title":"auto[LB]","All Average Grd":"100%","All Cov":"1 / 1 (100%)","Score":"1271","At Least":"1","Source":"        cp_wfi : coverpoint ins.asm {"}
,{"expanded":false,"Exclusion Rule Type":"None","UNR":"none","title":"auto[LBU]","All Average Grd":"100%","All Cov":"1 / 1 (100%)","Score":"1341","At Least":"1","Source":"        cp_wfi : coverpoint ins.asm {"}
,{"expanded":false,"Exclusion Rule Type":"None","UNR":"none","title":"auto[LH]","All Average Grd":"100%","All Cov":"1 / 1 (100%)","Score":"266","At Least":"1","Source":"        cp_wfi : coverpoint ins.asm {"}
,{"expanded":false,"Exclusion Rule Type":"None","UNR":"none","title":"auto[LHU]","All Average Grd":"100%","All Cov":"1 / 1 (100%)","Score":"356","At Least":"1","Source":"        cp_wfi : coverpoint ins.asm {"}
,{"expanded":false,"Exclusion Rule Type":"None","UNR":"none","title":"auto[LUI]","All Average Grd":"100%","All Cov":"1 / 1 (100%)","Score":"9655","At Least":"1","Source":"        cp_wfi : coverpoint ins.asm {"}
,{"expanded":false,"Exclusion Rule Type":"None","UNR":"none","title":"auto[LW]","All Average Grd":"100%","All Cov":"1 / 1 (100%)","Score":"1802","At Least":"1","Source":"        cp_wfi : coverpoint ins.asm {"}
,{"expanded":false,"Exclusion Rule Type":"None","UNR":"none","title":"auto[OR]","All Average Grd":"100%","All Cov":"1 / 1 (100%)","Score":"6787","At Least":"1","Source":"        cp_wfi : coverpoint ins.asm {"}
,{"expanded":false,"Exclusion Rule Type":"None","UNR":"none","title":"auto[ORI]","All Average Grd":"100%","All Cov":"1 / 1 (100%)","Score":"9433","At Least":"1","Source":"        cp_wfi : coverpoint ins.asm {"}
,{"expanded":false,"Exclusion Rule Type":"None","UNR":"none","title":"auto[SB]","All Average Grd":"100%","All Cov":"1 / 1 (100%)","Score":"1636","At Least":"1","Source":"        cp_wfi : coverpoint ins.asm {"}
,{"expanded":false,"Exclusion Rule Type":"None","UNR":"none","title":"auto[SH]","All Average Grd":"100%","All Cov":"1 / 1 (100%)","Score":"538","At Least":"1","Source":"        cp_wfi : coverpoint ins.asm {"}
,{"expanded":false,"Exclusion Rule Type":"None","UNR":"none","title":"auto[SLL]","All Average Grd":"100%","All Cov":"1 / 1 (100%)","Score":"9354","At Least":"1","Source":"        cp_wfi : coverpoint ins.asm {"}
,{"expanded":false,"Exclusion Rule Type":"None","UNR":"none","title":"auto[SLLI]","All Average Grd":"100%","All Cov":"1 / 1 (100%)","Score":"4968","At Least":"1","Source":"        cp_wfi : coverpoint ins.asm {"}
,{"expanded":false,"Exclusion Rule Type":"None","UNR":"none","title":"auto[SLT]","All Average Grd":"100%","All Cov":"1 / 1 (100%)","Score":"10792","At Least":"1","Source":"        cp_wfi : coverpoint ins.asm {"}
,{"expanded":false,"Exclusion Rule Type":"None","UNR":"none","title":"auto[SLTI]","All Average Grd":"100%","All Cov":"1 / 1 (100%)","Score":"10060","At Least":"1","Source":"        cp_wfi : coverpoint ins.asm {"}
,{"expanded":false,"Exclusion Rule Type":"None","UNR":"none","title":"auto[SLTIU]","All Average Grd":"100%","All Cov":"1 / 1 (100%)","Score":"10258","At Least":"1","Source":"        cp_wfi : coverpoint ins.asm {"}
,{"expanded":false,"Exclusion Rule Type":"None","UNR":"none","title":"auto[SLTU]","All Average Grd":"100%","All Cov":"1 / 1 (100%)","Score":"20453","At Least":"1","Source":"        cp_wfi : coverpoint ins.asm {"}
,{"expanded":false,"Exclusion Rule Type":"None","UNR":"none","title":"auto[SRA]","All Average Grd":"100%","All Cov":"1 / 1 (100%)","Score":"15551","At Least":"1","Source":"        cp_wfi : coverpoint ins.asm {"}
,{"expanded":false,"Exclusion Rule Type":"None","UNR":"none","title":"auto[SRAI]","All Average Grd":"100%","All Cov":"1 / 1 (100%)","Score":"5720","At Least":"1","Source":"        cp_wfi : coverpoint ins.asm {"}
,{"expanded":false,"Exclusion Rule Type":"None","UNR":"none","title":"auto[SRL]","All Average Grd":"100%","All Cov":"1 / 1 (100%)","Score":"7702","At Least":"1","Source":"        cp_wfi : coverpoint ins.asm {"}
,{"expanded":false,"Exclusion Rule Type":"None","UNR":"none","title":"auto[SRLI]","All Average Grd":"100%","All Cov":"1 / 1 (100%)","Score":"19579","At Least":"1","Source":"        cp_wfi : coverpoint ins.asm {"}
,{"expanded":false,"Exclusion Rule Type":"None","UNR":"none","title":"auto[SUB]","All Average Grd":"100%","All Cov":"1 / 1 (100%)","Score":"13928","At Least":"1","Source":"        cp_wfi : coverpoint ins.asm {"}
,{"expanded":false,"Exclusion Rule Type":"None","UNR":"none","title":"auto[SW]","All Average Grd":"100%","All Cov":"1 / 1 (100%)","Score":"2416","At Least":"1","Source":"        cp_wfi : coverpoint ins.asm {"}
,{"expanded":false,"Exclusion Rule Type":"None","UNR":"none","title":"auto[XOR]","All Average Grd":"100%","All Cov":"1 / 1 (100%)","Score":"9207","At Least":"1","Source":"        cp_wfi : coverpoint ins.asm {"}
,{"expanded":false,"Exclusion Rule Type":"None","UNR":"none","title":"auto[XORI]","All Average Grd":"100%","All Cov":"1 / 1 (100%)","Score":"4989","At Least":"1","Source":"        cp_wfi : coverpoint ins.asm {"}
,{"expanded":false,"Exclusion Rule Type":"None","UNR":"none","title":"auto[MUL]","All Average Grd":"100%","All Cov":"1 / 1 (100%)","Score":"22708","At Least":"1","Source":"        cp_wfi : coverpoint ins.asm {"}
,{"expanded":false,"Exclusion Rule Type":"None","UNR":"none","title":"auto[MULH]","All Average Grd":"100%","All Cov":"1 / 1 (100%)","Score":"16470","At Least":"1","Source":"        cp_wfi : coverpoint ins.asm {"}
,{"expanded":false,"Exclusion Rule Type":"None","UNR":"none","title":"auto[MULHU]","All Average Grd":"100%","All Cov":"1 / 1 (100%)","Score":"5167","At Least":"1","Source":"        cp_wfi : coverpoint ins.asm {"}
,{"expanded":false,"Exclusion Rule Type":"None","UNR":"none","title":"auto[MULHSU]","All Average Grd":"100%","All Cov":"1 / 1 (100%)","Score":"28926","At Least":"1","Source":"        cp_wfi : coverpoint ins.asm {"}
,{"expanded":false,"Exclusion Rule Type":"None","UNR":"none","title":"auto[DIV]","All Average Grd":"100%","All Cov":"1 / 1 (100%)","Score":"16682","At Least":"1","Source":"        cp_wfi : coverpoint ins.asm {"}
,{"expanded":false,"Exclusion Rule Type":"None","UNR":"none","title":"auto[REM]","All Average Grd":"100%","All Cov":"1 / 1 (100%)","Score":"10515","At Least":"1","Source":"        cp_wfi : coverpoint ins.asm {"}
,{"expanded":false,"Exclusion Rule Type":"None","UNR":"none","title":"auto[DIVU]","All Average Grd":"100%","All Cov":"1 / 1 (100%)","Score":"17907","At Least":"1","Source":"        cp_wfi : coverpoint ins.asm {"}
,{"expanded":false,"Exclusion Rule Type":"None","UNR":"none","title":"auto[REMU]","All Average Grd":"100%","All Cov":"1 / 1 (100%)","Score":"15574","At Least":"1","Source":"        cp_wfi : coverpoint ins.asm {"}
,{"expanded":false,"Exclusion Rule Type":"None","UNR":"none","title":"auto[WFI]","All Average Grd":"100%","All Cov":"1 / 1 (100%)","Score":"17708","At Least":"1","Source":"        cp_wfi : coverpoint ins.asm {"}
,{"expanded":false,"Exclusion Rule Type":"None","UNR":"none","title":"auto[MRET]","All Average Grd":"100%","All Cov":"1 / 1 (100%)","Score":"790","At Least":"1","Source":"        cp_wfi : coverpoint ins.asm {"}
,{"expanded":false,"Exclusion Rule Type":"None","UNR":"none","title":"auto[DRET]","All Average Grd":"100%","All Cov":"1 / 1 (100%)","Score":"8966","At Least":"1","Source":"        cp_wfi : coverpoint ins.asm {"}
,{"expanded":false,"Exclusion Rule Type":"None","UNR":"none","title":"auto[CSRRW]","All Average Grd":"100%","All Cov":"1 / 1 (100%)","Score":"1000","At Least":"1","Source":"        cp_wfi : coverpoint ins.asm {"}
,{"expanded":false,"Exclusion Rule Type":"None","UNR":"none","title":"auto[CSRRC]","All Average Grd":"100%","All Cov":"1 / 1 (100%)","Score":"325","At Least":"1","Source":"        cp_wfi : coverpoint ins.asm {"}
,{"expanded":false,"Exclusion Rule Type":"None","UNR":"none","title":"auto[CSRRS]","All Average Grd":"100%","All Cov":"1 / 1 (100%)","Score":"13237","At Least":"1","Source":"        cp_wfi : coverpoint ins.asm {"}
,{"expanded":false,"Exclusion Rule Type":"None","UNR":"none","title":"auto[CSRRCI]","All Average Grd":"100%","All Cov":"1 / 1 (100%)","Score":"386","At Least":"1","Source":"        cp_wfi : coverpoint ins.asm {"}
,{"expanded":false,"Exclusion Rule Type":"None","UNR":"none","title":"auto[CSRRSI]","All Average Grd":"100%","All Cov":"1 / 1 (100%)","Score":"254","At Least":"1","Source":"        cp_wfi : coverpoint ins.asm {"}
,{"expanded":false,"Exclusion Rule Type":"None","UNR":"none","title":"auto[CSRRWI]","All Average Grd":"100%","All Cov":"1 / 1 (100%)","Score":"1956","At Least":"1","Source":"        cp_wfi : coverpoint ins.asm {"}
,{"expanded":false,"Exclusion Rule Type":"None","UNR":"none","title":"auto[C_LWSP]","All Average Grd":"100%","All Cov":"1 / 1 (100%)","Score":"70","At Least":"1","Source":"        cp_wfi : coverpoint ins.asm {"}
,{"expanded":false,"Exclusion Rule Type":"None","UNR":"none","title":"auto[C_SWSP]","All Average Grd":"100%","All Cov":"1 / 1 (100%)","Score":"75","At Least":"1","Source":"        cp_wfi : coverpoint ins.asm {"}
,{"expanded":false,"Exclusion Rule Type":"None","UNR":"none","title":"auto[C_LW]","All Average Grd":"100%","All Cov":"1 / 1 (100%)","Score":"46","At Least":"1","Source":"        cp_wfi : coverpoint ins.asm {"}
,{"expanded":false,"Exclusion Rule Type":"None","UNR":"none","title":"auto[C_SW]","All Average Grd":"100%","All Cov":"1 / 1 (100%)","Score":"119","At Least":"1","Source":"        cp_wfi : coverpoint ins.asm {"}
,{"expanded":false,"Exclusion Rule Type":"None","UNR":"none","title":"auto[C_BEQZ]","All Average Grd":"100%","All Cov":"1 / 1 (100%)","Score":"16038","At Least":"1","Source":"        cp_wfi : coverpoint ins.asm {"}
,{"expanded":false,"Exclusion Rule Type":"None","UNR":"none","title":"auto[C_BNEZ]","All Average Grd":"100%","All Cov":"1 / 1 (100%)","Score":"14575","At Least":"1","Source":"        cp_wfi : coverpoint ins.asm {"}
,{"expanded":false,"Exclusion Rule Type":"None","UNR":"none","title":"auto[C_J]","All Average Grd":"100%","All Cov":"1 / 1 (100%)","Score":"242","At Least":"1","Source":"        cp_wfi : coverpoint ins.asm {"}
,{"expanded":false,"Exclusion Rule Type":"None","UNR":"none","title":"auto[C_JR]","All Average Grd":"100%","All Cov":"1 / 1 (100%)","Score":"164","At Least":"1","Source":"        cp_wfi : coverpoint ins.asm {"}
,{"expanded":false,"Exclusion Rule Type":"None","UNR":"none","title":"auto[C_JAL]","All Average Grd":"100%","All Cov":"1 / 1 (100%)","Score":"216","At Least":"1","Source":"        cp_wfi : coverpoint ins.asm {"}
,{"expanded":false,"Exclusion Rule Type":"None","UNR":"none","title":"auto[C_JALR]","All Average Grd":"100%","All Cov":"1 / 1 (100%)","Score":"103","At Least":"1","Source":"        cp_wfi : coverpoint ins.asm {"}
,{"expanded":false,"Exclusion Rule Type":"None","UNR":"none","title":"auto[C_LI]","All Average Grd":"100%","All Cov":"1 / 1 (100%)","Score":"15802","At Least":"1","Source":"        cp_wfi : coverpoint ins.asm {"}
,{"expanded":false,"Exclusion Rule Type":"None","UNR":"none","title":"auto[C_LUI]","All Average Grd":"100%","All Cov":"1 / 1 (100%)","Score":"13997","At Least":"1","Source":"        cp_wfi : coverpoint ins.asm {"}
,{"expanded":false,"Exclusion Rule Type":"None","UNR":"none","title":"auto[C_ADDI]","All Average Grd":"100%","All Cov":"1 / 1 (100%)","Score":"48987","At Least":"1","Source":"        cp_wfi : coverpoint ins.asm {"}
,{"expanded":false,"Exclusion Rule Type":"None","UNR":"none","title":"auto[C_ADDI16SP]","All Average Grd":"100%","All Cov":"1 / 1 (100%)","Score":"8756","At Least":"1","Source":"        cp_wfi : coverpoint ins.asm {"}
,{"expanded":false,"Exclusion Rule Type":"None","UNR":"none","title":"auto[C_ADDI4SPN]","All Average Grd":"100%","All Cov":"1 / 1 (100%)","Score":"8146","At Least":"1","Source":"        cp_wfi : coverpoint ins.asm {"}
,{"expanded":false,"Exclusion Rule Type":"None","UNR":"none","title":"auto[C_MV]","All Average Grd":"100%","All Cov":"1 / 1 (100%)","Score":"31708","At Least":"1","Source":"        cp_wfi : coverpoint ins.asm {"}
,{"expanded":false,"Exclusion Rule Type":"None","UNR":"none","title":"auto[C_SLLI]","All Average Grd":"100%","All Cov":"1 / 1 (100%)","Score":"10747","At Least":"1","Source":"        cp_wfi : coverpoint ins.asm {"}
,{"expanded":false,"Exclusion Rule Type":"None","UNR":"none","title":"auto[C_SRLI]","All Average Grd":"100%","All Cov":"1 / 1 (100%)","Score":"18185","At Least":"1","Source":"        cp_wfi : coverpoint ins.asm {"}
,{"expanded":false,"Exclusion Rule Type":"None","UNR":"none","title":"auto[C_SRAI]","All Average Grd":"100%","All Cov":"1 / 1 (100%)","Score":"6556","At Least":"1","Source":"        cp_wfi : coverpoint ins.asm {"}
,{"expanded":false,"Exclusion Rule Type":"None","UNR":"none","title":"auto[C_ANDI]","All Average Grd":"100%","All Cov":"1 / 1 (100%)","Score":"21181","At Least":"1","Source":"        cp_wfi : coverpoint ins.asm {"}
,{"expanded":false,"Exclusion Rule Type":"None","UNR":"none","title":"auto[C_ADD]","All Average Grd":"100%","All Cov":"1 / 1 (100%)","Score":"21219","At Least":"1","Source":"        cp_wfi : coverpoint ins.asm {"}
,{"expanded":false,"Exclusion Rule Type":"None","UNR":"none","title":"auto[C_AND]","All Average Grd":"100%","All Cov":"1 / 1 (100%)","Score":"10391","At Least":"1","Source":"        cp_wfi : coverpoint ins.asm {"}
,{"expanded":false,"Exclusion Rule Type":"None","UNR":"none","title":"auto[C_OR]","All Average Grd":"100%","All Cov":"1 / 1 (100%)","Score":"16138","At Least":"1","Source":"        cp_wfi : coverpoint ins.asm {"}
,{"expanded":false,"Exclusion Rule Type":"None","UNR":"none","title":"auto[C_XOR]","All Average Grd":"100%","All Cov":"1 / 1 (100%)","Score":"12763","At Least":"1","Source":"        cp_wfi : coverpoint ins.asm {"}
,{"expanded":false,"Exclusion Rule Type":"None","UNR":"none","title":"auto[C_SUB]","All Average Grd":"100%","All Cov":"1 / 1 (100%)","Score":"12240","At Least":"1","Source":"        cp_wfi : coverpoint ins.asm {"}
,{"expanded":false,"Exclusion Rule Type":"None","UNR":"none","title":"auto[C_EBREAK]","All Average Grd":"100%","All Cov":"1 / 1 (100%)","Score":"11257","At Least":"1","Source":"        cp_wfi : coverpoint ins.asm {"}
],"columns":""}
]}
,{"expanded":false,"Exclusion Rule Type":"None","UNR":"none","title":"cg_irq_exit","All Average Grd":"100%","All Cov":"82 / 82 (100%)","Enclosing Entity":"uvm_pkg.uvm_test_top.env.cov_model.interrupt_covg","Source":"    covergroup cg_irq_exit with function sample(ins_t ins);"
,"subitems":[{"expanded":false,"Exclusion Rule Type":"None","UNR":"none","title":"cp_irq","At Least":"1","All Average Grd":"100%","All Cov":"82 / 82 (100%)","Source":"        cp_irq : coverpoint ins.asm {"
,"subitems":[{"expanded":false,"Exclusion Rule Type":"None","UNR":"none","title":"auto[ADD]","All Average Grd":"100%","All Cov":"1 / 1 (100%)","Score":"503","At Least":"1","Source":"        cp_irq : coverpoint ins.asm {"}
,{"expanded":false,"Exclusion Rule Type":"None","UNR":"none","title":"auto[ADDI]","All Average Grd":"100%","All Cov":"1 / 1 (100%)","Score":"1843","At Least":"1","Source":"        cp_irq : coverpoint ins.asm {"}
,{"expanded":false,"Exclusion Rule Type":"None","UNR":"none","title":"auto[AND]","All Average Grd":"100%","All Cov":"1 / 1 (100%)","Score":"574","At Least":"1","Source":"        cp_irq : coverpoint ins.asm {"}
,{"expanded":false,"Exclusion Rule Type":"None","UNR":"none","title":"auto[ANDI]","All Average Grd":"100%","All Cov":"1 / 1 (100%)","Score":"487","At Least":"1","Source":"        cp_irq : coverpoint ins.asm {"}
,{"expanded":false,"Exclusion Rule Type":"None","UNR":"none","title":"auto[AUIPC]","All Average Grd":"100%","All Cov":"1 / 1 (100%)","Score":"853","At Least":"1","Source":"        cp_irq : coverpoint ins.asm {"}
,{"expanded":false,"Exclusion Rule Type":"None","UNR":"none","title":"auto[BEQ]","All Average Grd":"100%","All Cov":"1 / 1 (100%)","Score":"496","At Least":"1","Source":"        cp_irq : coverpoint ins.asm {"}
,{"expanded":false,"Exclusion Rule Type":"None","UNR":"none","title":"auto[BGE]","All Average Grd":"100%","All Cov":"1 / 1 (100%)","Score":"465","At Least":"1","Source":"        cp_irq : coverpoint ins.asm {"}
,{"expanded":false,"Exclusion Rule Type":"None","UNR":"none","title":"auto[BGEU]","All Average Grd":"100%","All Cov":"1 / 1 (100%)","Score":"368","At Least":"1","Source":"        cp_irq : coverpoint ins.asm {"}
,{"expanded":false,"Exclusion Rule Type":"None","UNR":"none","title":"auto[BLTU]","All Average Grd":"100%","All Cov":"1 / 1 (100%)","Score":"316","At Least":"1","Source":"        cp_irq : coverpoint ins.asm {"}
,{"expanded":false,"Exclusion Rule Type":"None","UNR":"none","title":"auto[BNE]","All Average Grd":"100%","All Cov":"1 / 1 (100%)","Score":"984","At Least":"1","Source":"        cp_irq : coverpoint ins.asm {"}
,{"expanded":false,"Exclusion Rule Type":"None","UNR":"none","title":"auto[BLT]","All Average Grd":"100%","All Cov":"1 / 1 (100%)","Score":"403","At Least":"1","Source":"        cp_irq : coverpoint ins.asm {"}
,{"expanded":false,"Exclusion Rule Type":"None","UNR":"none","title":"auto[FENCE]","All Average Grd":"100%","All Cov":"1 / 1 (100%)","Score":"499","At Least":"1","Source":"        cp_irq : coverpoint ins.asm {"}
,{"expanded":false,"Exclusion Rule Type":"None","UNR":"none","title":"auto[FENCE_I]","All Average Grd":"100%","All Cov":"1 / 1 (100%)","Score":"650","At Least":"1","Source":"        cp_irq : coverpoint ins.asm {"}
,{"expanded":false,"Exclusion Rule Type":"None","UNR":"none","title":"auto[EBREAK]","All Average Grd":"100%","All Cov":"1 / 1 (100%)","Score":"192","At Least":"1","Source":"        cp_irq : coverpoint ins.asm {"}
,{"expanded":false,"Exclusion Rule Type":"None","UNR":"none","title":"auto[ECALL]","All Average Grd":"100%","All Cov":"1 / 1 (100%)","Score":"3","At Least":"1","Source":"        cp_irq : coverpoint ins.asm {"}
,{"expanded":false,"Exclusion Rule Type":"None","UNR":"none","title":"auto[JAL]","All Average Grd":"100%","All Cov":"1 / 1 (100%)","Score":"148441","At Least":"1","Source":"        cp_irq : coverpoint ins.asm {"}
,{"expanded":false,"Exclusion Rule Type":"None","UNR":"none","title":"auto[JALR]","All Average Grd":"100%","All Cov":"1 / 1 (100%)","Score":"180","At Least":"1","Source":"        cp_irq : coverpoint ins.asm {"}
,{"expanded":false,"Exclusion Rule Type":"None","UNR":"none","title":"auto[LB]","All Average Grd":"100%","All Cov":"1 / 1 (100%)","Score":"1952","At Least":"1","Source":"        cp_irq : coverpoint ins.asm {"}
,{"expanded":false,"Exclusion Rule Type":"None","UNR":"none","title":"auto[LBU]","All Average Grd":"100%","All Cov":"1 / 1 (100%)","Score":"1696","At Least":"1","Source":"        cp_irq : coverpoint ins.asm {"}
,{"expanded":false,"Exclusion Rule Type":"None","UNR":"none","title":"auto[LH]","All Average Grd":"100%","All Cov":"1 / 1 (100%)","Score":"660","At Least":"1","Source":"        cp_irq : coverpoint ins.asm {"}
,{"expanded":false,"Exclusion Rule Type":"None","UNR":"none","title":"auto[LHU]","All Average Grd":"100%","All Cov":"1 / 1 (100%)","Score":"489","At Least":"1","Source":"        cp_irq : coverpoint ins.asm {"}
,{"expanded":false,"Exclusion Rule Type":"None","UNR":"none","title":"auto[LUI]","All Average Grd":"100%","All Cov":"1 / 1 (100%)","Score":"731","At Least":"1","Source":"        cp_irq : coverpoint ins.asm {"}
,{"expanded":false,"Exclusion Rule Type":"None","UNR":"none","title":"auto[LW]","All Average Grd":"100%","All Cov":"1 / 1 (100%)","Score":"374","At Least":"1","Source":"        cp_irq : coverpoint ins.asm {"}
,{"expanded":false,"Exclusion Rule Type":"None","UNR":"none","title":"auto[OR]","All Average Grd":"100%","All Cov":"1 / 1 (100%)","Score":"513","At Least":"1","Source":"        cp_irq : coverpoint ins.asm {"}
,{"expanded":false,"Exclusion Rule Type":"None","UNR":"none","title":"auto[ORI]","All Average Grd":"100%","All Cov":"1 / 1 (100%)","Score":"579","At Least":"1","Source":"        cp_irq : coverpoint ins.asm {"}
,{"expanded":false,"Exclusion Rule Type":"None","UNR":"none","title":"auto[SB]","All Average Grd":"100%","All Cov":"1 / 1 (100%)","Score":"1932","At Least":"1","Source":"        cp_irq : coverpoint ins.asm {"}
,{"expanded":false,"Exclusion Rule Type":"None","UNR":"none","title":"auto[SH]","All Average Grd":"100%","All Cov":"1 / 1 (100%)","Score":"519","At Least":"1","Source":"        cp_irq : coverpoint ins.asm {"}
,{"expanded":false,"Exclusion Rule Type":"None","UNR":"none","title":"auto[SLL]","All Average Grd":"100%","All Cov":"1 / 1 (100%)","Score":"516","At Least":"1","Source":"        cp_irq : coverpoint ins.asm {"}
,{"expanded":false,"Exclusion Rule Type":"None","UNR":"none","title":"auto[SLLI]","All Average Grd":"100%","All Cov":"1 / 1 (100%)","Score":"561","At Least":"1","Source":"        cp_irq : coverpoint ins.asm {"}
,{"expanded":false,"Exclusion Rule Type":"None","UNR":"none","title":"auto[SLT]","All Average Grd":"100%","All Cov":"1 / 1 (100%)","Score":"685","At Least":"1","Source":"        cp_irq : coverpoint ins.asm {"}
,{"expanded":false,"Exclusion Rule Type":"None","UNR":"none","title":"auto[SLTI]","All Average Grd":"100%","All Cov":"1 / 1 (100%)","Score":"599","At Least":"1","Source":"        cp_irq : coverpoint ins.asm {"}
,{"expanded":false,"Exclusion Rule Type":"None","UNR":"none","title":"auto[SLTIU]","All Average Grd":"100%","All Cov":"1 / 1 (100%)","Score":"656","At Least":"1","Source":"        cp_irq : coverpoint ins.asm {"}
,{"expanded":false,"Exclusion Rule Type":"None","UNR":"none","title":"auto[SLTU]","All Average Grd":"100%","All Cov":"1 / 1 (100%)","Score":"863","At Least":"1","Source":"        cp_irq : coverpoint ins.asm {"}
,{"expanded":false,"Exclusion Rule Type":"None","UNR":"none","title":"auto[SRA]","All Average Grd":"100%","All Cov":"1 / 1 (100%)","Score":"571","At Least":"1","Source":"        cp_irq : coverpoint ins.asm {"}
,{"expanded":false,"Exclusion Rule Type":"None","UNR":"none","title":"auto[SRAI]","All Average Grd":"100%","All Cov":"1 / 1 (100%)","Score":"518","At Least":"1","Source":"        cp_irq : coverpoint ins.asm {"}
,{"expanded":false,"Exclusion Rule Type":"None","UNR":"none","title":"auto[SRL]","All Average Grd":"100%","All Cov":"1 / 1 (100%)","Score":"473","At Least":"1","Source":"        cp_irq : coverpoint ins.asm {"}
,{"expanded":false,"Exclusion Rule Type":"None","UNR":"none","title":"auto[SRLI]","All Average Grd":"100%","All Cov":"1 / 1 (100%)","Score":"599","At Least":"1","Source":"        cp_irq : coverpoint ins.asm {"}
,{"expanded":false,"Exclusion Rule Type":"None","UNR":"none","title":"auto[SUB]","All Average Grd":"100%","All Cov":"1 / 1 (100%)","Score":"489","At Least":"1","Source":"        cp_irq : coverpoint ins.asm {"}
,{"expanded":false,"Exclusion Rule Type":"None","UNR":"none","title":"auto[SW]","All Average Grd":"100%","All Cov":"1 / 1 (100%)","Score":"385","At Least":"1","Source":"        cp_irq : coverpoint ins.asm {"}
,{"expanded":false,"Exclusion Rule Type":"None","UNR":"none","title":"auto[XOR]","All Average Grd":"100%","All Cov":"1 / 1 (100%)","Score":"547","At Least":"1","Source":"        cp_irq : coverpoint ins.asm {"}
,{"expanded":false,"Exclusion Rule Type":"None","UNR":"none","title":"auto[XORI]","All Average Grd":"100%","All Cov":"1 / 1 (100%)","Score":"595","At Least":"1","Source":"        cp_irq : coverpoint ins.asm {"}
,{"expanded":false,"Exclusion Rule Type":"None","UNR":"none","title":"auto[MUL]","All Average Grd":"100%","All Cov":"1 / 1 (100%)","Score":"433","At Least":"1","Source":"        cp_irq : coverpoint ins.asm {"}
,{"expanded":false,"Exclusion Rule Type":"None","UNR":"none","title":"auto[MULH]","All Average Grd":"100%","All Cov":"1 / 1 (100%)","Score":"816","At Least":"1","Source":"        cp_irq : coverpoint ins.asm {"}
,{"expanded":false,"Exclusion Rule Type":"None","UNR":"none","title":"auto[MULHU]","All Average Grd":"100%","All Cov":"1 / 1 (100%)","Score":"497","At Least":"1","Source":"        cp_irq : coverpoint ins.asm {"}
,{"expanded":false,"Exclusion Rule Type":"None","UNR":"none","title":"auto[MULHSU]","All Average Grd":"100%","All Cov":"1 / 1 (100%)","Score":"502","At Least":"1","Source":"        cp_irq : coverpoint ins.asm {"}
,{"expanded":false,"Exclusion Rule Type":"None","UNR":"none","title":"auto[DIV]","All Average Grd":"100%","All Cov":"1 / 1 (100%)","Score":"756","At Least":"1","Source":"        cp_irq : coverpoint ins.asm {"}
,{"expanded":false,"Exclusion Rule Type":"None","UNR":"none","title":"auto[REM]","All Average Grd":"100%","All Cov":"1 / 1 (100%)","Score":"613","At Least":"1","Source":"        cp_irq : coverpoint ins.asm {"}
,{"expanded":false,"Exclusion Rule Type":"None","UNR":"none","title":"auto[DIVU]","All Average Grd":"100%","All Cov":"1 / 1 (100%)","Score":"540","At Least":"1","Source":"        cp_irq : coverpoint ins.asm {"}
,{"expanded":false,"Exclusion Rule Type":"None","UNR":"none","title":"auto[REMU]","All Average Grd":"100%","All Cov":"1 / 1 (100%)","Score":"666","At Least":"1","Source":"        cp_irq : coverpoint ins.asm {"}
,{"expanded":false,"Exclusion Rule Type":"None","UNR":"none","title":"auto[WFI]","All Average Grd":"100%","All Cov":"1 / 1 (100%)","Score":"550","At Least":"1","Source":"        cp_irq : coverpoint ins.asm {"}
,{"expanded":false,"Exclusion Rule Type":"None","UNR":"none","title":"auto[CSRRW]","All Average Grd":"100%","All Cov":"1 / 1 (100%)","Score":"30990","At Least":"1","Source":"        cp_irq : coverpoint ins.asm {"}
,{"expanded":false,"Exclusion Rule Type":"None","UNR":"none","title":"auto[CSRRC]","All Average Grd":"100%","All Cov":"1 / 1 (100%)","Score":"374","At Least":"1","Source":"        cp_irq : coverpoint ins.asm {"}
,{"expanded":false,"Exclusion Rule Type":"None","UNR":"none","title":"auto[CSRRS]","All Average Grd":"100%","All Cov":"1 / 1 (100%)","Score":"17209","At Least":"1","Source":"        cp_irq : coverpoint ins.asm {"}
,{"expanded":false,"Exclusion Rule Type":"None","UNR":"none","title":"auto[CSRRCI]","All Average Grd":"100%","All Cov":"1 / 1 (100%)","Score":"387","At Least":"1","Source":"        cp_irq : coverpoint ins.asm {"}
,{"expanded":false,"Exclusion Rule Type":"None","UNR":"none","title":"auto[CSRRSI]","All Average Grd":"100%","All Cov":"1 / 1 (100%)","Score":"328","At Least":"1","Source":"        cp_irq : coverpoint ins.asm {"}
,{"expanded":false,"Exclusion Rule Type":"None","UNR":"none","title":"auto[CSRRWI]","All Average Grd":"100%","All Cov":"1 / 1 (100%)","Score":"349","At Least":"1","Source":"        cp_irq : coverpoint ins.asm {"}
,{"expanded":false,"Exclusion Rule Type":"None","UNR":"none","title":"auto[C_LWSP]","All Average Grd":"100%","All Cov":"1 / 1 (100%)","Score":"23","At Least":"1","Source":"        cp_irq : coverpoint ins.asm {"}
,{"expanded":false,"Exclusion Rule Type":"None","UNR":"none","title":"auto[C_SWSP]","All Average Grd":"100%","All Cov":"1 / 1 (100%)","Score":"23","At Least":"1","Source":"        cp_irq : coverpoint ins.asm {"}
,{"expanded":false,"Exclusion Rule Type":"None","UNR":"none","title":"auto[C_LW]","All Average Grd":"100%","All Cov":"1 / 1 (100%)","Score":"9","At Least":"1","Source":"        cp_irq : coverpoint ins.asm {"}
,{"expanded":false,"Exclusion Rule Type":"None","UNR":"none","title":"auto[C_SW]","All Average Grd":"100%","All Cov":"1 / 1 (100%)","Score":"7","At Least":"1","Source":"        cp_irq : coverpoint ins.asm {"}
,{"expanded":false,"Exclusion Rule Type":"None","UNR":"none","title":"auto[C_BEQZ]","All Average Grd":"100%","All Cov":"1 / 1 (100%)","Score":"301","At Least":"1","Source":"        cp_irq : coverpoint ins.asm {"}
,{"expanded":false,"Exclusion Rule Type":"None","UNR":"none","title":"auto[C_BNEZ]","All Average Grd":"100%","All Cov":"1 / 1 (100%)","Score":"593","At Least":"1","Source":"        cp_irq : coverpoint ins.asm {"}
,{"expanded":false,"Exclusion Rule Type":"None","UNR":"none","title":"auto[C_J]","All Average Grd":"100%","All Cov":"1 / 1 (100%)","Score":"263","At Least":"1","Source":"        cp_irq : coverpoint ins.asm {"}
,{"expanded":false,"Exclusion Rule Type":"None","UNR":"none","title":"auto[C_JR]","All Average Grd":"100%","All Cov":"1 / 1 (100%)","Score":"396","At Least":"1","Source":"        cp_irq : coverpoint ins.asm {"}
,{"expanded":false,"Exclusion Rule Type":"None","UNR":"none","title":"auto[C_JAL]","All Average Grd":"100%","All Cov":"1 / 1 (100%)","Score":"249","At Least":"1","Source":"        cp_irq : coverpoint ins.asm {"}
,{"expanded":false,"Exclusion Rule Type":"None","UNR":"none","title":"auto[C_JALR]","All Average Grd":"100%","All Cov":"1 / 1 (100%)","Score":"90","At Least":"1","Source":"        cp_irq : coverpoint ins.asm {"}
,{"expanded":false,"Exclusion Rule Type":"None","UNR":"none","title":"auto[C_LI]","All Average Grd":"100%","All Cov":"1 / 1 (100%)","Score":"474","At Least":"1","Source":"        cp_irq : coverpoint ins.asm {"}
,{"expanded":false,"Exclusion Rule Type":"None","UNR":"none","title":"auto[C_LUI]","All Average Grd":"100%","All Cov":"1 / 1 (100%)","Score":"611","At Least":"1","Source":"        cp_irq : coverpoint ins.asm {"}
,{"expanded":false,"Exclusion Rule Type":"None","UNR":"none","title":"auto[C_ADDI]","All Average Grd":"100%","All Cov":"1 / 1 (100%)","Score":"2271","At Least":"1","Source":"        cp_irq : coverpoint ins.asm {"}
,{"expanded":false,"Exclusion Rule Type":"None","UNR":"none","title":"auto[C_ADDI16SP]","All Average Grd":"100%","All Cov":"1 / 1 (100%)","Score":"528","At Least":"1","Source":"        cp_irq : coverpoint ins.asm {"}
,{"expanded":false,"Exclusion Rule Type":"None","UNR":"none","title":"auto[C_ADDI4SPN]","All Average Grd":"100%","All Cov":"1 / 1 (100%)","Score":"452","At Least":"1","Source":"        cp_irq : coverpoint ins.asm {"}
,{"expanded":false,"Exclusion Rule Type":"None","UNR":"none","title":"auto[C_MV]","All Average Grd":"100%","All Cov":"1 / 1 (100%)","Score":"650","At Least":"1","Source":"        cp_irq : coverpoint ins.asm {"}
,{"expanded":false,"Exclusion Rule Type":"None","UNR":"none","title":"auto[C_SLLI]","All Average Grd":"100%","All Cov":"1 / 1 (100%)","Score":"492","At Least":"1","Source":"        cp_irq : coverpoint ins.asm {"}
,{"expanded":false,"Exclusion Rule Type":"None","UNR":"none","title":"auto[C_SRLI]","All Average Grd":"100%","All Cov":"1 / 1 (100%)","Score":"528","At Least":"1","Source":"        cp_irq : coverpoint ins.asm {"}
,{"expanded":false,"Exclusion Rule Type":"None","UNR":"none","title":"auto[C_SRAI]","All Average Grd":"100%","All Cov":"1 / 1 (100%)","Score":"516","At Least":"1","Source":"        cp_irq : coverpoint ins.asm {"}
,{"expanded":false,"Exclusion Rule Type":"None","UNR":"none","title":"auto[C_ANDI]","All Average Grd":"100%","All Cov":"1 / 1 (100%)","Score":"590","At Least":"1","Source":"        cp_irq : coverpoint ins.asm {"}
,{"expanded":false,"Exclusion Rule Type":"None","UNR":"none","title":"auto[C_ADD]","All Average Grd":"100%","All Cov":"1 / 1 (100%)","Score":"499","At Least":"1","Source":"        cp_irq : coverpoint ins.asm {"}
,{"expanded":false,"Exclusion Rule Type":"None","UNR":"none","title":"auto[C_AND]","All Average Grd":"100%","All Cov":"1 / 1 (100%)","Score":"475","At Least":"1","Source":"        cp_irq : coverpoint ins.asm {"}
,{"expanded":false,"Exclusion Rule Type":"None","UNR":"none","title":"auto[C_OR]","All Average Grd":"100%","All Cov":"1 / 1 (100%)","Score":"591","At Least":"1","Source":"        cp_irq : coverpoint ins.asm {"}
,{"expanded":false,"Exclusion Rule Type":"None","UNR":"none","title":"auto[C_XOR]","All Average Grd":"100%","All Cov":"1 / 1 (100%)","Score":"577","At Least":"1","Source":"        cp_irq : coverpoint ins.asm {"}
,{"expanded":false,"Exclusion Rule Type":"None","UNR":"none","title":"auto[C_SUB]","All Average Grd":"100%","All Cov":"1 / 1 (100%)","Score":"662","At Least":"1","Source":"        cp_irq : coverpoint ins.asm {"}
,{"expanded":false,"Exclusion Rule Type":"None","UNR":"none","title":"auto[C_EBREAK]","All Average Grd":"100%","All Cov":"1 / 1 (100%)","Score":"156","At Least":"1","Source":"        cp_irq : coverpoint ins.asm {"}
],"columns":""}
]}
,{"expanded":false,"Exclusion Rule Type":"None","UNR":"none","title":"cg_wfi_exit","All Average Grd":"97.62%","All Cov":"82 / 84 (97.62%)","Enclosing Entity":"uvm_pkg.uvm_test_top.env.cov_model.interrupt_covg","Source":"    covergroup cg_wfi_exit with function sample(ins_t ins);"
,"subitems":[{"expanded":false,"Exclusion Rule Type":"None","UNR":"none","title":"cp_wfi","At Least":"1","All Average Grd":"97.62%","All Cov":"82 / 84 (97.62%)","Source":"        cp_wfi : coverpoint ins.asm {"
,"subitems":[{"expanded":false,"Exclusion Rule Type":"None","UNR":"none","title":"auto[ADD]","All Average Grd":"100%","All Cov":"1 / 1 (100%)","Score":"24360","At Least":"1","Source":"        cp_wfi : coverpoint ins.asm {"}
,{"expanded":false,"Exclusion Rule Type":"None","UNR":"none","title":"auto[ADDI]","All Average Grd":"100%","All Cov":"1 / 1 (100%)","Score":"10905","At Least":"1","Source":"        cp_wfi : coverpoint ins.asm {"}
,{"expanded":false,"Exclusion Rule Type":"None","UNR":"none","title":"auto[AND]","All Average Grd":"100%","All Cov":"1 / 1 (100%)","Score":"9667","At Least":"1","Source":"        cp_wfi : coverpoint ins.asm {"}
,{"expanded":false,"Exclusion Rule Type":"None","UNR":"none","title":"auto[ANDI]","All Average Grd":"100%","All Cov":"1 / 1 (100%)","Score":"17408","At Least":"1","Source":"        cp_wfi : coverpoint ins.asm {"}
,{"expanded":false,"Exclusion Rule Type":"None","UNR":"none","title":"auto[AUIPC]","All Average Grd":"100%","All Cov":"1 / 1 (100%)","Score":"9687","At Least":"1","Source":"        cp_wfi : coverpoint ins.asm {"}
,{"expanded":false,"Exclusion Rule Type":"None","UNR":"none","title":"auto[BEQ]","All Average Grd":"100%","All Cov":"1 / 1 (100%)","Score":"9154","At Least":"1","Source":"        cp_wfi : coverpoint ins.asm {"}
,{"expanded":false,"Exclusion Rule Type":"None","UNR":"none","title":"auto[BGE]","All Average Grd":"100%","All Cov":"1 / 1 (100%)","Score":"7260","At Least":"1","Source":"        cp_wfi : coverpoint ins.asm {"}
,{"expanded":false,"Exclusion Rule Type":"None","UNR":"none","title":"auto[BGEU]","All Average Grd":"100%","All Cov":"1 / 1 (100%)","Score":"11230","At Least":"1","Source":"        cp_wfi : coverpoint ins.asm {"}
,{"expanded":false,"Exclusion Rule Type":"None","UNR":"none","title":"auto[BLTU]","All Average Grd":"100%","All Cov":"1 / 1 (100%)","Score":"8821","At Least":"1","Source":"        cp_wfi : coverpoint ins.asm {"}
,{"expanded":false,"Exclusion Rule Type":"None","UNR":"none","title":"auto[BNE]","All Average Grd":"100%","All Cov":"1 / 1 (100%)","Score":"89001","At Least":"1","Source":"        cp_wfi : coverpoint ins.asm {"}
,{"expanded":false,"Exclusion Rule Type":"None","UNR":"none","title":"auto[BLT]","All Average Grd":"100%","All Cov":"1 / 1 (100%)","Score":"12445","At Least":"1","Source":"        cp_wfi : coverpoint ins.asm {"}
,{"expanded":false,"Exclusion Rule Type":"None","UNR":"none","title":"auto[FENCE]","All Average Grd":"100%","All Cov":"1 / 1 (100%)","Score":"7461","At Least":"1","Source":"        cp_wfi : coverpoint ins.asm {"}
,{"expanded":false,"Exclusion Rule Type":"None","UNR":"none","title":"auto[FENCE_I]","All Average Grd":"100%","All Cov":"1 / 1 (100%)","Score":"4029","At Least":"1","Source":"        cp_wfi : coverpoint ins.asm {"}
,{"expanded":false,"Exclusion Rule Type":"None","UNR":"none","title":"auto[EBREAK]","All Average Grd":"100%","All Cov":"1 / 1 (100%)","Score":"597","At Least":"1","Source":"        cp_wfi : coverpoint ins.asm {"}
,{"expanded":false,"Exclusion Rule Type":"None","UNR":"none","title":"auto[ECALL]","All Average Grd":"100%","All Cov":"1 / 1 (100%)","Score":"3","At Least":"1","Source":"        cp_wfi : coverpoint ins.asm {"}
,{"expanded":false,"Exclusion Rule Type":"None","UNR":"none","title":"auto[JAL]","All Average Grd":"100%","All Cov":"1 / 1 (100%)","Score":"13608","At Least":"1","Source":"        cp_wfi : coverpoint ins.asm {"}
,{"expanded":false,"Exclusion Rule Type":"None","UNR":"none","title":"auto[JALR]","All Average Grd":"100%","All Cov":"1 / 1 (100%)","Score":"125","At Least":"1","Source":"        cp_wfi : coverpoint ins.asm {"}
,{"expanded":false,"Exclusion Rule Type":"None","UNR":"none","title":"auto[LB]","All Average Grd":"100%","All Cov":"1 / 1 (100%)","Score":"791","At Least":"1","Source":"        cp_wfi : coverpoint ins.asm {"}
,{"expanded":false,"Exclusion Rule Type":"None","UNR":"none","title":"auto[LBU]","All Average Grd":"100%","All Cov":"1 / 1 (100%)","Score":"691","At Least":"1","Source":"        cp_wfi : coverpoint ins.asm {"}
,{"expanded":false,"Exclusion Rule Type":"None","UNR":"none","title":"auto[LH]","All Average Grd":"100%","All Cov":"1 / 1 (100%)","Score":"254","At Least":"1","Source":"        cp_wfi : coverpoint ins.asm {"}
,{"expanded":false,"Exclusion Rule Type":"None","UNR":"none","title":"auto[LHU]","All Average Grd":"100%","All Cov":"1 / 1 (100%)","Score":"139","At Least":"1","Source":"        cp_wfi : coverpoint ins.asm {"}
,{"expanded":false,"Exclusion Rule Type":"None","UNR":"none","title":"auto[LUI]","All Average Grd":"100%","All Cov":"1 / 1 (100%)","Score":"7227","At Least":"1","Source":"        cp_wfi : coverpoint ins.asm {"}
,{"expanded":false,"Exclusion Rule Type":"None","UNR":"none","title":"auto[LW]","All Average Grd":"100%","All Cov":"1 / 1 (100%)","Score":"12749","At Least":"1","Source":"        cp_wfi : coverpoint ins.asm {"}
,{"expanded":false,"Exclusion Rule Type":"None","UNR":"none","title":"auto[OR]","All Average Grd":"100%","All Cov":"1 / 1 (100%)","Score":"10333","At Least":"1","Source":"        cp_wfi : coverpoint ins.asm {"}
,{"expanded":false,"Exclusion Rule Type":"None","UNR":"none","title":"auto[ORI]","All Average Grd":"100%","All Cov":"1 / 1 (100%)","Score":"11311","At Least":"1","Source":"        cp_wfi : coverpoint ins.asm {"}
,{"expanded":false,"Exclusion Rule Type":"None","UNR":"none","title":"auto[SB]","All Average Grd":"100%","All Cov":"1 / 1 (100%)","Score":"731","At Least":"1","Source":"        cp_wfi : coverpoint ins.asm {"}
,{"expanded":false,"Exclusion Rule Type":"None","UNR":"none","title":"auto[SH]","All Average Grd":"100%","All Cov":"1 / 1 (100%)","Score":"252","At Least":"1","Source":"        cp_wfi : coverpoint ins.asm {"}
,{"expanded":false,"Exclusion Rule Type":"None","UNR":"none","title":"auto[SLL]","All Average Grd":"100%","All Cov":"1 / 1 (100%)","Score":"13557","At Least":"1","Source":"        cp_wfi : coverpoint ins.asm {"}
,{"expanded":false,"Exclusion Rule Type":"None","UNR":"none","title":"auto[SLLI]","All Average Grd":"100%","All Cov":"1 / 1 (100%)","Score":"13212","At Least":"1","Source":"        cp_wfi : coverpoint ins.asm {"}
,{"expanded":false,"Exclusion Rule Type":"None","UNR":"none","title":"auto[SLT]","All Average Grd":"100%","All Cov":"1 / 1 (100%)","Score":"11298","At Least":"1","Source":"        cp_wfi : coverpoint ins.asm {"}
,{"expanded":false,"Exclusion Rule Type":"None","UNR":"none","title":"auto[SLTI]","All Average Grd":"100%","All Cov":"1 / 1 (100%)","Score":"13224","At Least":"1","Source":"        cp_wfi : coverpoint ins.asm {"}
,{"expanded":false,"Exclusion Rule Type":"None","UNR":"none","title":"auto[SLTIU]","All Average Grd":"100%","All Cov":"1 / 1 (100%)","Score":"10248","At Least":"1","Source":"        cp_wfi : coverpoint ins.asm {"}
,{"expanded":false,"Exclusion Rule Type":"None","UNR":"none","title":"auto[SLTU]","All Average Grd":"100%","All Cov":"1 / 1 (100%)","Score":"12146","At Least":"1","Source":"        cp_wfi : coverpoint ins.asm {"}
,{"expanded":false,"Exclusion Rule Type":"None","UNR":"none","title":"auto[SRA]","All Average Grd":"100%","All Cov":"1 / 1 (100%)","Score":"10376","At Least":"1","Source":"        cp_wfi : coverpoint ins.asm {"}
,{"expanded":false,"Exclusion Rule Type":"None","UNR":"none","title":"auto[SRAI]","All Average Grd":"100%","All Cov":"1 / 1 (100%)","Score":"8508","At Least":"1","Source":"        cp_wfi : coverpoint ins.asm {"}
,{"expanded":false,"Exclusion Rule Type":"None","UNR":"none","title":"auto[SRL]","All Average Grd":"100%","All Cov":"1 / 1 (100%)","Score":"7464","At Least":"1","Source":"        cp_wfi : coverpoint ins.asm {"}
,{"expanded":false,"Exclusion Rule Type":"None","UNR":"none","title":"auto[SRLI]","All Average Grd":"100%","All Cov":"1 / 1 (100%)","Score":"4914","At Least":"1","Source":"        cp_wfi : coverpoint ins.asm {"}
,{"expanded":false,"Exclusion Rule Type":"None","UNR":"none","title":"auto[SUB]","All Average Grd":"100%","All Cov":"1 / 1 (100%)","Score":"8341","At Least":"1","Source":"        cp_wfi : coverpoint ins.asm {"}
,{"expanded":false,"Exclusion Rule Type":"None","UNR":"none","title":"auto[SW]","All Average Grd":"100%","All Cov":"1 / 1 (100%)","Score":"141","At Least":"1","Source":"        cp_wfi : coverpoint ins.asm {"}
,{"expanded":false,"Exclusion Rule Type":"None","UNR":"none","title":"auto[XOR]","All Average Grd":"100%","All Cov":"1 / 1 (100%)","Score":"10471","At Least":"1","Source":"        cp_wfi : coverpoint ins.asm {"}
,{"expanded":false,"Exclusion Rule Type":"None","UNR":"none","title":"auto[XORI]","All Average Grd":"100%","All Cov":"1 / 1 (100%)","Score":"8074","At Least":"1","Source":"        cp_wfi : coverpoint ins.asm {"}
,{"expanded":false,"Exclusion Rule Type":"None","UNR":"none","title":"auto[MUL]","All Average Grd":"100%","All Cov":"1 / 1 (100%)","Score":"18479","At Least":"1","Source":"        cp_wfi : coverpoint ins.asm {"}
,{"expanded":false,"Exclusion Rule Type":"None","UNR":"none","title":"auto[MULH]","All Average Grd":"100%","All Cov":"1 / 1 (100%)","Score":"19426","At Least":"1","Source":"        cp_wfi : coverpoint ins.asm {"}
,{"expanded":false,"Exclusion Rule Type":"None","UNR":"none","title":"auto[MULHU]","All Average Grd":"100%","All Cov":"1 / 1 (100%)","Score":"5452","At Least":"1","Source":"        cp_wfi : coverpoint ins.asm {"}
,{"expanded":false,"Exclusion Rule Type":"None","UNR":"none","title":"auto[MULHSU]","All Average Grd":"100%","All Cov":"1 / 1 (100%)","Score":"5847","At Least":"1","Source":"        cp_wfi : coverpoint ins.asm {"}
,{"expanded":false,"Exclusion Rule Type":"None","UNR":"none","title":"auto[DIV]","All Average Grd":"100%","All Cov":"1 / 1 (100%)","Score":"9165","At Least":"1","Source":"        cp_wfi : coverpoint ins.asm {"}
,{"expanded":false,"Exclusion Rule Type":"None","UNR":"none","title":"auto[REM]","All Average Grd":"100%","All Cov":"1 / 1 (100%)","Score":"6296","At Least":"1","Source":"        cp_wfi : coverpoint ins.asm {"}
,{"expanded":false,"Exclusion Rule Type":"None","UNR":"none","title":"auto[DIVU]","All Average Grd":"100%","All Cov":"1 / 1 (100%)","Score":"6959","At Least":"1","Source":"        cp_wfi : coverpoint ins.asm {"}
,{"expanded":false,"Exclusion Rule Type":"None","UNR":"none","title":"auto[REMU]","All Average Grd":"100%","All Cov":"1 / 1 (100%)","Score":"21271","At Least":"1","Source":"        cp_wfi : coverpoint ins.asm {"}
,{"expanded":false,"Exclusion Rule Type":"None","UNR":"none","title":"auto[WFI]","All Average Grd":"100%","All Cov":"1 / 1 (100%)","Score":"17708","At Least":"1","Source":"        cp_wfi : coverpoint ins.asm {"}
,{"expanded":false,"Exclusion Rule Type":"None","UNR":"none","title":"auto[MRET]","All Average Grd":"100%","All Cov":"1 / 1 (100%)","Score":"20458","At Least":"1","Source":"        cp_wfi : coverpoint ins.asm {"}
,{"expanded":false,"Exclusion Rule Type":"None","UNR":"none","title":"auto[DRET]","All Average Grd":"100%","All Cov":"1 / 1 (100%)","Score":"72606","At Least":"1","Source":"        cp_wfi : coverpoint ins.asm {"}
,{"expanded":false,"Exclusion Rule Type":"None","UNR":"none","title":"auto[CSRRW]","All Average Grd":"100%","All Cov":"1 / 1 (100%)","Score":"3093","At Least":"1","Source":"        cp_wfi : coverpoint ins.asm {"}
,{"expanded":false,"Exclusion Rule Type":"None","UNR":"none","title":"auto[CSRRC]","All Average Grd":"100%","All Cov":"1 / 1 (100%)","Score":"181","At Least":"1","Source":"        cp_wfi : coverpoint ins.asm {"}
,{"expanded":false,"Exclusion Rule Type":"None","UNR":"none","title":"auto[CSRRS]","All Average Grd":"100%","All Cov":"1 / 1 (100%)","Score":"159","At Least":"1","Source":"        cp_wfi : coverpoint ins.asm {"}
,{"expanded":false,"Exclusion Rule Type":"None","UNR":"none","title":"auto[CSRRCI]","All Average Grd":"100%","All Cov":"1 / 1 (100%)","Score":"133","At Least":"1","Source":"        cp_wfi : coverpoint ins.asm {"}
,{"expanded":false,"Exclusion Rule Type":"None","UNR":"none","title":"auto[CSRRSI]","All Average Grd":"100%","All Cov":"1 / 1 (100%)","Score":"110","At Least":"1","Source":"        cp_wfi : coverpoint ins.asm {"}
,{"expanded":false,"Exclusion Rule Type":"None","UNR":"none","title":"auto[CSRRWI]","All Average Grd":"100%","All Cov":"1 / 1 (100%)","Score":"118","At Least":"1","Source":"        cp_wfi : coverpoint ins.asm {"}
,{"expanded":false,"Exclusion Rule Type":"None","UNR":"none","title":"auto[C_LWSP]","All Average Grd":"100%","All Cov":"1 / 1 (100%)","Score":"14","At Least":"1","Source":"        cp_wfi : coverpoint ins.asm {"}
,{"expanded":false,"Exclusion Rule Type":"None","UNR":"none","title":"auto[C_SWSP]","All Average Grd":"100%","All Cov":"1 / 1 (100%)","Score":"97","At Least":"1","Source":"        cp_wfi : coverpoint ins.asm {"}
,{"expanded":false,"Exclusion Rule Type":"None","UNR":"none","title":"auto[C_LW]","All Average Grd":"0%","All Cov":"0 / 1 (0%)","Score":"0","At Least":"1","Source":"        cp_wfi : coverpoint ins.asm {"}
,{"expanded":false,"Exclusion Rule Type":"None","UNR":"none","title":"auto[C_SW]","All Average Grd":"0%","All Cov":"0 / 1 (0%)","Score":"0","At Least":"1","Source":"        cp_wfi : coverpoint ins.asm {"}
,{"expanded":false,"Exclusion Rule Type":"None","UNR":"none","title":"auto[C_BEQZ]","All Average Grd":"100%","All Cov":"1 / 1 (100%)","Score":"10906","At Least":"1","Source":"        cp_wfi : coverpoint ins.asm {"}
,{"expanded":false,"Exclusion Rule Type":"None","UNR":"none","title":"auto[C_BNEZ]","All Average Grd":"100%","All Cov":"1 / 1 (100%)","Score":"29062","At Least":"1","Source":"        cp_wfi : coverpoint ins.asm {"}
,{"expanded":false,"Exclusion Rule Type":"None","UNR":"none","title":"auto[C_J]","All Average Grd":"100%","All Cov":"1 / 1 (100%)","Score":"90","At Least":"1","Source":"        cp_wfi : coverpoint ins.asm {"}
,{"expanded":false,"Exclusion Rule Type":"None","UNR":"none","title":"auto[C_JR]","All Average Grd":"100%","All Cov":"1 / 1 (100%)","Score":"28","At Least":"1","Source":"        cp_wfi : coverpoint ins.asm {"}
,{"expanded":false,"Exclusion Rule Type":"None","UNR":"none","title":"auto[C_JAL]","All Average Grd":"100%","All Cov":"1 / 1 (100%)","Score":"84","At Least":"1","Source":"        cp_wfi : coverpoint ins.asm {"}
,{"expanded":false,"Exclusion Rule Type":"None","UNR":"none","title":"auto[C_JALR]","All Average Grd":"100%","All Cov":"1 / 1 (100%)","Score":"25","At Least":"1","Source":"        cp_wfi : coverpoint ins.asm {"}
,{"expanded":false,"Exclusion Rule Type":"None","UNR":"none","title":"auto[C_LI]","All Average Grd":"100%","All Cov":"1 / 1 (100%)","Score":"9410","At Least":"1","Source":"        cp_wfi : coverpoint ins.asm {"}
,{"expanded":false,"Exclusion Rule Type":"None","UNR":"none","title":"auto[C_LUI]","All Average Grd":"100%","All Cov":"1 / 1 (100%)","Score":"18256","At Least":"1","Source":"        cp_wfi : coverpoint ins.asm {"}
,{"expanded":false,"Exclusion Rule Type":"None","UNR":"none","title":"auto[C_ADDI]","All Average Grd":"100%","All Cov":"1 / 1 (100%)","Score":"60311","At Least":"1","Source":"        cp_wfi : coverpoint ins.asm {"}
,{"expanded":false,"Exclusion Rule Type":"None","UNR":"none","title":"auto[C_ADDI16SP]","All Average Grd":"100%","All Cov":"1 / 1 (100%)","Score":"12293","At Least":"1","Source":"        cp_wfi : coverpoint ins.asm {"}
,{"expanded":false,"Exclusion Rule Type":"None","UNR":"none","title":"auto[C_ADDI4SPN]","All Average Grd":"100%","All Cov":"1 / 1 (100%)","Score":"21389","At Least":"1","Source":"        cp_wfi : coverpoint ins.asm {"}
,{"expanded":false,"Exclusion Rule Type":"None","UNR":"none","title":"auto[C_MV]","All Average Grd":"100%","All Cov":"1 / 1 (100%)","Score":"12706","At Least":"1","Source":"        cp_wfi : coverpoint ins.asm {"}
,{"expanded":false,"Exclusion Rule Type":"None","UNR":"none","title":"auto[C_SLLI]","All Average Grd":"100%","All Cov":"1 / 1 (100%)","Score":"18216","At Least":"1","Source":"        cp_wfi : coverpoint ins.asm {"}
,{"expanded":false,"Exclusion Rule Type":"None","UNR":"none","title":"auto[C_SRLI]","All Average Grd":"100%","All Cov":"1 / 1 (100%)","Score":"11661","At Least":"1","Source":"        cp_wfi : coverpoint ins.asm {"}
,{"expanded":false,"Exclusion Rule Type":"None","UNR":"none","title":"auto[C_SRAI]","All Average Grd":"100%","All Cov":"1 / 1 (100%)","Score":"6252","At Least":"1","Source":"        cp_wfi : coverpoint ins.asm {"}
,{"expanded":false,"Exclusion Rule Type":"None","UNR":"none","title":"auto[C_ANDI]","All Average Grd":"100%","All Cov":"1 / 1 (100%)","Score":"7381","At Least":"1","Source":"        cp_wfi : coverpoint ins.asm {"}
,{"expanded":false,"Exclusion Rule Type":"None","UNR":"none","title":"auto[C_ADD]","All Average Grd":"100%","All Cov":"1 / 1 (100%)","Score":"10696","At Least":"1","Source":"        cp_wfi : coverpoint ins.asm {"}
,{"expanded":false,"Exclusion Rule Type":"None","UNR":"none","title":"auto[C_AND]","All Average Grd":"100%","All Cov":"1 / 1 (100%)","Score":"5838","At Least":"1","Source":"        cp_wfi : coverpoint ins.asm {"}
,{"expanded":false,"Exclusion Rule Type":"None","UNR":"none","title":"auto[C_OR]","All Average Grd":"100%","All Cov":"1 / 1 (100%)","Score":"16825","At Least":"1","Source":"        cp_wfi : coverpoint ins.asm {"}
,{"expanded":false,"Exclusion Rule Type":"None","UNR":"none","title":"auto[C_XOR]","All Average Grd":"100%","All Cov":"1 / 1 (100%)","Score":"15355","At Least":"1","Source":"        cp_wfi : coverpoint ins.asm {"}
,{"expanded":false,"Exclusion Rule Type":"None","UNR":"none","title":"auto[C_SUB]","All Average Grd":"100%","All Cov":"1 / 1 (100%)","Score":"22269","At Least":"1","Source":"        cp_wfi : coverpoint ins.asm {"}
,{"expanded":false,"Exclusion Rule Type":"None","UNR":"none","title":"auto[C_EBREAK]","All Average Grd":"100%","All Cov":"1 / 1 (100%)","Score":"253","At Least":"1","Source":"        cp_wfi : coverpoint ins.asm {"}
],"columns":""}
]}
]
}
