{
"block_items":[]
,"expression_items":[{"expanded":false,"expanded":false,"Exclusion Rule Type":"None","Index":"7","All Average Grd":"83.33%","All Cov":"5 / 6 (83.33%)","Src Start Line":"178","Enclosing Entity":"uvmt_cv32_tb.dut_wrap.cv32e40p_wrapper_i.core_i.ex_stage_i.alu_i","Source":"                               (operator_i == ALU_ADDUR) || (operator_i == ALU_SUBUR)) ?"
,"subitems":[{"expanded":false,"expanded":false,"Exclusion Rule Type":"None","Index":"1","All Average Grd":"50%","All Cov":"1 / 2 (50%)","Source":"                               (operator_i == ALU_ADDUR) || (operator_i == ALU_SUBUR)) ?","table_type":"cov"
,"subitems":[{"title":"-;-;-;1;1","expanded":false,"Exclusion Rule Type":"Analysis Time","UNR":"none","Score":"0","Out":"1","excluded":"1"}
,{"title":"-;-;1;-;1","expanded":false,"Exclusion Rule Type":"Analysis Time","UNR":"none","Score":"0","Out":"1","excluded":"1"}
,{"title":"-;1;-;-;1","expanded":false,"Exclusion Rule Type":"Analysis Time","UNR":"none","Score":"0","Out":"1","excluded":"1"}
,{"title":"1;-;-;-;1","expanded":false,"Exclusion Rule Type":"Analysis Time","UNR":"none","Score":"0","Out":"1","excluded":"1"}
,{"title":"-;-;-;-;0","expanded":false,"Exclusion Rule Type":"None","UNR":"none","Score":"0","Out":"0"}
,{"title":"0;0;0;0;-","expanded":false,"Exclusion Rule Type":"None","UNR":"none","Score":"1","Out":"0"}
],"cov_table_title":"Coverage Table with Output","header":"((((operator_i == ALU_ADDR) || (operator_i == ALU_SUBR)) || (operator_i == ALU_ADDUR)) || (operator_i == ALU_SUBUR)) ? {1'b0,bmask[31:1]} : '0","columns":"(operator_i == ALU_ADDR);(operator_i == ALU_SUBR);(operator_i == ALU_ADDUR);(operator_i == ALU_SUBUR);{1'b0,bmask[31:1]}"}
]}
]}
