{"cover_group_items"
:[{"expanded":false,"Exclusion Rule Type":"None","UNR":"none","title":"cg_irq_entry","All Average Grd":"100%","All Cov":"81 / 81 (100%)","Enclosing Entity":"uvm_pkg.uvm_test_top.env.cov_model.interrupt_covg","Source":"    covergroup cg_irq_entry with function sample(ins_t ins);"
,"subitems":[{"expanded":false,"Exclusion Rule Type":"None","UNR":"none","title":"cp_irq","At Least":"1","All Average Grd":"100%","All Cov":"81 / 81 (100%)","Source":"        cp_irq : coverpoint ins.asm {"
,"subitems":[{"expanded":false,"Exclusion Rule Type":"None","UNR":"none","title":"auto[ADD]","All Average Grd":"100%","All Cov":"1 / 1 (100%)","Score":"419","At Least":"1","Source":"        cp_irq : coverpoint ins.asm {"}
,{"expanded":false,"Exclusion Rule Type":"None","UNR":"none","title":"auto[ADDI]","All Average Grd":"100%","All Cov":"1 / 1 (100%)","Score":"2356","At Least":"1","Source":"        cp_irq : coverpoint ins.asm {"}
,{"expanded":false,"Exclusion Rule Type":"None","UNR":"none","title":"auto[AND]","All Average Grd":"100%","All Cov":"1 / 1 (100%)","Score":"443","At Least":"1","Source":"        cp_irq : coverpoint ins.asm {"}
,{"expanded":false,"Exclusion Rule Type":"None","UNR":"none","title":"auto[ANDI]","All Average Grd":"100%","All Cov":"1 / 1 (100%)","Score":"449","At Least":"1","Source":"        cp_irq : coverpoint ins.asm {"}
,{"expanded":false,"Exclusion Rule Type":"None","UNR":"none","title":"auto[AUIPC]","All Average Grd":"100%","All Cov":"1 / 1 (100%)","Score":"2244","At Least":"1","Source":"        cp_irq : coverpoint ins.asm {"}
,{"expanded":false,"Exclusion Rule Type":"None","UNR":"none","title":"auto[BEQ]","All Average Grd":"100%","All Cov":"1 / 1 (100%)","Score":"574","At Least":"1","Source":"        cp_irq : coverpoint ins.asm {"}
,{"expanded":false,"Exclusion Rule Type":"None","UNR":"none","title":"auto[BGE]","All Average Grd":"100%","All Cov":"1 / 1 (100%)","Score":"961","At Least":"1","Source":"        cp_irq : coverpoint ins.asm {"}
,{"expanded":false,"Exclusion Rule Type":"None","UNR":"none","title":"auto[BGEU]","All Average Grd":"100%","All Cov":"1 / 1 (100%)","Score":"909","At Least":"1","Source":"        cp_irq : coverpoint ins.asm {"}
,{"expanded":false,"Exclusion Rule Type":"None","UNR":"none","title":"auto[BLTU]","All Average Grd":"100%","All Cov":"1 / 1 (100%)","Score":"842","At Least":"1","Source":"        cp_irq : coverpoint ins.asm {"}
,{"expanded":false,"Exclusion Rule Type":"None","UNR":"none","title":"auto[BNE]","All Average Grd":"100%","All Cov":"1 / 1 (100%)","Score":"1178","At Least":"1","Source":"        cp_irq : coverpoint ins.asm {"}
,{"expanded":false,"Exclusion Rule Type":"None","UNR":"none","title":"auto[BLT]","All Average Grd":"100%","All Cov":"1 / 1 (100%)","Score":"800","At Least":"1","Source":"        cp_irq : coverpoint ins.asm {"}
,{"expanded":false,"Exclusion Rule Type":"None","UNR":"none","title":"auto[FENCE]","All Average Grd":"100%","All Cov":"1 / 1 (100%)","Score":"1759","At Least":"1","Source":"        cp_irq : coverpoint ins.asm {"}
,{"expanded":false,"Exclusion Rule Type":"None","UNR":"none","title":"auto[FENCE_I]","All Average Grd":"100%","All Cov":"1 / 1 (100%)","Score":"1762","At Least":"1","Source":"        cp_irq : coverpoint ins.asm {"}
,{"expanded":false,"Exclusion Rule Type":"None","UNR":"none","title":"auto[JAL]","All Average Grd":"100%","All Cov":"1 / 1 (100%)","Score":"139","At Least":"1","Source":"        cp_irq : coverpoint ins.asm {"}
,{"expanded":false,"Exclusion Rule Type":"None","UNR":"none","title":"auto[JALR]","All Average Grd":"100%","All Cov":"1 / 1 (100%)","Score":"210","At Least":"1","Source":"        cp_irq : coverpoint ins.asm {"}
,{"expanded":false,"Exclusion Rule Type":"None","UNR":"none","title":"auto[LB]","All Average Grd":"100%","All Cov":"1 / 1 (100%)","Score":"5621","At Least":"1","Source":"        cp_irq : coverpoint ins.asm {"}
,{"expanded":false,"Exclusion Rule Type":"None","UNR":"none","title":"auto[LBU]","All Average Grd":"100%","All Cov":"1 / 1 (100%)","Score":"5871","At Least":"1","Source":"        cp_irq : coverpoint ins.asm {"}
,{"expanded":false,"Exclusion Rule Type":"None","UNR":"none","title":"auto[LH]","All Average Grd":"100%","All Cov":"1 / 1 (100%)","Score":"1639","At Least":"1","Source":"        cp_irq : coverpoint ins.asm {"}
,{"expanded":false,"Exclusion Rule Type":"None","UNR":"none","title":"auto[LHU]","All Average Grd":"100%","All Cov":"1 / 1 (100%)","Score":"1644","At Least":"1","Source":"        cp_irq : coverpoint ins.asm {"}
,{"expanded":false,"Exclusion Rule Type":"None","UNR":"none","title":"auto[LUI]","All Average Grd":"100%","All Cov":"1 / 1 (100%)","Score":"564","At Least":"1","Source":"        cp_irq : coverpoint ins.asm {"}
,{"expanded":false,"Exclusion Rule Type":"None","UNR":"none","title":"auto[LW]","All Average Grd":"100%","All Cov":"1 / 1 (100%)","Score":"687","At Least":"1","Source":"        cp_irq : coverpoint ins.asm {"}
,{"expanded":false,"Exclusion Rule Type":"None","UNR":"none","title":"auto[OR]","All Average Grd":"100%","All Cov":"1 / 1 (100%)","Score":"425","At Least":"1","Source":"        cp_irq : coverpoint ins.asm {"}
,{"expanded":false,"Exclusion Rule Type":"None","UNR":"none","title":"auto[ORI]","All Average Grd":"100%","All Cov":"1 / 1 (100%)","Score":"432","At Least":"1","Source":"        cp_irq : coverpoint ins.asm {"}
,{"expanded":false,"Exclusion Rule Type":"None","UNR":"none","title":"auto[SB]","All Average Grd":"100%","All Cov":"1 / 1 (100%)","Score":"5675","At Least":"1","Source":"        cp_irq : coverpoint ins.asm {"}
,{"expanded":false,"Exclusion Rule Type":"None","UNR":"none","title":"auto[SH]","All Average Grd":"100%","All Cov":"1 / 1 (100%)","Score":"1612","At Least":"1","Source":"        cp_irq : coverpoint ins.asm {"}
,{"expanded":false,"Exclusion Rule Type":"None","UNR":"none","title":"auto[SLL]","All Average Grd":"100%","All Cov":"1 / 1 (100%)","Score":"458","At Least":"1","Source":"        cp_irq : coverpoint ins.asm {"}
,{"expanded":false,"Exclusion Rule Type":"None","UNR":"none","title":"auto[SLLI]","All Average Grd":"100%","All Cov":"1 / 1 (100%)","Score":"436","At Least":"1","Source":"        cp_irq : coverpoint ins.asm {"}
,{"expanded":false,"Exclusion Rule Type":"None","UNR":"none","title":"auto[SLT]","All Average Grd":"100%","All Cov":"1 / 1 (100%)","Score":"476","At Least":"1","Source":"        cp_irq : coverpoint ins.asm {"}
,{"expanded":false,"Exclusion Rule Type":"None","UNR":"none","title":"auto[SLTI]","All Average Grd":"100%","All Cov":"1 / 1 (100%)","Score":"513","At Least":"1","Source":"        cp_irq : coverpoint ins.asm {"}
,{"expanded":false,"Exclusion Rule Type":"None","UNR":"none","title":"auto[SLTIU]","All Average Grd":"100%","All Cov":"1 / 1 (100%)","Score":"433","At Least":"1","Source":"        cp_irq : coverpoint ins.asm {"}
,{"expanded":false,"Exclusion Rule Type":"None","UNR":"none","title":"auto[SLTU]","All Average Grd":"100%","All Cov":"1 / 1 (100%)","Score":"460","At Least":"1","Source":"        cp_irq : coverpoint ins.asm {"}
,{"expanded":false,"Exclusion Rule Type":"None","UNR":"none","title":"auto[SRA]","All Average Grd":"100%","All Cov":"1 / 1 (100%)","Score":"494","At Least":"1","Source":"        cp_irq : coverpoint ins.asm {"}
,{"expanded":false,"Exclusion Rule Type":"None","UNR":"none","title":"auto[SRAI]","All Average Grd":"100%","All Cov":"1 / 1 (100%)","Score":"454","At Least":"1","Source":"        cp_irq : coverpoint ins.asm {"}
,{"expanded":false,"Exclusion Rule Type":"None","UNR":"none","title":"auto[SRL]","All Average Grd":"100%","All Cov":"1 / 1 (100%)","Score":"459","At Least":"1","Source":"        cp_irq : coverpoint ins.asm {"}
,{"expanded":false,"Exclusion Rule Type":"None","UNR":"none","title":"auto[SRLI]","All Average Grd":"100%","All Cov":"1 / 1 (100%)","Score":"433","At Least":"1","Source":"        cp_irq : coverpoint ins.asm {"}
,{"expanded":false,"Exclusion Rule Type":"None","UNR":"none","title":"auto[SUB]","All Average Grd":"100%","All Cov":"1 / 1 (100%)","Score":"489","At Least":"1","Source":"        cp_irq : coverpoint ins.asm {"}
,{"expanded":false,"Exclusion Rule Type":"None","UNR":"none","title":"auto[SW]","All Average Grd":"100%","All Cov":"1 / 1 (100%)","Score":"602","At Least":"1","Source":"        cp_irq : coverpoint ins.asm {"}
,{"expanded":false,"Exclusion Rule Type":"None","UNR":"none","title":"auto[XOR]","All Average Grd":"100%","All Cov":"1 / 1 (100%)","Score":"450","At Least":"1","Source":"        cp_irq : coverpoint ins.asm {"}
,{"expanded":false,"Exclusion Rule Type":"None","UNR":"none","title":"auto[XORI]","All Average Grd":"100%","All Cov":"1 / 1 (100%)","Score":"463","At Least":"1","Source":"        cp_irq : coverpoint ins.asm {"}
,{"expanded":false,"Exclusion Rule Type":"None","UNR":"none","title":"auto[MUL]","All Average Grd":"100%","All Cov":"1 / 1 (100%)","Score":"441","At Least":"1","Source":"        cp_irq : coverpoint ins.asm {"}
,{"expanded":false,"Exclusion Rule Type":"None","UNR":"none","title":"auto[MULH]","All Average Grd":"100%","All Cov":"1 / 1 (100%)","Score":"1820","At Least":"1","Source":"        cp_irq : coverpoint ins.asm {"}
,{"expanded":false,"Exclusion Rule Type":"None","UNR":"none","title":"auto[MULHU]","All Average Grd":"100%","All Cov":"1 / 1 (100%)","Score":"1808","At Least":"1","Source":"        cp_irq : coverpoint ins.asm {"}
,{"expanded":false,"Exclusion Rule Type":"None","UNR":"none","title":"auto[MULHSU]","All Average Grd":"100%","All Cov":"1 / 1 (100%)","Score":"1793","At Least":"1","Source":"        cp_irq : coverpoint ins.asm {"}
,{"expanded":false,"Exclusion Rule Type":"None","UNR":"none","title":"auto[DIV]","All Average Grd":"100%","All Cov":"1 / 1 (100%)","Score":"7408","At Least":"1","Source":"        cp_irq : coverpoint ins.asm {"}
,{"expanded":false,"Exclusion Rule Type":"None","UNR":"none","title":"auto[REM]","All Average Grd":"100%","All Cov":"1 / 1 (100%)","Score":"7500","At Least":"1","Source":"        cp_irq : coverpoint ins.asm {"}
,{"expanded":false,"Exclusion Rule Type":"None","UNR":"none","title":"auto[DIVU]","All Average Grd":"100%","All Cov":"1 / 1 (100%)","Score":"6626","At Least":"1","Source":"        cp_irq : coverpoint ins.asm {"}
,{"expanded":false,"Exclusion Rule Type":"None","UNR":"none","title":"auto[REMU]","All Average Grd":"100%","All Cov":"1 / 1 (100%)","Score":"6426","At Least":"1","Source":"        cp_irq : coverpoint ins.asm {"}
,{"expanded":false,"Exclusion Rule Type":"None","UNR":"none","title":"auto[WFI]","All Average Grd":"100%","All Cov":"1 / 1 (100%)","Score":"407572","At Least":"1","Source":"        cp_irq : coverpoint ins.asm {"}
,{"expanded":false,"Exclusion Rule Type":"None","UNR":"none","title":"auto[MRET]","All Average Grd":"100%","All Cov":"1 / 1 (100%)","Score":"1861055","At Least":"1","Source":"        cp_irq : coverpoint ins.asm {"}
,{"expanded":false,"Exclusion Rule Type":"None","UNR":"none","title":"auto[DRET]","All Average Grd":"100%","All Cov":"1 / 1 (100%)","Score":"9901","At Least":"1","Source":"        cp_irq : coverpoint ins.asm {"}
,{"expanded":false,"Exclusion Rule Type":"None","UNR":"none","title":"auto[CSRRW]","All Average Grd":"100%","All Cov":"1 / 1 (100%)","Score":"10626","At Least":"1","Source":"        cp_irq : coverpoint ins.asm {"}
,{"expanded":false,"Exclusion Rule Type":"None","UNR":"none","title":"auto[CSRRC]","All Average Grd":"100%","All Cov":"1 / 1 (100%)","Score":"454","At Least":"1","Source":"        cp_irq : coverpoint ins.asm {"}
,{"expanded":false,"Exclusion Rule Type":"None","UNR":"none","title":"auto[CSRRS]","All Average Grd":"100%","All Cov":"1 / 1 (100%)","Score":"870","At Least":"1","Source":"        cp_irq : coverpoint ins.asm {"}
,{"expanded":false,"Exclusion Rule Type":"None","UNR":"none","title":"auto[CSRRCI]","All Average Grd":"100%","All Cov":"1 / 1 (100%)","Score":"507","At Least":"1","Source":"        cp_irq : coverpoint ins.asm {"}
,{"expanded":false,"Exclusion Rule Type":"None","UNR":"none","title":"auto[CSRRSI]","All Average Grd":"100%","All Cov":"1 / 1 (100%)","Score":"21907","At Least":"1","Source":"        cp_irq : coverpoint ins.asm {"}
,{"expanded":false,"Exclusion Rule Type":"None","UNR":"none","title":"auto[CSRRWI]","All Average Grd":"100%","All Cov":"1 / 1 (100%)","Score":"486","At Least":"1","Source":"        cp_irq : coverpoint ins.asm {"}
,{"expanded":false,"Exclusion Rule Type":"None","UNR":"none","title":"auto[C_LWSP]","All Average Grd":"100%","All Cov":"1 / 1 (100%)","Score":"457","At Least":"1","Source":"        cp_irq : coverpoint ins.asm {"}
,{"expanded":false,"Exclusion Rule Type":"None","UNR":"none","title":"auto[C_SWSP]","All Average Grd":"100%","All Cov":"1 / 1 (100%)","Score":"403","At Least":"1","Source":"        cp_irq : coverpoint ins.asm {"}
,{"expanded":false,"Exclusion Rule Type":"None","UNR":"none","title":"auto[C_LW]","All Average Grd":"100%","All Cov":"1 / 1 (100%)","Score":"135","At Least":"1","Source":"        cp_irq : coverpoint ins.asm {"}
,{"expanded":false,"Exclusion Rule Type":"None","UNR":"none","title":"auto[C_SW]","All Average Grd":"100%","All Cov":"1 / 1 (100%)","Score":"143","At Least":"1","Source":"        cp_irq : coverpoint ins.asm {"}
,{"expanded":false,"Exclusion Rule Type":"None","UNR":"none","title":"auto[C_BEQZ]","All Average Grd":"100%","All Cov":"1 / 1 (100%)","Score":"671","At Least":"1","Source":"        cp_irq : coverpoint ins.asm {"}
,{"expanded":false,"Exclusion Rule Type":"None","UNR":"none","title":"auto[C_BNEZ]","All Average Grd":"100%","All Cov":"1 / 1 (100%)","Score":"1028","At Least":"1","Source":"        cp_irq : coverpoint ins.asm {"}
,{"expanded":false,"Exclusion Rule Type":"None","UNR":"none","title":"auto[C_J]","All Average Grd":"100%","All Cov":"1 / 1 (100%)","Score":"134","At Least":"1","Source":"        cp_irq : coverpoint ins.asm {"}
,{"expanded":false,"Exclusion Rule Type":"None","UNR":"none","title":"auto[C_JR]","All Average Grd":"100%","All Cov":"1 / 1 (100%)","Score":"228","At Least":"1","Source":"        cp_irq : coverpoint ins.asm {"}
,{"expanded":false,"Exclusion Rule Type":"None","UNR":"none","title":"auto[C_JAL]","All Average Grd":"100%","All Cov":"1 / 1 (100%)","Score":"131","At Least":"1","Source":"        cp_irq : coverpoint ins.asm {"}
,{"expanded":false,"Exclusion Rule Type":"None","UNR":"none","title":"auto[C_JALR]","All Average Grd":"100%","All Cov":"1 / 1 (100%)","Score":"75","At Least":"1","Source":"        cp_irq : coverpoint ins.asm {"}
,{"expanded":false,"Exclusion Rule Type":"None","UNR":"none","title":"auto[C_LI]","All Average Grd":"100%","All Cov":"1 / 1 (100%)","Score":"433","At Least":"1","Source":"        cp_irq : coverpoint ins.asm {"}
,{"expanded":false,"Exclusion Rule Type":"None","UNR":"none","title":"auto[C_LUI]","All Average Grd":"100%","All Cov":"1 / 1 (100%)","Score":"408","At Least":"1","Source":"        cp_irq : coverpoint ins.asm {"}
,{"expanded":false,"Exclusion Rule Type":"None","UNR":"none","title":"auto[C_ADDI]","All Average Grd":"100%","All Cov":"1 / 1 (100%)","Score":"1405","At Least":"1","Source":"        cp_irq : coverpoint ins.asm {"}
,{"expanded":false,"Exclusion Rule Type":"None","UNR":"none","title":"auto[C_ADDI16SP]","All Average Grd":"100%","All Cov":"1 / 1 (100%)","Score":"339","At Least":"1","Source":"        cp_irq : coverpoint ins.asm {"}
,{"expanded":false,"Exclusion Rule Type":"None","UNR":"none","title":"auto[C_ADDI4SPN]","All Average Grd":"100%","All Cov":"1 / 1 (100%)","Score":"333","At Least":"1","Source":"        cp_irq : coverpoint ins.asm {"}
,{"expanded":false,"Exclusion Rule Type":"None","UNR":"none","title":"auto[C_MV]","All Average Grd":"100%","All Cov":"1 / 1 (100%)","Score":"456","At Least":"1","Source":"        cp_irq : coverpoint ins.asm {"}
,{"expanded":false,"Exclusion Rule Type":"None","UNR":"none","title":"auto[C_SLLI]","All Average Grd":"100%","All Cov":"1 / 1 (100%)","Score":"434","At Least":"1","Source":"        cp_irq : coverpoint ins.asm {"}
,{"expanded":false,"Exclusion Rule Type":"None","UNR":"none","title":"auto[C_SRLI]","All Average Grd":"100%","All Cov":"1 / 1 (100%)","Score":"459","At Least":"1","Source":"        cp_irq : coverpoint ins.asm {"}
,{"expanded":false,"Exclusion Rule Type":"None","UNR":"none","title":"auto[C_SRAI]","All Average Grd":"100%","All Cov":"1 / 1 (100%)","Score":"440","At Least":"1","Source":"        cp_irq : coverpoint ins.asm {"}
,{"expanded":false,"Exclusion Rule Type":"None","UNR":"none","title":"auto[C_ANDI]","All Average Grd":"100%","All Cov":"1 / 1 (100%)","Score":"444","At Least":"1","Source":"        cp_irq : coverpoint ins.asm {"}
,{"expanded":false,"Exclusion Rule Type":"None","UNR":"none","title":"auto[C_ADD]","All Average Grd":"100%","All Cov":"1 / 1 (100%)","Score":"497","At Least":"1","Source":"        cp_irq : coverpoint ins.asm {"}
,{"expanded":false,"Exclusion Rule Type":"None","UNR":"none","title":"auto[C_AND]","All Average Grd":"100%","All Cov":"1 / 1 (100%)","Score":"443","At Least":"1","Source":"        cp_irq : coverpoint ins.asm {"}
,{"expanded":false,"Exclusion Rule Type":"None","UNR":"none","title":"auto[C_OR]","All Average Grd":"100%","All Cov":"1 / 1 (100%)","Score":"420","At Least":"1","Source":"        cp_irq : coverpoint ins.asm {"}
,{"expanded":false,"Exclusion Rule Type":"None","UNR":"none","title":"auto[C_XOR]","All Average Grd":"100%","All Cov":"1 / 1 (100%)","Score":"443","At Least":"1","Source":"        cp_irq : coverpoint ins.asm {"}
,{"expanded":false,"Exclusion Rule Type":"None","UNR":"none","title":"auto[C_SUB]","All Average Grd":"100%","All Cov":"1 / 1 (100%)","Score":"421","At Least":"1","Source":"        cp_irq : coverpoint ins.asm {"}
],"columns":""}
]}
,{"expanded":false,"Exclusion Rule Type":"None","UNR":"none","title":"cg_wfi_entry","All Average Grd":"100%","All Cov":"84 / 84 (100%)","Enclosing Entity":"uvm_pkg.uvm_test_top.env.cov_model.interrupt_covg","Source":"    covergroup cg_wfi_entry with function sample(ins_t ins);"
,"subitems":[{"expanded":false,"Exclusion Rule Type":"None","UNR":"none","title":"cp_wfi","At Least":"1","All Average Grd":"100%","All Cov":"84 / 84 (100%)","Source":"        cp_wfi : coverpoint ins.asm {"
,"subitems":[{"expanded":false,"Exclusion Rule Type":"None","UNR":"none","title":"auto[ADD]","All Average Grd":"100%","All Cov":"1 / 1 (100%)","Score":"20496","At Least":"1","Source":"        cp_wfi : coverpoint ins.asm {"}
,{"expanded":false,"Exclusion Rule Type":"None","UNR":"none","title":"auto[ADDI]","All Average Grd":"100%","All Cov":"1 / 1 (100%)","Score":"129678","At Least":"1","Source":"        cp_wfi : coverpoint ins.asm {"}
,{"expanded":false,"Exclusion Rule Type":"None","UNR":"none","title":"auto[AND]","All Average Grd":"100%","All Cov":"1 / 1 (100%)","Score":"19385","At Least":"1","Source":"        cp_wfi : coverpoint ins.asm {"}
,{"expanded":false,"Exclusion Rule Type":"None","UNR":"none","title":"auto[ANDI]","All Average Grd":"100%","All Cov":"1 / 1 (100%)","Score":"24707","At Least":"1","Source":"        cp_wfi : coverpoint ins.asm {"}
,{"expanded":false,"Exclusion Rule Type":"None","UNR":"none","title":"auto[AUIPC]","All Average Grd":"100%","All Cov":"1 / 1 (100%)","Score":"25323","At Least":"1","Source":"        cp_wfi : coverpoint ins.asm {"}
,{"expanded":false,"Exclusion Rule Type":"None","UNR":"none","title":"auto[BEQ]","All Average Grd":"100%","All Cov":"1 / 1 (100%)","Score":"22206","At Least":"1","Source":"        cp_wfi : coverpoint ins.asm {"}
,{"expanded":false,"Exclusion Rule Type":"None","UNR":"none","title":"auto[BGE]","All Average Grd":"100%","All Cov":"1 / 1 (100%)","Score":"16193","At Least":"1","Source":"        cp_wfi : coverpoint ins.asm {"}
,{"expanded":false,"Exclusion Rule Type":"None","UNR":"none","title":"auto[BGEU]","All Average Grd":"100%","All Cov":"1 / 1 (100%)","Score":"18774","At Least":"1","Source":"        cp_wfi : coverpoint ins.asm {"}
,{"expanded":false,"Exclusion Rule Type":"None","UNR":"none","title":"auto[BLTU]","All Average Grd":"100%","All Cov":"1 / 1 (100%)","Score":"19695","At Least":"1","Source":"        cp_wfi : coverpoint ins.asm {"}
,{"expanded":false,"Exclusion Rule Type":"None","UNR":"none","title":"auto[BNE]","All Average Grd":"100%","All Cov":"1 / 1 (100%)","Score":"14334","At Least":"1","Source":"        cp_wfi : coverpoint ins.asm {"}
,{"expanded":false,"Exclusion Rule Type":"None","UNR":"none","title":"auto[BLT]","All Average Grd":"100%","All Cov":"1 / 1 (100%)","Score":"19815","At Least":"1","Source":"        cp_wfi : coverpoint ins.asm {"}
,{"expanded":false,"Exclusion Rule Type":"None","UNR":"none","title":"auto[FENCE]","All Average Grd":"100%","All Cov":"1 / 1 (100%)","Score":"6329","At Least":"1","Source":"        cp_wfi : coverpoint ins.asm {"}
,{"expanded":false,"Exclusion Rule Type":"None","UNR":"none","title":"auto[FENCE_I]","All Average Grd":"100%","All Cov":"1 / 1 (100%)","Score":"6129","At Least":"1","Source":"        cp_wfi : coverpoint ins.asm {"}
,{"expanded":false,"Exclusion Rule Type":"None","UNR":"none","title":"auto[EBREAK]","All Average Grd":"100%","All Cov":"1 / 1 (100%)","Score":"13423","At Least":"1","Source":"        cp_wfi : coverpoint ins.asm {"}
,{"expanded":false,"Exclusion Rule Type":"None","UNR":"none","title":"auto[ECALL]","All Average Grd":"100%","All Cov":"1 / 1 (100%)","Score":"19","At Least":"1","Source":"        cp_wfi : coverpoint ins.asm {"}
,{"expanded":false,"Exclusion Rule Type":"None","UNR":"none","title":"auto[JAL]","All Average Grd":"100%","All Cov":"1 / 1 (100%)","Score":"349686","At Least":"1","Source":"        cp_wfi : coverpoint ins.asm {"}
,{"expanded":false,"Exclusion Rule Type":"None","UNR":"none","title":"auto[JALR]","All Average Grd":"100%","All Cov":"1 / 1 (100%)","Score":"97","At Least":"1","Source":"        cp_wfi : coverpoint ins.asm {"}
,{"expanded":false,"Exclusion Rule Type":"None","UNR":"none","title":"auto[LB]","All Average Grd":"100%","All Cov":"1 / 1 (100%)","Score":"78164","At Least":"1","Source":"        cp_wfi : coverpoint ins.asm {"}
,{"expanded":false,"Exclusion Rule Type":"None","UNR":"none","title":"auto[LBU]","All Average Grd":"100%","All Cov":"1 / 1 (100%)","Score":"77605","At Least":"1","Source":"        cp_wfi : coverpoint ins.asm {"}
,{"expanded":false,"Exclusion Rule Type":"None","UNR":"none","title":"auto[LH]","All Average Grd":"100%","All Cov":"1 / 1 (100%)","Score":"22469","At Least":"1","Source":"        cp_wfi : coverpoint ins.asm {"}
,{"expanded":false,"Exclusion Rule Type":"None","UNR":"none","title":"auto[LHU]","All Average Grd":"100%","All Cov":"1 / 1 (100%)","Score":"22381","At Least":"1","Source":"        cp_wfi : coverpoint ins.asm {"}
,{"expanded":false,"Exclusion Rule Type":"None","UNR":"none","title":"auto[LUI]","All Average Grd":"100%","All Cov":"1 / 1 (100%)","Score":"26662","At Least":"1","Source":"        cp_wfi : coverpoint ins.asm {"}
,{"expanded":false,"Exclusion Rule Type":"None","UNR":"none","title":"auto[LW]","All Average Grd":"100%","All Cov":"1 / 1 (100%)","Score":"12300","At Least":"1","Source":"        cp_wfi : coverpoint ins.asm {"}
,{"expanded":false,"Exclusion Rule Type":"None","UNR":"none","title":"auto[OR]","All Average Grd":"100%","All Cov":"1 / 1 (100%)","Score":"21099","At Least":"1","Source":"        cp_wfi : coverpoint ins.asm {"}
,{"expanded":false,"Exclusion Rule Type":"None","UNR":"none","title":"auto[ORI]","All Average Grd":"100%","All Cov":"1 / 1 (100%)","Score":"19531","At Least":"1","Source":"        cp_wfi : coverpoint ins.asm {"}
,{"expanded":false,"Exclusion Rule Type":"None","UNR":"none","title":"auto[SB]","All Average Grd":"100%","All Cov":"1 / 1 (100%)","Score":"77920","At Least":"1","Source":"        cp_wfi : coverpoint ins.asm {"}
,{"expanded":false,"Exclusion Rule Type":"None","UNR":"none","title":"auto[SH]","All Average Grd":"100%","All Cov":"1 / 1 (100%)","Score":"22668","At Least":"1","Source":"        cp_wfi : coverpoint ins.asm {"}
,{"expanded":false,"Exclusion Rule Type":"None","UNR":"none","title":"auto[SLL]","All Average Grd":"100%","All Cov":"1 / 1 (100%)","Score":"24012","At Least":"1","Source":"        cp_wfi : coverpoint ins.asm {"}
,{"expanded":false,"Exclusion Rule Type":"None","UNR":"none","title":"auto[SLLI]","All Average Grd":"100%","All Cov":"1 / 1 (100%)","Score":"13532","At Least":"1","Source":"        cp_wfi : coverpoint ins.asm {"}
,{"expanded":false,"Exclusion Rule Type":"None","UNR":"none","title":"auto[SLT]","All Average Grd":"100%","All Cov":"1 / 1 (100%)","Score":"16209","At Least":"1","Source":"        cp_wfi : coverpoint ins.asm {"}
,{"expanded":false,"Exclusion Rule Type":"None","UNR":"none","title":"auto[SLTI]","All Average Grd":"100%","All Cov":"1 / 1 (100%)","Score":"19064","At Least":"1","Source":"        cp_wfi : coverpoint ins.asm {"}
,{"expanded":false,"Exclusion Rule Type":"None","UNR":"none","title":"auto[SLTIU]","All Average Grd":"100%","All Cov":"1 / 1 (100%)","Score":"23032","At Least":"1","Source":"        cp_wfi : coverpoint ins.asm {"}
,{"expanded":false,"Exclusion Rule Type":"None","UNR":"none","title":"auto[SLTU]","All Average Grd":"100%","All Cov":"1 / 1 (100%)","Score":"20842","At Least":"1","Source":"        cp_wfi : coverpoint ins.asm {"}
,{"expanded":false,"Exclusion Rule Type":"None","UNR":"none","title":"auto[SRA]","All Average Grd":"100%","All Cov":"1 / 1 (100%)","Score":"21809","At Least":"1","Source":"        cp_wfi : coverpoint ins.asm {"}
,{"expanded":false,"Exclusion Rule Type":"None","UNR":"none","title":"auto[SRAI]","All Average Grd":"100%","All Cov":"1 / 1 (100%)","Score":"14268","At Least":"1","Source":"        cp_wfi : coverpoint ins.asm {"}
,{"expanded":false,"Exclusion Rule Type":"None","UNR":"none","title":"auto[SRL]","All Average Grd":"100%","All Cov":"1 / 1 (100%)","Score":"23352","At Least":"1","Source":"        cp_wfi : coverpoint ins.asm {"}
,{"expanded":false,"Exclusion Rule Type":"None","UNR":"none","title":"auto[SRLI]","All Average Grd":"100%","All Cov":"1 / 1 (100%)","Score":"13307","At Least":"1","Source":"        cp_wfi : coverpoint ins.asm {"}
,{"expanded":false,"Exclusion Rule Type":"None","UNR":"none","title":"auto[SUB]","All Average Grd":"100%","All Cov":"1 / 1 (100%)","Score":"13197","At Least":"1","Source":"        cp_wfi : coverpoint ins.asm {"}
,{"expanded":false,"Exclusion Rule Type":"None","UNR":"none","title":"auto[SW]","All Average Grd":"100%","All Cov":"1 / 1 (100%)","Score":"12264","At Least":"1","Source":"        cp_wfi : coverpoint ins.asm {"}
,{"expanded":false,"Exclusion Rule Type":"None","UNR":"none","title":"auto[XOR]","All Average Grd":"100%","All Cov":"1 / 1 (100%)","Score":"17122","At Least":"1","Source":"        cp_wfi : coverpoint ins.asm {"}
,{"expanded":false,"Exclusion Rule Type":"None","UNR":"none","title":"auto[XORI]","All Average Grd":"100%","All Cov":"1 / 1 (100%)","Score":"20156","At Least":"1","Source":"        cp_wfi : coverpoint ins.asm {"}
,{"expanded":false,"Exclusion Rule Type":"None","UNR":"none","title":"auto[MUL]","All Average Grd":"100%","All Cov":"1 / 1 (100%)","Score":"15869","At Least":"1","Source":"        cp_wfi : coverpoint ins.asm {"}
,{"expanded":false,"Exclusion Rule Type":"None","UNR":"none","title":"auto[MULH]","All Average Grd":"100%","All Cov":"1 / 1 (100%)","Score":"27798","At Least":"1","Source":"        cp_wfi : coverpoint ins.asm {"}
,{"expanded":false,"Exclusion Rule Type":"None","UNR":"none","title":"auto[MULHU]","All Average Grd":"100%","All Cov":"1 / 1 (100%)","Score":"25562","At Least":"1","Source":"        cp_wfi : coverpoint ins.asm {"}
,{"expanded":false,"Exclusion Rule Type":"None","UNR":"none","title":"auto[MULHSU]","All Average Grd":"100%","All Cov":"1 / 1 (100%)","Score":"20152","At Least":"1","Source":"        cp_wfi : coverpoint ins.asm {"}
,{"expanded":false,"Exclusion Rule Type":"None","UNR":"none","title":"auto[DIV]","All Average Grd":"100%","All Cov":"1 / 1 (100%)","Score":"19313","At Least":"1","Source":"        cp_wfi : coverpoint ins.asm {"}
,{"expanded":false,"Exclusion Rule Type":"None","UNR":"none","title":"auto[REM]","All Average Grd":"100%","All Cov":"1 / 1 (100%)","Score":"21928","At Least":"1","Source":"        cp_wfi : coverpoint ins.asm {"}
,{"expanded":false,"Exclusion Rule Type":"None","UNR":"none","title":"auto[DIVU]","All Average Grd":"100%","All Cov":"1 / 1 (100%)","Score":"18484","At Least":"1","Source":"        cp_wfi : coverpoint ins.asm {"}
,{"expanded":false,"Exclusion Rule Type":"None","UNR":"none","title":"auto[REMU]","All Average Grd":"100%","All Cov":"1 / 1 (100%)","Score":"18534","At Least":"1","Source":"        cp_wfi : coverpoint ins.asm {"}
,{"expanded":false,"Exclusion Rule Type":"None","UNR":"none","title":"auto[WFI]","All Average Grd":"100%","All Cov":"1 / 1 (100%)","Score":"65599","At Least":"1","Source":"        cp_wfi : coverpoint ins.asm {"}
,{"expanded":false,"Exclusion Rule Type":"None","UNR":"none","title":"auto[MRET]","All Average Grd":"100%","All Cov":"1 / 1 (100%)","Score":"49258","At Least":"1","Source":"        cp_wfi : coverpoint ins.asm {"}
,{"expanded":false,"Exclusion Rule Type":"None","UNR":"none","title":"auto[DRET]","All Average Grd":"100%","All Cov":"1 / 1 (100%)","Score":"10384","At Least":"1","Source":"        cp_wfi : coverpoint ins.asm {"}
,{"expanded":false,"Exclusion Rule Type":"None","UNR":"none","title":"auto[CSRRW]","All Average Grd":"100%","All Cov":"1 / 1 (100%)","Score":"5510","At Least":"1","Source":"        cp_wfi : coverpoint ins.asm {"}
,{"expanded":false,"Exclusion Rule Type":"None","UNR":"none","title":"auto[CSRRC]","All Average Grd":"100%","All Cov":"1 / 1 (100%)","Score":"5258","At Least":"1","Source":"        cp_wfi : coverpoint ins.asm {"}
,{"expanded":false,"Exclusion Rule Type":"None","UNR":"none","title":"auto[CSRRS]","All Average Grd":"100%","All Cov":"1 / 1 (100%)","Score":"11147","At Least":"1","Source":"        cp_wfi : coverpoint ins.asm {"}
,{"expanded":false,"Exclusion Rule Type":"None","UNR":"none","title":"auto[CSRRCI]","All Average Grd":"100%","All Cov":"1 / 1 (100%)","Score":"5539","At Least":"1","Source":"        cp_wfi : coverpoint ins.asm {"}
,{"expanded":false,"Exclusion Rule Type":"None","UNR":"none","title":"auto[CSRRSI]","All Average Grd":"100%","All Cov":"1 / 1 (100%)","Score":"5444","At Least":"1","Source":"        cp_wfi : coverpoint ins.asm {"}
,{"expanded":false,"Exclusion Rule Type":"None","UNR":"none","title":"auto[CSRRWI]","All Average Grd":"100%","All Cov":"1 / 1 (100%)","Score":"7427","At Least":"1","Source":"        cp_wfi : coverpoint ins.asm {"}
,{"expanded":false,"Exclusion Rule Type":"None","UNR":"none","title":"auto[C_LWSP]","All Average Grd":"100%","All Cov":"1 / 1 (100%)","Score":"6594","At Least":"1","Source":"        cp_wfi : coverpoint ins.asm {"}
,{"expanded":false,"Exclusion Rule Type":"None","UNR":"none","title":"auto[C_SWSP]","All Average Grd":"100%","All Cov":"1 / 1 (100%)","Score":"6619","At Least":"1","Source":"        cp_wfi : coverpoint ins.asm {"}
,{"expanded":false,"Exclusion Rule Type":"None","UNR":"none","title":"auto[C_LW]","All Average Grd":"100%","All Cov":"1 / 1 (100%)","Score":"2176","At Least":"1","Source":"        cp_wfi : coverpoint ins.asm {"}
,{"expanded":false,"Exclusion Rule Type":"None","UNR":"none","title":"auto[C_SW]","All Average Grd":"100%","All Cov":"1 / 1 (100%)","Score":"2179","At Least":"1","Source":"        cp_wfi : coverpoint ins.asm {"}
,{"expanded":false,"Exclusion Rule Type":"None","UNR":"none","title":"auto[C_BEQZ]","All Average Grd":"100%","All Cov":"1 / 1 (100%)","Score":"23400","At Least":"1","Source":"        cp_wfi : coverpoint ins.asm {"}
,{"expanded":false,"Exclusion Rule Type":"None","UNR":"none","title":"auto[C_BNEZ]","All Average Grd":"100%","All Cov":"1 / 1 (100%)","Score":"32026","At Least":"1","Source":"        cp_wfi : coverpoint ins.asm {"}
,{"expanded":false,"Exclusion Rule Type":"None","UNR":"none","title":"auto[C_J]","All Average Grd":"100%","All Cov":"1 / 1 (100%)","Score":"163","At Least":"1","Source":"        cp_wfi : coverpoint ins.asm {"}
,{"expanded":false,"Exclusion Rule Type":"None","UNR":"none","title":"auto[C_JR]","All Average Grd":"100%","All Cov":"1 / 1 (100%)","Score":"112","At Least":"1","Source":"        cp_wfi : coverpoint ins.asm {"}
,{"expanded":false,"Exclusion Rule Type":"None","UNR":"none","title":"auto[C_JAL]","All Average Grd":"100%","All Cov":"1 / 1 (100%)","Score":"179","At Least":"1","Source":"        cp_wfi : coverpoint ins.asm {"}
,{"expanded":false,"Exclusion Rule Type":"None","UNR":"none","title":"auto[C_JALR]","All Average Grd":"100%","All Cov":"1 / 1 (100%)","Score":"79","At Least":"1","Source":"        cp_wfi : coverpoint ins.asm {"}
,{"expanded":false,"Exclusion Rule Type":"None","UNR":"none","title":"auto[C_LI]","All Average Grd":"100%","All Cov":"1 / 1 (100%)","Score":"19743","At Least":"1","Source":"        cp_wfi : coverpoint ins.asm {"}
,{"expanded":false,"Exclusion Rule Type":"None","UNR":"none","title":"auto[C_LUI]","All Average Grd":"100%","All Cov":"1 / 1 (100%)","Score":"23796","At Least":"1","Source":"        cp_wfi : coverpoint ins.asm {"}
,{"expanded":false,"Exclusion Rule Type":"None","UNR":"none","title":"auto[C_ADDI]","All Average Grd":"100%","All Cov":"1 / 1 (100%)","Score":"63365","At Least":"1","Source":"        cp_wfi : coverpoint ins.asm {"}
,{"expanded":false,"Exclusion Rule Type":"None","UNR":"none","title":"auto[C_ADDI16SP]","All Average Grd":"100%","All Cov":"1 / 1 (100%)","Score":"9998","At Least":"1","Source":"        cp_wfi : coverpoint ins.asm {"}
,{"expanded":false,"Exclusion Rule Type":"None","UNR":"none","title":"auto[C_ADDI4SPN]","All Average Grd":"100%","All Cov":"1 / 1 (100%)","Score":"9587","At Least":"1","Source":"        cp_wfi : coverpoint ins.asm {"}
,{"expanded":false,"Exclusion Rule Type":"None","UNR":"none","title":"auto[C_MV]","All Average Grd":"100%","All Cov":"1 / 1 (100%)","Score":"23207","At Least":"1","Source":"        cp_wfi : coverpoint ins.asm {"}
,{"expanded":false,"Exclusion Rule Type":"None","UNR":"none","title":"auto[C_SLLI]","All Average Grd":"100%","All Cov":"1 / 1 (100%)","Score":"22104","At Least":"1","Source":"        cp_wfi : coverpoint ins.asm {"}
,{"expanded":false,"Exclusion Rule Type":"None","UNR":"none","title":"auto[C_SRLI]","All Average Grd":"100%","All Cov":"1 / 1 (100%)","Score":"25154","At Least":"1","Source":"        cp_wfi : coverpoint ins.asm {"}
,{"expanded":false,"Exclusion Rule Type":"None","UNR":"none","title":"auto[C_SRAI]","All Average Grd":"100%","All Cov":"1 / 1 (100%)","Score":"40532","At Least":"1","Source":"        cp_wfi : coverpoint ins.asm {"}
,{"expanded":false,"Exclusion Rule Type":"None","UNR":"none","title":"auto[C_ANDI]","All Average Grd":"100%","All Cov":"1 / 1 (100%)","Score":"18344","At Least":"1","Source":"        cp_wfi : coverpoint ins.asm {"}
,{"expanded":false,"Exclusion Rule Type":"None","UNR":"none","title":"auto[C_ADD]","All Average Grd":"100%","All Cov":"1 / 1 (100%)","Score":"15723","At Least":"1","Source":"        cp_wfi : coverpoint ins.asm {"}
,{"expanded":false,"Exclusion Rule Type":"None","UNR":"none","title":"auto[C_AND]","All Average Grd":"100%","All Cov":"1 / 1 (100%)","Score":"16313","At Least":"1","Source":"        cp_wfi : coverpoint ins.asm {"}
,{"expanded":false,"Exclusion Rule Type":"None","UNR":"none","title":"auto[C_OR]","All Average Grd":"100%","All Cov":"1 / 1 (100%)","Score":"15214","At Least":"1","Source":"        cp_wfi : coverpoint ins.asm {"}
,{"expanded":false,"Exclusion Rule Type":"None","UNR":"none","title":"auto[C_XOR]","All Average Grd":"100%","All Cov":"1 / 1 (100%)","Score":"25406","At Least":"1","Source":"        cp_wfi : coverpoint ins.asm {"}
,{"expanded":false,"Exclusion Rule Type":"None","UNR":"none","title":"auto[C_SUB]","All Average Grd":"100%","All Cov":"1 / 1 (100%)","Score":"12737","At Least":"1","Source":"        cp_wfi : coverpoint ins.asm {"}
,{"expanded":false,"Exclusion Rule Type":"None","UNR":"none","title":"auto[C_EBREAK]","All Average Grd":"100%","All Cov":"1 / 1 (100%)","Score":"14598","At Least":"1","Source":"        cp_wfi : coverpoint ins.asm {"}
],"columns":""}
]}
,{"expanded":false,"Exclusion Rule Type":"None","UNR":"none","title":"cg_irq_exit","All Average Grd":"100%","All Cov":"82 / 82 (100%)","Enclosing Entity":"uvm_pkg.uvm_test_top.env.cov_model.interrupt_covg","Source":"    covergroup cg_irq_exit with function sample(ins_t ins);"
,"subitems":[{"expanded":false,"Exclusion Rule Type":"None","UNR":"none","title":"cp_irq","At Least":"1","All Average Grd":"100%","All Cov":"82 / 82 (100%)","Source":"        cp_irq : coverpoint ins.asm {"
,"subitems":[{"expanded":false,"Exclusion Rule Type":"None","UNR":"none","title":"auto[ADD]","All Average Grd":"100%","All Cov":"1 / 1 (100%)","Score":"3673","At Least":"1","Source":"        cp_irq : coverpoint ins.asm {"}
,{"expanded":false,"Exclusion Rule Type":"None","UNR":"none","title":"auto[ADDI]","All Average Grd":"100%","All Cov":"1 / 1 (100%)","Score":"6343","At Least":"1","Source":"        cp_irq : coverpoint ins.asm {"}
,{"expanded":false,"Exclusion Rule Type":"None","UNR":"none","title":"auto[AND]","All Average Grd":"100%","All Cov":"1 / 1 (100%)","Score":"4002","At Least":"1","Source":"        cp_irq : coverpoint ins.asm {"}
,{"expanded":false,"Exclusion Rule Type":"None","UNR":"none","title":"auto[ANDI]","All Average Grd":"100%","All Cov":"1 / 1 (100%)","Score":"4041","At Least":"1","Source":"        cp_irq : coverpoint ins.asm {"}
,{"expanded":false,"Exclusion Rule Type":"None","UNR":"none","title":"auto[AUIPC]","All Average Grd":"100%","All Cov":"1 / 1 (100%)","Score":"179776","At Least":"1","Source":"        cp_irq : coverpoint ins.asm {"}
,{"expanded":false,"Exclusion Rule Type":"None","UNR":"none","title":"auto[BEQ]","All Average Grd":"100%","All Cov":"1 / 1 (100%)","Score":"3673","At Least":"1","Source":"        cp_irq : coverpoint ins.asm {"}
,{"expanded":false,"Exclusion Rule Type":"None","UNR":"none","title":"auto[BGE]","All Average Grd":"100%","All Cov":"1 / 1 (100%)","Score":"3607","At Least":"1","Source":"        cp_irq : coverpoint ins.asm {"}
,{"expanded":false,"Exclusion Rule Type":"None","UNR":"none","title":"auto[BGEU]","All Average Grd":"100%","All Cov":"1 / 1 (100%)","Score":"3514","At Least":"1","Source":"        cp_irq : coverpoint ins.asm {"}
,{"expanded":false,"Exclusion Rule Type":"None","UNR":"none","title":"auto[BLTU]","All Average Grd":"100%","All Cov":"1 / 1 (100%)","Score":"3539","At Least":"1","Source":"        cp_irq : coverpoint ins.asm {"}
,{"expanded":false,"Exclusion Rule Type":"None","UNR":"none","title":"auto[BNE]","All Average Grd":"100%","All Cov":"1 / 1 (100%)","Score":"4208","At Least":"1","Source":"        cp_irq : coverpoint ins.asm {"}
,{"expanded":false,"Exclusion Rule Type":"None","UNR":"none","title":"auto[BLT]","All Average Grd":"100%","All Cov":"1 / 1 (100%)","Score":"3656","At Least":"1","Source":"        cp_irq : coverpoint ins.asm {"}
,{"expanded":false,"Exclusion Rule Type":"None","UNR":"none","title":"auto[FENCE]","All Average Grd":"100%","All Cov":"1 / 1 (100%)","Score":"3819","At Least":"1","Source":"        cp_irq : coverpoint ins.asm {"}
,{"expanded":false,"Exclusion Rule Type":"None","UNR":"none","title":"auto[FENCE_I]","All Average Grd":"100%","All Cov":"1 / 1 (100%)","Score":"3893","At Least":"1","Source":"        cp_irq : coverpoint ins.asm {"}
,{"expanded":false,"Exclusion Rule Type":"None","UNR":"none","title":"auto[EBREAK]","All Average Grd":"100%","All Cov":"1 / 1 (100%)","Score":"253","At Least":"1","Source":"        cp_irq : coverpoint ins.asm {"}
,{"expanded":false,"Exclusion Rule Type":"None","UNR":"none","title":"auto[ECALL]","All Average Grd":"100%","All Cov":"1 / 1 (100%)","Score":"2","At Least":"1","Source":"        cp_irq : coverpoint ins.asm {"}
,{"expanded":false,"Exclusion Rule Type":"None","UNR":"none","title":"auto[JAL]","All Average Grd":"100%","All Cov":"1 / 1 (100%)","Score":"1623953","At Least":"1","Source":"        cp_irq : coverpoint ins.asm {"}
,{"expanded":false,"Exclusion Rule Type":"None","UNR":"none","title":"auto[JALR]","All Average Grd":"100%","All Cov":"1 / 1 (100%)","Score":"5653","At Least":"1","Source":"        cp_irq : coverpoint ins.asm {"}
,{"expanded":false,"Exclusion Rule Type":"None","UNR":"none","title":"auto[LB]","All Average Grd":"100%","All Cov":"1 / 1 (100%)","Score":"10063","At Least":"1","Source":"        cp_irq : coverpoint ins.asm {"}
,{"expanded":false,"Exclusion Rule Type":"None","UNR":"none","title":"auto[LBU]","All Average Grd":"100%","All Cov":"1 / 1 (100%)","Score":"9709","At Least":"1","Source":"        cp_irq : coverpoint ins.asm {"}
,{"expanded":false,"Exclusion Rule Type":"None","UNR":"none","title":"auto[LH]","All Average Grd":"100%","All Cov":"1 / 1 (100%)","Score":"2876","At Least":"1","Source":"        cp_irq : coverpoint ins.asm {"}
,{"expanded":false,"Exclusion Rule Type":"None","UNR":"none","title":"auto[LHU]","All Average Grd":"100%","All Cov":"1 / 1 (100%)","Score":"2895","At Least":"1","Source":"        cp_irq : coverpoint ins.asm {"}
,{"expanded":false,"Exclusion Rule Type":"None","UNR":"none","title":"auto[LUI]","All Average Grd":"100%","All Cov":"1 / 1 (100%)","Score":"4262","At Least":"1","Source":"        cp_irq : coverpoint ins.asm {"}
,{"expanded":false,"Exclusion Rule Type":"None","UNR":"none","title":"auto[LW]","All Average Grd":"100%","All Cov":"1 / 1 (100%)","Score":"1195","At Least":"1","Source":"        cp_irq : coverpoint ins.asm {"}
,{"expanded":false,"Exclusion Rule Type":"None","UNR":"none","title":"auto[OR]","All Average Grd":"100%","All Cov":"1 / 1 (100%)","Score":"3948","At Least":"1","Source":"        cp_irq : coverpoint ins.asm {"}
,{"expanded":false,"Exclusion Rule Type":"None","UNR":"none","title":"auto[ORI]","All Average Grd":"100%","All Cov":"1 / 1 (100%)","Score":"4067","At Least":"1","Source":"        cp_irq : coverpoint ins.asm {"}
,{"expanded":false,"Exclusion Rule Type":"None","UNR":"none","title":"auto[SB]","All Average Grd":"100%","All Cov":"1 / 1 (100%)","Score":"9827","At Least":"1","Source":"        cp_irq : coverpoint ins.asm {"}
,{"expanded":false,"Exclusion Rule Type":"None","UNR":"none","title":"auto[SH]","All Average Grd":"100%","All Cov":"1 / 1 (100%)","Score":"2828","At Least":"1","Source":"        cp_irq : coverpoint ins.asm {"}
,{"expanded":false,"Exclusion Rule Type":"None","UNR":"none","title":"auto[SLL]","All Average Grd":"100%","All Cov":"1 / 1 (100%)","Score":"3910","At Least":"1","Source":"        cp_irq : coverpoint ins.asm {"}
,{"expanded":false,"Exclusion Rule Type":"None","UNR":"none","title":"auto[SLLI]","All Average Grd":"100%","All Cov":"1 / 1 (100%)","Score":"3833","At Least":"1","Source":"        cp_irq : coverpoint ins.asm {"}
,{"expanded":false,"Exclusion Rule Type":"None","UNR":"none","title":"auto[SLT]","All Average Grd":"100%","All Cov":"1 / 1 (100%)","Score":"4103","At Least":"1","Source":"        cp_irq : coverpoint ins.asm {"}
,{"expanded":false,"Exclusion Rule Type":"None","UNR":"none","title":"auto[SLTI]","All Average Grd":"100%","All Cov":"1 / 1 (100%)","Score":"4072","At Least":"1","Source":"        cp_irq : coverpoint ins.asm {"}
,{"expanded":false,"Exclusion Rule Type":"None","UNR":"none","title":"auto[SLTIU]","All Average Grd":"100%","All Cov":"1 / 1 (100%)","Score":"3921","At Least":"1","Source":"        cp_irq : coverpoint ins.asm {"}
,{"expanded":false,"Exclusion Rule Type":"None","UNR":"none","title":"auto[SLTU]","All Average Grd":"100%","All Cov":"1 / 1 (100%)","Score":"3970","At Least":"1","Source":"        cp_irq : coverpoint ins.asm {"}
,{"expanded":false,"Exclusion Rule Type":"None","UNR":"none","title":"auto[SRA]","All Average Grd":"100%","All Cov":"1 / 1 (100%)","Score":"3839","At Least":"1","Source":"        cp_irq : coverpoint ins.asm {"}
,{"expanded":false,"Exclusion Rule Type":"None","UNR":"none","title":"auto[SRAI]","All Average Grd":"100%","All Cov":"1 / 1 (100%)","Score":"3883","At Least":"1","Source":"        cp_irq : coverpoint ins.asm {"}
,{"expanded":false,"Exclusion Rule Type":"None","UNR":"none","title":"auto[SRL]","All Average Grd":"100%","All Cov":"1 / 1 (100%)","Score":"3899","At Least":"1","Source":"        cp_irq : coverpoint ins.asm {"}
,{"expanded":false,"Exclusion Rule Type":"None","UNR":"none","title":"auto[SRLI]","All Average Grd":"100%","All Cov":"1 / 1 (100%)","Score":"4050","At Least":"1","Source":"        cp_irq : coverpoint ins.asm {"}
,{"expanded":false,"Exclusion Rule Type":"None","UNR":"none","title":"auto[SUB]","All Average Grd":"100%","All Cov":"1 / 1 (100%)","Score":"3846","At Least":"1","Source":"        cp_irq : coverpoint ins.asm {"}
,{"expanded":false,"Exclusion Rule Type":"None","UNR":"none","title":"auto[SW]","All Average Grd":"100%","All Cov":"1 / 1 (100%)","Score":"1306","At Least":"1","Source":"        cp_irq : coverpoint ins.asm {"}
,{"expanded":false,"Exclusion Rule Type":"None","UNR":"none","title":"auto[XOR]","All Average Grd":"100%","All Cov":"1 / 1 (100%)","Score":"3881","At Least":"1","Source":"        cp_irq : coverpoint ins.asm {"}
,{"expanded":false,"Exclusion Rule Type":"None","UNR":"none","title":"auto[XORI]","All Average Grd":"100%","All Cov":"1 / 1 (100%)","Score":"3915","At Least":"1","Source":"        cp_irq : coverpoint ins.asm {"}
,{"expanded":false,"Exclusion Rule Type":"None","UNR":"none","title":"auto[MUL]","All Average Grd":"100%","All Cov":"1 / 1 (100%)","Score":"4116","At Least":"1","Source":"        cp_irq : coverpoint ins.asm {"}
,{"expanded":false,"Exclusion Rule Type":"None","UNR":"none","title":"auto[MULH]","All Average Grd":"100%","All Cov":"1 / 1 (100%)","Score":"4023","At Least":"1","Source":"        cp_irq : coverpoint ins.asm {"}
,{"expanded":false,"Exclusion Rule Type":"None","UNR":"none","title":"auto[MULHU]","All Average Grd":"100%","All Cov":"1 / 1 (100%)","Score":"4004","At Least":"1","Source":"        cp_irq : coverpoint ins.asm {"}
,{"expanded":false,"Exclusion Rule Type":"None","UNR":"none","title":"auto[MULHSU]","All Average Grd":"100%","All Cov":"1 / 1 (100%)","Score":"4127","At Least":"1","Source":"        cp_irq : coverpoint ins.asm {"}
,{"expanded":false,"Exclusion Rule Type":"None","UNR":"none","title":"auto[DIV]","All Average Grd":"100%","All Cov":"1 / 1 (100%)","Score":"3997","At Least":"1","Source":"        cp_irq : coverpoint ins.asm {"}
,{"expanded":false,"Exclusion Rule Type":"None","UNR":"none","title":"auto[REM]","All Average Grd":"100%","All Cov":"1 / 1 (100%)","Score":"3983","At Least":"1","Source":"        cp_irq : coverpoint ins.asm {"}
,{"expanded":false,"Exclusion Rule Type":"None","UNR":"none","title":"auto[DIVU]","All Average Grd":"100%","All Cov":"1 / 1 (100%)","Score":"3812","At Least":"1","Source":"        cp_irq : coverpoint ins.asm {"}
,{"expanded":false,"Exclusion Rule Type":"None","UNR":"none","title":"auto[REMU]","All Average Grd":"100%","All Cov":"1 / 1 (100%)","Score":"4091","At Least":"1","Source":"        cp_irq : coverpoint ins.asm {"}
,{"expanded":false,"Exclusion Rule Type":"None","UNR":"none","title":"auto[WFI]","All Average Grd":"100%","All Cov":"1 / 1 (100%)","Score":"48985","At Least":"1","Source":"        cp_irq : coverpoint ins.asm {"}
,{"expanded":false,"Exclusion Rule Type":"None","UNR":"none","title":"auto[CSRRW]","All Average Grd":"100%","All Cov":"1 / 1 (100%)","Score":"241331","At Least":"1","Source":"        cp_irq : coverpoint ins.asm {"}
,{"expanded":false,"Exclusion Rule Type":"None","UNR":"none","title":"auto[CSRRC]","All Average Grd":"100%","All Cov":"1 / 1 (100%)","Score":"3752","At Least":"1","Source":"        cp_irq : coverpoint ins.asm {"}
,{"expanded":false,"Exclusion Rule Type":"None","UNR":"none","title":"auto[CSRRS]","All Average Grd":"100%","All Cov":"1 / 1 (100%)","Score":"18702","At Least":"1","Source":"        cp_irq : coverpoint ins.asm {"}
,{"expanded":false,"Exclusion Rule Type":"None","UNR":"none","title":"auto[CSRRCI]","All Average Grd":"100%","All Cov":"1 / 1 (100%)","Score":"3915","At Least":"1","Source":"        cp_irq : coverpoint ins.asm {"}
,{"expanded":false,"Exclusion Rule Type":"None","UNR":"none","title":"auto[CSRRSI]","All Average Grd":"100%","All Cov":"1 / 1 (100%)","Score":"3897","At Least":"1","Source":"        cp_irq : coverpoint ins.asm {"}
,{"expanded":false,"Exclusion Rule Type":"None","UNR":"none","title":"auto[CSRRWI]","All Average Grd":"100%","All Cov":"1 / 1 (100%)","Score":"4033","At Least":"1","Source":"        cp_irq : coverpoint ins.asm {"}
,{"expanded":false,"Exclusion Rule Type":"None","UNR":"none","title":"auto[C_LWSP]","All Average Grd":"100%","All Cov":"1 / 1 (100%)","Score":"508","At Least":"1","Source":"        cp_irq : coverpoint ins.asm {"}
,{"expanded":false,"Exclusion Rule Type":"None","UNR":"none","title":"auto[C_SWSP]","All Average Grd":"100%","All Cov":"1 / 1 (100%)","Score":"474","At Least":"1","Source":"        cp_irq : coverpoint ins.asm {"}
,{"expanded":false,"Exclusion Rule Type":"None","UNR":"none","title":"auto[C_LW]","All Average Grd":"100%","All Cov":"1 / 1 (100%)","Score":"162","At Least":"1","Source":"        cp_irq : coverpoint ins.asm {"}
,{"expanded":false,"Exclusion Rule Type":"None","UNR":"none","title":"auto[C_SW]","All Average Grd":"100%","All Cov":"1 / 1 (100%)","Score":"151","At Least":"1","Source":"        cp_irq : coverpoint ins.asm {"}
,{"expanded":false,"Exclusion Rule Type":"None","UNR":"none","title":"auto[C_BEQZ]","All Average Grd":"100%","All Cov":"1 / 1 (100%)","Score":"3641","At Least":"1","Source":"        cp_irq : coverpoint ins.asm {"}
,{"expanded":false,"Exclusion Rule Type":"None","UNR":"none","title":"auto[C_BNEZ]","All Average Grd":"100%","All Cov":"1 / 1 (100%)","Score":"3659","At Least":"1","Source":"        cp_irq : coverpoint ins.asm {"}
,{"expanded":false,"Exclusion Rule Type":"None","UNR":"none","title":"auto[C_J]","All Average Grd":"100%","All Cov":"1 / 1 (100%)","Score":"242","At Least":"1","Source":"        cp_irq : coverpoint ins.asm {"}
,{"expanded":false,"Exclusion Rule Type":"None","UNR":"none","title":"auto[C_JR]","All Average Grd":"100%","All Cov":"1 / 1 (100%)","Score":"6022","At Least":"1","Source":"        cp_irq : coverpoint ins.asm {"}
,{"expanded":false,"Exclusion Rule Type":"None","UNR":"none","title":"auto[C_JAL]","All Average Grd":"100%","All Cov":"1 / 1 (100%)","Score":"256","At Least":"1","Source":"        cp_irq : coverpoint ins.asm {"}
,{"expanded":false,"Exclusion Rule Type":"None","UNR":"none","title":"auto[C_JALR]","All Average Grd":"100%","All Cov":"1 / 1 (100%)","Score":"2049","At Least":"1","Source":"        cp_irq : coverpoint ins.asm {"}
,{"expanded":false,"Exclusion Rule Type":"None","UNR":"none","title":"auto[C_LI]","All Average Grd":"100%","All Cov":"1 / 1 (100%)","Score":"4209","At Least":"1","Source":"        cp_irq : coverpoint ins.asm {"}
,{"expanded":false,"Exclusion Rule Type":"None","UNR":"none","title":"auto[C_LUI]","All Average Grd":"100%","All Cov":"1 / 1 (100%)","Score":"4161","At Least":"1","Source":"        cp_irq : coverpoint ins.asm {"}
,{"expanded":false,"Exclusion Rule Type":"None","UNR":"none","title":"auto[C_ADDI]","All Average Grd":"100%","All Cov":"1 / 1 (100%)","Score":"12337","At Least":"1","Source":"        cp_irq : coverpoint ins.asm {"}
,{"expanded":false,"Exclusion Rule Type":"None","UNR":"none","title":"auto[C_ADDI16SP]","All Average Grd":"100%","All Cov":"1 / 1 (100%)","Score":"3446","At Least":"1","Source":"        cp_irq : coverpoint ins.asm {"}
,{"expanded":false,"Exclusion Rule Type":"None","UNR":"none","title":"auto[C_ADDI4SPN]","All Average Grd":"100%","All Cov":"1 / 1 (100%)","Score":"3222","At Least":"1","Source":"        cp_irq : coverpoint ins.asm {"}
,{"expanded":false,"Exclusion Rule Type":"None","UNR":"none","title":"auto[C_MV]","All Average Grd":"100%","All Cov":"1 / 1 (100%)","Score":"4046","At Least":"1","Source":"        cp_irq : coverpoint ins.asm {"}
,{"expanded":false,"Exclusion Rule Type":"None","UNR":"none","title":"auto[C_SLLI]","All Average Grd":"100%","All Cov":"1 / 1 (100%)","Score":"4096","At Least":"1","Source":"        cp_irq : coverpoint ins.asm {"}
,{"expanded":false,"Exclusion Rule Type":"None","UNR":"none","title":"auto[C_SRLI]","All Average Grd":"100%","All Cov":"1 / 1 (100%)","Score":"4213","At Least":"1","Source":"        cp_irq : coverpoint ins.asm {"}
,{"expanded":false,"Exclusion Rule Type":"None","UNR":"none","title":"auto[C_SRAI]","All Average Grd":"100%","All Cov":"1 / 1 (100%)","Score":"4035","At Least":"1","Source":"        cp_irq : coverpoint ins.asm {"}
,{"expanded":false,"Exclusion Rule Type":"None","UNR":"none","title":"auto[C_ANDI]","All Average Grd":"100%","All Cov":"1 / 1 (100%)","Score":"4001","At Least":"1","Source":"        cp_irq : coverpoint ins.asm {"}
,{"expanded":false,"Exclusion Rule Type":"None","UNR":"none","title":"auto[C_ADD]","All Average Grd":"100%","All Cov":"1 / 1 (100%)","Score":"4088","At Least":"1","Source":"        cp_irq : coverpoint ins.asm {"}
,{"expanded":false,"Exclusion Rule Type":"None","UNR":"none","title":"auto[C_AND]","All Average Grd":"100%","All Cov":"1 / 1 (100%)","Score":"4269","At Least":"1","Source":"        cp_irq : coverpoint ins.asm {"}
,{"expanded":false,"Exclusion Rule Type":"None","UNR":"none","title":"auto[C_OR]","All Average Grd":"100%","All Cov":"1 / 1 (100%)","Score":"3839","At Least":"1","Source":"        cp_irq : coverpoint ins.asm {"}
,{"expanded":false,"Exclusion Rule Type":"None","UNR":"none","title":"auto[C_XOR]","All Average Grd":"100%","All Cov":"1 / 1 (100%)","Score":"3897","At Least":"1","Source":"        cp_irq : coverpoint ins.asm {"}
,{"expanded":false,"Exclusion Rule Type":"None","UNR":"none","title":"auto[C_SUB]","All Average Grd":"100%","All Cov":"1 / 1 (100%)","Score":"4034","At Least":"1","Source":"        cp_irq : coverpoint ins.asm {"}
,{"expanded":false,"Exclusion Rule Type":"None","UNR":"none","title":"auto[C_EBREAK]","All Average Grd":"100%","All Cov":"1 / 1 (100%)","Score":"287","At Least":"1","Source":"        cp_irq : coverpoint ins.asm {"}
],"columns":""}
]}
,{"expanded":false,"Exclusion Rule Type":"None","UNR":"none","title":"cg_wfi_exit","All Average Grd":"100%","All Cov":"84 / 84 (100%)","Enclosing Entity":"uvm_pkg.uvm_test_top.env.cov_model.interrupt_covg","Source":"    covergroup cg_wfi_exit with function sample(ins_t ins);"
,"subitems":[{"expanded":false,"Exclusion Rule Type":"None","UNR":"none","title":"cp_wfi","At Least":"1","All Average Grd":"100%","All Cov":"84 / 84 (100%)","Source":"        cp_wfi : coverpoint ins.asm {"
,"subitems":[{"expanded":false,"Exclusion Rule Type":"None","UNR":"none","title":"auto[ADD]","All Average Grd":"100%","All Cov":"1 / 1 (100%)","Score":"14372","At Least":"1","Source":"        cp_wfi : coverpoint ins.asm {"}
,{"expanded":false,"Exclusion Rule Type":"None","UNR":"none","title":"auto[ADDI]","All Average Grd":"100%","All Cov":"1 / 1 (100%)","Score":"22305","At Least":"1","Source":"        cp_wfi : coverpoint ins.asm {"}
,{"expanded":false,"Exclusion Rule Type":"None","UNR":"none","title":"auto[AND]","All Average Grd":"100%","All Cov":"1 / 1 (100%)","Score":"9822","At Least":"1","Source":"        cp_wfi : coverpoint ins.asm {"}
,{"expanded":false,"Exclusion Rule Type":"None","UNR":"none","title":"auto[ANDI]","All Average Grd":"100%","All Cov":"1 / 1 (100%)","Score":"15830","At Least":"1","Source":"        cp_wfi : coverpoint ins.asm {"}
,{"expanded":false,"Exclusion Rule Type":"None","UNR":"none","title":"auto[AUIPC]","All Average Grd":"100%","All Cov":"1 / 1 (100%)","Score":"182011","At Least":"1","Source":"        cp_wfi : coverpoint ins.asm {"}
,{"expanded":false,"Exclusion Rule Type":"None","UNR":"none","title":"auto[BEQ]","All Average Grd":"100%","All Cov":"1 / 1 (100%)","Score":"18350","At Least":"1","Source":"        cp_wfi : coverpoint ins.asm {"}
,{"expanded":false,"Exclusion Rule Type":"None","UNR":"none","title":"auto[BGE]","All Average Grd":"100%","All Cov":"1 / 1 (100%)","Score":"21978","At Least":"1","Source":"        cp_wfi : coverpoint ins.asm {"}
,{"expanded":false,"Exclusion Rule Type":"None","UNR":"none","title":"auto[BGEU]","All Average Grd":"100%","All Cov":"1 / 1 (100%)","Score":"12704","At Least":"1","Source":"        cp_wfi : coverpoint ins.asm {"}
,{"expanded":false,"Exclusion Rule Type":"None","UNR":"none","title":"auto[BLTU]","All Average Grd":"100%","All Cov":"1 / 1 (100%)","Score":"22819","At Least":"1","Source":"        cp_wfi : coverpoint ins.asm {"}
,{"expanded":false,"Exclusion Rule Type":"None","UNR":"none","title":"auto[BNE]","All Average Grd":"100%","All Cov":"1 / 1 (100%)","Score":"114269","At Least":"1","Source":"        cp_wfi : coverpoint ins.asm {"}
,{"expanded":false,"Exclusion Rule Type":"None","UNR":"none","title":"auto[BLT]","All Average Grd":"100%","All Cov":"1 / 1 (100%)","Score":"29636","At Least":"1","Source":"        cp_wfi : coverpoint ins.asm {"}
,{"expanded":false,"Exclusion Rule Type":"None","UNR":"none","title":"auto[FENCE]","All Average Grd":"100%","All Cov":"1 / 1 (100%)","Score":"12749","At Least":"1","Source":"        cp_wfi : coverpoint ins.asm {"}
,{"expanded":false,"Exclusion Rule Type":"None","UNR":"none","title":"auto[FENCE_I]","All Average Grd":"100%","All Cov":"1 / 1 (100%)","Score":"6460","At Least":"1","Source":"        cp_wfi : coverpoint ins.asm {"}
,{"expanded":false,"Exclusion Rule Type":"None","UNR":"none","title":"auto[EBREAK]","All Average Grd":"100%","All Cov":"1 / 1 (100%)","Score":"268","At Least":"1","Source":"        cp_wfi : coverpoint ins.asm {"}
,{"expanded":false,"Exclusion Rule Type":"None","UNR":"none","title":"auto[ECALL]","All Average Grd":"100%","All Cov":"1 / 1 (100%)","Score":"1","At Least":"1","Source":"        cp_wfi : coverpoint ins.asm {"}
,{"expanded":false,"Exclusion Rule Type":"None","UNR":"none","title":"auto[JAL]","All Average Grd":"100%","All Cov":"1 / 1 (100%)","Score":"352677","At Least":"1","Source":"        cp_wfi : coverpoint ins.asm {"}
,{"expanded":false,"Exclusion Rule Type":"None","UNR":"none","title":"auto[JALR]","All Average Grd":"100%","All Cov":"1 / 1 (100%)","Score":"5022","At Least":"1","Source":"        cp_wfi : coverpoint ins.asm {"}
,{"expanded":false,"Exclusion Rule Type":"None","UNR":"none","title":"auto[LB]","All Average Grd":"100%","All Cov":"1 / 1 (100%)","Score":"1541","At Least":"1","Source":"        cp_wfi : coverpoint ins.asm {"}
,{"expanded":false,"Exclusion Rule Type":"None","UNR":"none","title":"auto[LBU]","All Average Grd":"100%","All Cov":"1 / 1 (100%)","Score":"1410","At Least":"1","Source":"        cp_wfi : coverpoint ins.asm {"}
,{"expanded":false,"Exclusion Rule Type":"None","UNR":"none","title":"auto[LH]","All Average Grd":"100%","All Cov":"1 / 1 (100%)","Score":"392","At Least":"1","Source":"        cp_wfi : coverpoint ins.asm {"}
,{"expanded":false,"Exclusion Rule Type":"None","UNR":"none","title":"auto[LHU]","All Average Grd":"100%","All Cov":"1 / 1 (100%)","Score":"429","At Least":"1","Source":"        cp_wfi : coverpoint ins.asm {"}
,{"expanded":false,"Exclusion Rule Type":"None","UNR":"none","title":"auto[LUI]","All Average Grd":"100%","All Cov":"1 / 1 (100%)","Score":"12500","At Least":"1","Source":"        cp_wfi : coverpoint ins.asm {"}
,{"expanded":false,"Exclusion Rule Type":"None","UNR":"none","title":"auto[LW]","All Average Grd":"100%","All Cov":"1 / 1 (100%)","Score":"9980","At Least":"1","Source":"        cp_wfi : coverpoint ins.asm {"}
,{"expanded":false,"Exclusion Rule Type":"None","UNR":"none","title":"auto[OR]","All Average Grd":"100%","All Cov":"1 / 1 (100%)","Score":"14293","At Least":"1","Source":"        cp_wfi : coverpoint ins.asm {"}
,{"expanded":false,"Exclusion Rule Type":"None","UNR":"none","title":"auto[ORI]","All Average Grd":"100%","All Cov":"1 / 1 (100%)","Score":"13948","At Least":"1","Source":"        cp_wfi : coverpoint ins.asm {"}
,{"expanded":false,"Exclusion Rule Type":"None","UNR":"none","title":"auto[SB]","All Average Grd":"100%","All Cov":"1 / 1 (100%)","Score":"1404","At Least":"1","Source":"        cp_wfi : coverpoint ins.asm {"}
,{"expanded":false,"Exclusion Rule Type":"None","UNR":"none","title":"auto[SH]","All Average Grd":"100%","All Cov":"1 / 1 (100%)","Score":"399","At Least":"1","Source":"        cp_wfi : coverpoint ins.asm {"}
,{"expanded":false,"Exclusion Rule Type":"None","UNR":"none","title":"auto[SLL]","All Average Grd":"100%","All Cov":"1 / 1 (100%)","Score":"13566","At Least":"1","Source":"        cp_wfi : coverpoint ins.asm {"}
,{"expanded":false,"Exclusion Rule Type":"None","UNR":"none","title":"auto[SLLI]","All Average Grd":"100%","All Cov":"1 / 1 (100%)","Score":"10747","At Least":"1","Source":"        cp_wfi : coverpoint ins.asm {"}
,{"expanded":false,"Exclusion Rule Type":"None","UNR":"none","title":"auto[SLT]","All Average Grd":"100%","All Cov":"1 / 1 (100%)","Score":"10349","At Least":"1","Source":"        cp_wfi : coverpoint ins.asm {"}
,{"expanded":false,"Exclusion Rule Type":"None","UNR":"none","title":"auto[SLTI]","All Average Grd":"100%","All Cov":"1 / 1 (100%)","Score":"14777","At Least":"1","Source":"        cp_wfi : coverpoint ins.asm {"}
,{"expanded":false,"Exclusion Rule Type":"None","UNR":"none","title":"auto[SLTIU]","All Average Grd":"100%","All Cov":"1 / 1 (100%)","Score":"13565","At Least":"1","Source":"        cp_wfi : coverpoint ins.asm {"}
,{"expanded":false,"Exclusion Rule Type":"None","UNR":"none","title":"auto[SLTU]","All Average Grd":"100%","All Cov":"1 / 1 (100%)","Score":"10719","At Least":"1","Source":"        cp_wfi : coverpoint ins.asm {"}
,{"expanded":false,"Exclusion Rule Type":"None","UNR":"none","title":"auto[SRA]","All Average Grd":"100%","All Cov":"1 / 1 (100%)","Score":"21800","At Least":"1","Source":"        cp_wfi : coverpoint ins.asm {"}
,{"expanded":false,"Exclusion Rule Type":"None","UNR":"none","title":"auto[SRAI]","All Average Grd":"100%","All Cov":"1 / 1 (100%)","Score":"15918","At Least":"1","Source":"        cp_wfi : coverpoint ins.asm {"}
,{"expanded":false,"Exclusion Rule Type":"None","UNR":"none","title":"auto[SRL]","All Average Grd":"100%","All Cov":"1 / 1 (100%)","Score":"17196","At Least":"1","Source":"        cp_wfi : coverpoint ins.asm {"}
,{"expanded":false,"Exclusion Rule Type":"None","UNR":"none","title":"auto[SRLI]","All Average Grd":"100%","All Cov":"1 / 1 (100%)","Score":"22269","At Least":"1","Source":"        cp_wfi : coverpoint ins.asm {"}
,{"expanded":false,"Exclusion Rule Type":"None","UNR":"none","title":"auto[SUB]","All Average Grd":"100%","All Cov":"1 / 1 (100%)","Score":"15892","At Least":"1","Source":"        cp_wfi : coverpoint ins.asm {"}
,{"expanded":false,"Exclusion Rule Type":"None","UNR":"none","title":"auto[SW]","All Average Grd":"100%","All Cov":"1 / 1 (100%)","Score":"258","At Least":"1","Source":"        cp_wfi : coverpoint ins.asm {"}
,{"expanded":false,"Exclusion Rule Type":"None","UNR":"none","title":"auto[XOR]","All Average Grd":"100%","All Cov":"1 / 1 (100%)","Score":"23925","At Least":"1","Source":"        cp_wfi : coverpoint ins.asm {"}
,{"expanded":false,"Exclusion Rule Type":"None","UNR":"none","title":"auto[XORI]","All Average Grd":"100%","All Cov":"1 / 1 (100%)","Score":"10310","At Least":"1","Source":"        cp_wfi : coverpoint ins.asm {"}
,{"expanded":false,"Exclusion Rule Type":"None","UNR":"none","title":"auto[MUL]","All Average Grd":"100%","All Cov":"1 / 1 (100%)","Score":"20121","At Least":"1","Source":"        cp_wfi : coverpoint ins.asm {"}
,{"expanded":false,"Exclusion Rule Type":"None","UNR":"none","title":"auto[MULH]","All Average Grd":"100%","All Cov":"1 / 1 (100%)","Score":"20012","At Least":"1","Source":"        cp_wfi : coverpoint ins.asm {"}
,{"expanded":false,"Exclusion Rule Type":"None","UNR":"none","title":"auto[MULHU]","All Average Grd":"100%","All Cov":"1 / 1 (100%)","Score":"13673","At Least":"1","Source":"        cp_wfi : coverpoint ins.asm {"}
,{"expanded":false,"Exclusion Rule Type":"None","UNR":"none","title":"auto[MULHSU]","All Average Grd":"100%","All Cov":"1 / 1 (100%)","Score":"11224","At Least":"1","Source":"        cp_wfi : coverpoint ins.asm {"}
,{"expanded":false,"Exclusion Rule Type":"None","UNR":"none","title":"auto[DIV]","All Average Grd":"100%","All Cov":"1 / 1 (100%)","Score":"10284","At Least":"1","Source":"        cp_wfi : coverpoint ins.asm {"}
,{"expanded":false,"Exclusion Rule Type":"None","UNR":"none","title":"auto[REM]","All Average Grd":"100%","All Cov":"1 / 1 (100%)","Score":"21100","At Least":"1","Source":"        cp_wfi : coverpoint ins.asm {"}
,{"expanded":false,"Exclusion Rule Type":"None","UNR":"none","title":"auto[DIVU]","All Average Grd":"100%","All Cov":"1 / 1 (100%)","Score":"17786","At Least":"1","Source":"        cp_wfi : coverpoint ins.asm {"}
,{"expanded":false,"Exclusion Rule Type":"None","UNR":"none","title":"auto[REMU]","All Average Grd":"100%","All Cov":"1 / 1 (100%)","Score":"15407","At Least":"1","Source":"        cp_wfi : coverpoint ins.asm {"}
,{"expanded":false,"Exclusion Rule Type":"None","UNR":"none","title":"auto[WFI]","All Average Grd":"100%","All Cov":"1 / 1 (100%)","Score":"65599","At Least":"1","Source":"        cp_wfi : coverpoint ins.asm {"}
,{"expanded":false,"Exclusion Rule Type":"None","UNR":"none","title":"auto[MRET]","All Average Grd":"100%","All Cov":"1 / 1 (100%)","Score":"347578","At Least":"1","Source":"        cp_wfi : coverpoint ins.asm {"}
,{"expanded":false,"Exclusion Rule Type":"None","UNR":"none","title":"auto[DRET]","All Average Grd":"100%","All Cov":"1 / 1 (100%)","Score":"73021","At Least":"1","Source":"        cp_wfi : coverpoint ins.asm {"}
,{"expanded":false,"Exclusion Rule Type":"None","UNR":"none","title":"auto[CSRRW]","All Average Grd":"100%","All Cov":"1 / 1 (100%)","Score":"57493","At Least":"1","Source":"        cp_wfi : coverpoint ins.asm {"}
,{"expanded":false,"Exclusion Rule Type":"None","UNR":"none","title":"auto[CSRRC]","All Average Grd":"100%","All Cov":"1 / 1 (100%)","Score":"2482","At Least":"1","Source":"        cp_wfi : coverpoint ins.asm {"}
,{"expanded":false,"Exclusion Rule Type":"None","UNR":"none","title":"auto[CSRRS]","All Average Grd":"100%","All Cov":"1 / 1 (100%)","Score":"2551","At Least":"1","Source":"        cp_wfi : coverpoint ins.asm {"}
,{"expanded":false,"Exclusion Rule Type":"None","UNR":"none","title":"auto[CSRRCI]","All Average Grd":"100%","All Cov":"1 / 1 (100%)","Score":"2638","At Least":"1","Source":"        cp_wfi : coverpoint ins.asm {"}
,{"expanded":false,"Exclusion Rule Type":"None","UNR":"none","title":"auto[CSRRSI]","All Average Grd":"100%","All Cov":"1 / 1 (100%)","Score":"2605","At Least":"1","Source":"        cp_wfi : coverpoint ins.asm {"}
,{"expanded":false,"Exclusion Rule Type":"None","UNR":"none","title":"auto[CSRRWI]","All Average Grd":"100%","All Cov":"1 / 1 (100%)","Score":"2561","At Least":"1","Source":"        cp_wfi : coverpoint ins.asm {"}
,{"expanded":false,"Exclusion Rule Type":"None","UNR":"none","title":"auto[C_LWSP]","All Average Grd":"100%","All Cov":"1 / 1 (100%)","Score":"20","At Least":"1","Source":"        cp_wfi : coverpoint ins.asm {"}
,{"expanded":false,"Exclusion Rule Type":"None","UNR":"none","title":"auto[C_SWSP]","All Average Grd":"100%","All Cov":"1 / 1 (100%)","Score":"26","At Least":"1","Source":"        cp_wfi : coverpoint ins.asm {"}
,{"expanded":false,"Exclusion Rule Type":"None","UNR":"none","title":"auto[C_LW]","All Average Grd":"100%","All Cov":"1 / 1 (100%)","Score":"1","At Least":"1","Source":"        cp_wfi : coverpoint ins.asm {"}
,{"expanded":false,"Exclusion Rule Type":"None","UNR":"none","title":"auto[C_SW]","All Average Grd":"100%","All Cov":"1 / 1 (100%)","Score":"4","At Least":"1","Source":"        cp_wfi : coverpoint ins.asm {"}
,{"expanded":false,"Exclusion Rule Type":"None","UNR":"none","title":"auto[C_BEQZ]","All Average Grd":"100%","All Cov":"1 / 1 (100%)","Score":"14035","At Least":"1","Source":"        cp_wfi : coverpoint ins.asm {"}
,{"expanded":false,"Exclusion Rule Type":"None","UNR":"none","title":"auto[C_BNEZ]","All Average Grd":"100%","All Cov":"1 / 1 (100%)","Score":"43893","At Least":"1","Source":"        cp_wfi : coverpoint ins.asm {"}
,{"expanded":false,"Exclusion Rule Type":"None","UNR":"none","title":"auto[C_J]","All Average Grd":"100%","All Cov":"1 / 1 (100%)","Score":"90","At Least":"1","Source":"        cp_wfi : coverpoint ins.asm {"}
,{"expanded":false,"Exclusion Rule Type":"None","UNR":"none","title":"auto[C_JR]","All Average Grd":"100%","All Cov":"1 / 1 (100%)","Score":"4984","At Least":"1","Source":"        cp_wfi : coverpoint ins.asm {"}
,{"expanded":false,"Exclusion Rule Type":"None","UNR":"none","title":"auto[C_JAL]","All Average Grd":"100%","All Cov":"1 / 1 (100%)","Score":"73","At Least":"1","Source":"        cp_wfi : coverpoint ins.asm {"}
,{"expanded":false,"Exclusion Rule Type":"None","UNR":"none","title":"auto[C_JALR]","All Average Grd":"100%","All Cov":"1 / 1 (100%)","Score":"1895","At Least":"1","Source":"        cp_wfi : coverpoint ins.asm {"}
,{"expanded":false,"Exclusion Rule Type":"None","UNR":"none","title":"auto[C_LI]","All Average Grd":"100%","All Cov":"1 / 1 (100%)","Score":"8344","At Least":"1","Source":"        cp_wfi : coverpoint ins.asm {"}
,{"expanded":false,"Exclusion Rule Type":"None","UNR":"none","title":"auto[C_LUI]","All Average Grd":"100%","All Cov":"1 / 1 (100%)","Score":"19936","At Least":"1","Source":"        cp_wfi : coverpoint ins.asm {"}
,{"expanded":false,"Exclusion Rule Type":"None","UNR":"none","title":"auto[C_ADDI]","All Average Grd":"100%","All Cov":"1 / 1 (100%)","Score":"47586","At Least":"1","Source":"        cp_wfi : coverpoint ins.asm {"}
,{"expanded":false,"Exclusion Rule Type":"None","UNR":"none","title":"auto[C_ADDI16SP]","All Average Grd":"100%","All Cov":"1 / 1 (100%)","Score":"18489","At Least":"1","Source":"        cp_wfi : coverpoint ins.asm {"}
,{"expanded":false,"Exclusion Rule Type":"None","UNR":"none","title":"auto[C_ADDI4SPN]","All Average Grd":"100%","All Cov":"1 / 1 (100%)","Score":"5992","At Least":"1","Source":"        cp_wfi : coverpoint ins.asm {"}
,{"expanded":false,"Exclusion Rule Type":"None","UNR":"none","title":"auto[C_MV]","All Average Grd":"100%","All Cov":"1 / 1 (100%)","Score":"17882","At Least":"1","Source":"        cp_wfi : coverpoint ins.asm {"}
,{"expanded":false,"Exclusion Rule Type":"None","UNR":"none","title":"auto[C_SLLI]","All Average Grd":"100%","All Cov":"1 / 1 (100%)","Score":"13021","At Least":"1","Source":"        cp_wfi : coverpoint ins.asm {"}
,{"expanded":false,"Exclusion Rule Type":"None","UNR":"none","title":"auto[C_SRLI]","All Average Grd":"100%","All Cov":"1 / 1 (100%)","Score":"14358","At Least":"1","Source":"        cp_wfi : coverpoint ins.asm {"}
,{"expanded":false,"Exclusion Rule Type":"None","UNR":"none","title":"auto[C_SRAI]","All Average Grd":"100%","All Cov":"1 / 1 (100%)","Score":"9341","At Least":"1","Source":"        cp_wfi : coverpoint ins.asm {"}
,{"expanded":false,"Exclusion Rule Type":"None","UNR":"none","title":"auto[C_ANDI]","All Average Grd":"100%","All Cov":"1 / 1 (100%)","Score":"15130","At Least":"1","Source":"        cp_wfi : coverpoint ins.asm {"}
,{"expanded":false,"Exclusion Rule Type":"None","UNR":"none","title":"auto[C_ADD]","All Average Grd":"100%","All Cov":"1 / 1 (100%)","Score":"10050","At Least":"1","Source":"        cp_wfi : coverpoint ins.asm {"}
,{"expanded":false,"Exclusion Rule Type":"None","UNR":"none","title":"auto[C_AND]","All Average Grd":"100%","All Cov":"1 / 1 (100%)","Score":"22956","At Least":"1","Source":"        cp_wfi : coverpoint ins.asm {"}
,{"expanded":false,"Exclusion Rule Type":"None","UNR":"none","title":"auto[C_OR]","All Average Grd":"100%","All Cov":"1 / 1 (100%)","Score":"15335","At Least":"1","Source":"        cp_wfi : coverpoint ins.asm {"}
,{"expanded":false,"Exclusion Rule Type":"None","UNR":"none","title":"auto[C_XOR]","All Average Grd":"100%","All Cov":"1 / 1 (100%)","Score":"9987","At Least":"1","Source":"        cp_wfi : coverpoint ins.asm {"}
,{"expanded":false,"Exclusion Rule Type":"None","UNR":"none","title":"auto[C_SUB]","All Average Grd":"100%","All Cov":"1 / 1 (100%)","Score":"20637","At Least":"1","Source":"        cp_wfi : coverpoint ins.asm {"}
,{"expanded":false,"Exclusion Rule Type":"None","UNR":"none","title":"auto[C_EBREAK]","All Average Grd":"100%","All Cov":"1 / 1 (100%)","Score":"431","At Least":"1","Source":"        cp_wfi : coverpoint ins.asm {"}
],"columns":""}
]}
]
}
