{
"block_items":[],"assertion_items"
:[{"expanded":false,"Exclusion Rule Type":"None","UNR":"none","title":"a_clock_en_2","All Average Grd":"100%","Assertion Status Grd":"100%","Enclosing Entity":"uvmt_cv32_tb.dut_wrap.cv32e40p_wrapper_i.core_i.sleep_unit_i","Source":"  a_clock_en_2 : assert property(p_clock_en_2);"}
,{"expanded":false,"Exclusion Rule Type":"None","UNR":"none","title":"a_clock_en_1","All Average Grd":"100%","Assertion Status Grd":"100%","Enclosing Entity":"uvmt_cv32_tb.dut_wrap.cv32e40p_wrapper_i.core_i.sleep_unit_i","Source":"  a_clock_en_1 : assert property(p_clock_en_1);"}
,{"expanded":false,"Exclusion Rule Type":"None","UNR":"none","title":"a_clock_en_0","All Average Grd":"100%","Assertion Status Grd":"100%","Enclosing Entity":"uvmt_cv32_tb.dut_wrap.cv32e40p_wrapper_i.core_i.sleep_unit_i","Source":"  a_clock_en_0 : assert property(p_clock_en_0);"}
]
,"expression_items":[]}
