{
"block_items":[],"assertion_items"
:[{"expanded":false,"Exclusion Rule Type":"None","UNR":"none","title":"a_hwlp_update_pc","All Average Grd":"100%","Assertion Status Grd":"100%","Enclosing Entity":"uvmt_cv32_tb.dut_wrap.cv32e40p_wrapper_i.core_i.if_stage_i.aligner_i","Source":"  a_hwlp_update_pc : assert property(p_hwlp_update_pc);"}
]
,"expression_items":[],"fsm_items"
:[{"expanded":false,"Exclusion Rule Type":"None","UNR":"none","title":"state","State Average Grd":"100%","Trans Average Grd":"100%","Arc Average Grd":"n/a","Enclosing Entity":"uvmt_cv32_tb.dut_wrap.cv32e40p_wrapper_i.core_i.if_stage_i.aligner_i","Source":"  enum logic [2:0]  {ALIGNED32, MISALIGNED32, MISALIGNED16, BRANCH_MISALIGNED, WAIT_VALID_BRANCH} state, next_state;"
,"subitems":[{"expanded":false,"Exclusion Rule Type":"None","UNR":"none","title":"ALIGNED32","Encoding":"000","Score":"179641923","Is Reset State":"true","Source":"      ALIGNED32:"}
,{"expanded":false,"Exclusion Rule Type":"None","UNR":"none","title":"MISALIGNED32","Encoding":"001","Score":"172063782","Is Reset State":"false","Source":"      MISALIGNED32:"}
,{"expanded":false,"Exclusion Rule Type":"None","UNR":"none","title":"MISALIGNED16","Encoding":"010","Score":"31108865","Is Reset State":"false","Source":"      MISALIGNED16:"}
,{"expanded":false,"Exclusion Rule Type":"None","UNR":"none","title":"BRANCH_MISALIGNED","Encoding":"011","Score":"11696564","Is Reset State":"true","Source":"      BRANCH_MISALIGNED:"}
]
,"subitems1":[{"expanded":false,"Exclusion Rule Type":"None","UNR":"none","Index":"0","From State title":"ALIGNED32","To State title":"ALIGNED32","Score":"166430236","Is Reset Trans":"false"
,"subitems":[]}
,{"expanded":false,"Exclusion Rule Type":"None","UNR":"none","Index":"1","From State title":"ALIGNED32","To State title":"MISALIGNED32","Score":"11361858","Is Reset Trans":"false"
,"subitems":[]}
,{"expanded":false,"Exclusion Rule Type":"None","UNR":"none","Index":"2","From State title":"MISALIGNED32","To State title":"MISALIGNED32","Score":"152220310","Is Reset Trans":"false"
,"subitems":[]}
,{"expanded":false,"Exclusion Rule Type":"None","UNR":"none","Index":"3","From State title":"MISALIGNED32","To State title":"MISALIGNED16","Score":"14887303","Is Reset Trans":"false"
,"subitems":[]}
,{"expanded":false,"Exclusion Rule Type":"None","UNR":"none","Index":"4","From State title":"MISALIGNED16","To State title":"ALIGNED32","Score":"9089830","Is Reset Trans":"false"
,"subitems":[]}
,{"expanded":false,"Exclusion Rule Type":"None","UNR":"none","Index":"5","From State title":"MISALIGNED16","To State title":"MISALIGNED32","Score":"5512766","Is Reset Trans":"false"
,"subitems":[]}
,{"expanded":false,"Exclusion Rule Type":"None","UNR":"none","Index":"6","From State title":"BRANCH_MISALIGNED","To State title":"MISALIGNED32","Score":"2968848","Is Reset Trans":"false"
,"subitems":[]}
,{"expanded":false,"Exclusion Rule Type":"None","UNR":"none","Index":"7","From State title":"BRANCH_MISALIGNED","To State title":"ALIGNED32","Score":"1846878","Is Reset Trans":"false"
,"subitems":[]}
]}
]}
