{
"expression_items":[{"expanded":false,"expanded":false,"Exclusion Rule Type":"None","Index":"1","All Average Grd":"80%","All Cov":"4 / 5 (80%)","Src Start Line":"1454","Enclosing Entity":"uvmt_cv32_tb.dut_wrap.cv32e40p_wrapper_i.core_i.cs_registers_i.gen_mhpmcounter_write[8]","Source":"      assign mhpmcounter_write_lower[wcnt_gidx] = csr_we_int && (csr_addr_i == (CSR_MCYCLE + wcnt_gidx));"
,"subitems":[{"expanded":false,"expanded":false,"Exclusion Rule Type":"None","Index":"1","All Average Grd":"66.67%","All Cov":"2 / 3 (66.67%)","Source":"      assign mhpmcounter_write_lower[wcnt_gidx] = csr_we_int && (csr_addr_i == (CSR_MCYCLE + wcnt_gidx));","table_type":"cov"
,"subitems":[{"title":"0;-","expanded":false,"Exclusion Rule Type":"None","UNR":"none","Score":"1","Out":"n/a"}
,{"title":"-;0","expanded":false,"Exclusion Rule Type":"None","UNR":"none","Score":"1","Out":"n/a"}
,{"title":"1;1","expanded":false,"Exclusion Rule Type":"None","UNR":"none","Score":"0","Out":"n/a"}
],"cov_table_title":"Coverage Table","header":"csr_we_int && (csr_addr_i == (CSR_MCYCLE + wcnt_gidx))","columns":"csr_we_int;(csr_addr_i == (CSR_MCYCLE + wcnt_gidx))"}
]}
,{"expanded":false,"expanded":false,"Exclusion Rule Type":"None","Index":"2","All Average Grd":"66.67%","All Cov":"4 / 6 (66.67%)","Src Start Line":"1458","Enclosing Entity":"uvmt_cv32_tb.dut_wrap.cv32e40p_wrapper_i.core_i.cs_registers_i.gen_mhpmcounter_write[8]","Source":"                                                  csr_we_int && (csr_addr_i == (CSR_MCYCLEH + wcnt_gidx)) && (MHPMCOUNTER_WIDTH == 64);"
,"subitems":[{"expanded":false,"expanded":false,"Exclusion Rule Type":"None","Index":"1","All Average Grd":"50%","All Cov":"2 / 4 (50%)","Source":"                                                  csr_we_int && (csr_addr_i == (CSR_MCYCLEH + wcnt_gidx)) && (MHPMCOUNTER_WIDTH == 64);","table_type":"cov"
,"subitems":[{"title":"0;1;1;1","expanded":false,"Exclusion Rule Type":"None","UNR":"none","Score":"0","Out":"1"}
,{"title":"-;-;-;0","expanded":false,"Exclusion Rule Type":"Simulation-Const","UNR":"none","Score":"0","Out":"0","excluded":"1"}
,{"title":"-;-;0;-","expanded":false,"Exclusion Rule Type":"None","UNR":"none","Score":"1","Out":"0"}
,{"title":"-;0;-;-","expanded":false,"Exclusion Rule Type":"None","UNR":"none","Score":"1","Out":"0"}
,{"title":"1;-;-;-","expanded":false,"Exclusion Rule Type":"None","UNR":"none","Score":"0","Out":"0"}
],"cov_table_title":"Coverage Table with Output","header":"(((! mhpmcounter_write_lower[wcnt_gidx]) && csr_we_int) && (csr_addr_i == (CSR_MCYCLEH + wcnt_gidx))) && (MHPMCOUNTER_WIDTH == 64)","columns":"mhpmcounter_write_lower[wcnt_gidx];csr_we_int;(csr_addr_i == (CSR_MCYCLEH + wcnt_gidx));(MHPMCOUNTER_WIDTH == 64)"}
]}
]}
