{"assertion_items"
:[{"expanded":false,"Exclusion Rule Type":"None","UNR":"none","title":"c_irq_in_mtvec_vector","All Average Grd":"100%","Assertion Status Grd":"n/a","Enclosing Entity":"uvmt_cv32_tb.dut_wrap.cv32e40p_wrapper_i.core_i.interrupt_assert_i.gen_irq_cov[30].gen_valid","Source":"      c_irq_in_mtvec_vector: cover property(p_irq_in_mtvec(gv_i, 1));"}
,{"expanded":false,"Exclusion Rule Type":"None","UNR":"none","title":"c_irq_in_mtvec_fixed","All Average Grd":"100%","Assertion Status Grd":"n/a","Enclosing Entity":"uvmt_cv32_tb.dut_wrap.cv32e40p_wrapper_i.core_i.interrupt_assert_i.gen_irq_cov[30].gen_valid","Source":"      c_irq_in_mtvec_fixed: cover property(p_irq_in_mtvec(gv_i, 0));"}
,{"expanded":false,"Exclusion Rule Type":"None","UNR":"none","title":"c_irq_deasserted_while_enabled_not_acked","All Average Grd":"100%","Assertion Status Grd":"n/a","Enclosing Entity":"uvmt_cv32_tb.dut_wrap.cv32e40p_wrapper_i.core_i.interrupt_assert_i.gen_irq_cov[30].gen_valid","Source":"      c_irq_deasserted_while_enabled_not_acked: cover property(p_irq_deasserted_while_enabled_not_acked(gv_i));"}
,{"expanded":false,"Exclusion Rule Type":"None","UNR":"none","title":"c_irq_masked_mstatus_then_enabled","All Average Grd":"100%","Assertion Status Grd":"n/a","Enclosing Entity":"uvmt_cv32_tb.dut_wrap.cv32e40p_wrapper_i.core_i.interrupt_assert_i.gen_irq_cov[30].gen_valid","Source":"      c_irq_masked_mstatus_then_enabled: cover property(p_irq_masked_mstatus_then_enabled(gv_i));"}
,{"expanded":false,"Exclusion Rule Type":"None","UNR":"none","title":"c_irq_masked_then_enabled","All Average Grd":"100%","Assertion Status Grd":"n/a","Enclosing Entity":"uvmt_cv32_tb.dut_wrap.cv32e40p_wrapper_i.core_i.interrupt_assert_i.gen_irq_cov[30].gen_valid","Source":"      c_irq_masked_then_enabled: cover property(p_irq_masked_then_enabled(gv_i));"}
,{"expanded":false,"Exclusion Rule Type":"None","UNR":"none","title":"c_irq_taken","All Average Grd":"100%","Assertion Status Grd":"n/a","Enclosing Entity":"uvmt_cv32_tb.dut_wrap.cv32e40p_wrapper_i.core_i.interrupt_assert_i.gen_irq_cov[30].gen_valid","Source":"      c_irq_taken: cover property(p_irq_taken(gv_i));"}
,{"expanded":false,"Exclusion Rule Type":"None","UNR":"none","title":"c_irq_masked_mstatus","All Average Grd":"100%","Assertion Status Grd":"n/a","Enclosing Entity":"uvmt_cv32_tb.dut_wrap.cv32e40p_wrapper_i.core_i.interrupt_assert_i.gen_irq_cov[30].gen_valid","Source":"      c_irq_masked_mstatus: cover property(p_irq_masked_mstatus(gv_i));"}
,{"expanded":false,"Exclusion Rule Type":"None","UNR":"none","title":"c_irq_masked","All Average Grd":"100%","Assertion Status Grd":"n/a","Enclosing Entity":"uvmt_cv32_tb.dut_wrap.cv32e40p_wrapper_i.core_i.interrupt_assert_i.gen_irq_cov[30].gen_valid","Source":"      c_irq_masked: cover property(p_irq_masked(gv_i));"}
]}
