{
"block_items":[],"assertion_items"
:[{"expanded":false,"Exclusion Rule Type":"None","UNR":"none","title":"p_assertions.__assert_1","All Average Grd":"100%","Assertion Status Grd":"100%","Enclosing Entity":"uvmt_cv32_tb.dut_wrap.cv32e40p_wrapper_i.core_i.ex_stage_i.alu_i.alu_div_i","Source":"    assert (C_LOG_WIDTH == $clog2(C_WIDTH+1)) else $error(\"C_LOG_WIDTH must be $clog2(C_WIDTH+1)\");"}
]
,"expression_items":[],"fsm_items"
:[{"expanded":false,"Exclusion Rule Type":"None","UNR":"none","title":"State_SP","State Average Grd":"100%","Trans Average Grd":"100%","Arc Average Grd":"n/a","Enclosing Entity":"uvmt_cv32_tb.dut_wrap.cv32e40p_wrapper_i.core_i.ex_stage_i.alu_i.alu_div_i","Source":"  enum logic [1:0] {IDLE, DIVIDE, FINISH} State_SN, State_SP;"
,"subitems":[{"expanded":false,"Exclusion Rule Type":"None","UNR":"none","title":"IDLE","Encoding":"00","Score":"292518142","Is Reset State":"true","Source":"      IDLE: begin"}
,{"expanded":false,"Exclusion Rule Type":"None","UNR":"none","title":"DIVIDE","Encoding":"01","Score":"114632389","Is Reset State":"false","Source":"      DIVIDE: begin"}
,{"expanded":false,"Exclusion Rule Type":"None","UNR":"none","title":"FINISH","Encoding":"10","Score":"5414040","Is Reset State":"false","Source":"      FINISH: begin"}
]
,"subitems1":[{"expanded":false,"Exclusion Rule Type":"None","UNR":"none","Index":"0","From State title":"IDLE","To State title":"DIVIDE","Score":"5412052","Is Reset Trans":"false"
,"subitems":[]}
,{"expanded":false,"Exclusion Rule Type":"None","UNR":"none","Index":"1","From State title":"IDLE","To State title":"IDLE","Score":"287104240","Is Reset Trans":"false"
,"subitems":[]}
,{"expanded":false,"Exclusion Rule Type":"None","UNR":"none","Index":"2","From State title":"DIVIDE","To State title":"FINISH","Score":"5412047","Is Reset Trans":"false"
,"subitems":[]}
,{"expanded":false,"Exclusion Rule Type":"None","UNR":"none","Index":"3","From State title":"DIVIDE","To State title":"DIVIDE","Score":"109220337","Is Reset Trans":"false"
,"subitems":[]}
,{"expanded":false,"Exclusion Rule Type":"None","UNR":"none","Index":"4","From State title":"FINISH","To State title":"IDLE","Score":"5412047","Is Reset Trans":"false"
,"subitems":[]}
,{"expanded":false,"Exclusion Rule Type":"None","UNR":"none","Index":"5","From State title":"FINISH","To State title":"FINISH","Score":"1993","Is Reset Trans":"false"
,"subitems":[]}
]}
]}
