{
"block_items":[]
,"expression_items":[],"fsm_items"
:[{"expanded":false,"Exclusion Rule Type":"None","UNR":"none","title":"state_q","State Average Grd":"100%","Trans Average Grd":"100%","Arc Average Grd":"n/a","Enclosing Entity":"uvmt_cv32_tb.dut_wrap.cv32e40p_wrapper_i.core_i.if_stage_i.prefetch_buffer_i.prefetch_controller_i","Source":"  prefetch_state_e state_q, next_state;"
,"subitems":[{"expanded":false,"Exclusion Rule Type":"None","UNR":"none","title":"IDLE","Encoding":"0","Score":"409579490","Is Reset State":"true","Source":"      IDLE:"}
,{"expanded":false,"Exclusion Rule Type":"None","UNR":"none","title":"BRANCH_WAIT","Encoding":"1","Score":"2985081","Is Reset State":"false","Source":"      BRANCH_WAIT:"}
]
,"subitems1":[{"expanded":false,"Exclusion Rule Type":"None","UNR":"none","Index":"0","From State title":"IDLE","To State title":"BRANCH_WAIT","Score":"1865018","Is Reset Trans":"false"
,"subitems":[]}
,{"expanded":false,"Exclusion Rule Type":"None","UNR":"none","Index":"1","From State title":"IDLE","To State title":"IDLE","Score":"407712617","Is Reset Trans":"false"
,"subitems":[]}
,{"expanded":false,"Exclusion Rule Type":"None","UNR":"none","Index":"2","From State title":"BRANCH_WAIT","To State title":"IDLE","Score":"1865018","Is Reset Trans":"false"
,"subitems":[]}
,{"expanded":false,"Exclusion Rule Type":"None","UNR":"none","Index":"3","From State title":"BRANCH_WAIT","To State title":"BRANCH_WAIT","Score":"1120063","Is Reset Trans":"false"
,"subitems":[]}
]}
]}
