{
"block_items":[],"assertion_items"
:[{"expanded":false,"Exclusion Rule Type":"None","UNR":"none","title":"a_address_phase_signals_defined","All Average Grd":"100%","Assertion Status Grd":"100%","Enclosing Entity":"uvmt_cv32_tb.dut_wrap.cv32e40p_wrapper_i.core_i.load_store_unit_i","Source":"  a_address_phase_signals_defined : assert property(p_address_phase_signals_defined);"}
,{"expanded":false,"Exclusion Rule Type":"None","UNR":"none","title":"a_no_spurious_rvalid","All Average Grd":"100%","Assertion Status Grd":"100%","Enclosing Entity":"uvmt_cv32_tb.dut_wrap.cv32e40p_wrapper_i.core_i.load_store_unit_i","Source":"  a_no_spurious_rvalid : assert property(p_no_spurious_rvalid);"}
,{"expanded":false,"Exclusion Rule Type":"None","UNR":"none","title":"a_no_transaction_count_overflow_1","All Average Grd":"100%","Assertion Status Grd":"100%","Enclosing Entity":"uvmt_cv32_tb.dut_wrap.cv32e40p_wrapper_i.core_i.load_store_unit_i","Source":"  a_no_transaction_count_overflow_1 : assert property(p_no_transaction_count_overflow_1);"}
,{"expanded":false,"Exclusion Rule Type":"None","UNR":"none","title":"a_no_transaction_count_overflow_0","All Average Grd":"100%","Assertion Status Grd":"100%","Enclosing Entity":"uvmt_cv32_tb.dut_wrap.cv32e40p_wrapper_i.core_i.load_store_unit_i","Source":"  a_no_transaction_count_overflow_0 : assert property(p_no_transaction_count_overflow_0);"}
,{"expanded":false,"Exclusion Rule Type":"None","UNR":"none","title":"a_no_error","All Average Grd":"100%","Assertion Status Grd":"100%","Enclosing Entity":"uvmt_cv32_tb.dut_wrap.cv32e40p_wrapper_i.core_i.load_store_unit_i","Source":"  a_no_error : assert property(p_no_error);"}
]
,"expression_items":[]}
