{
"block_items":[],"assertion_items"
:[{"expanded":false,"Exclusion Rule Type":"None","UNR":"none","title":"a_addr_be_consistent","All Average Grd":"100%","Assertion Status Grd":"100%","Enclosing Entity":"uvmt_cv32_tb.dut_wrap.cv32e40p_wrapper_i.obi_instr_assert_i","Source":"  a_addr_be_consistent: assert property(p_addr_be_consistent)"}
,{"expanded":false,"Exclusion Rule Type":"None","UNR":"none","title":"a_be_contiguous","All Average Grd":"100%","Assertion Status Grd":"100%","Enclosing Entity":"uvmt_cv32_tb.dut_wrap.cv32e40p_wrapper_i.obi_instr_assert_i","Source":"  a_be_contiguous : assert property(p_be_contiguous)"}
,{"expanded":false,"Exclusion Rule Type":"None","UNR":"none","title":"a_be_not_zero","All Average Grd":"100%","Assertion Status Grd":"100%","Enclosing Entity":"uvmt_cv32_tb.dut_wrap.cv32e40p_wrapper_i.obi_instr_assert_i","Source":"  a_be_not_zero : assert property(p_be_not_zero)"}
,{"expanded":false,"Exclusion Rule Type":"None","UNR":"none","title":"a_req_until_gnt","All Average Grd":"100%","Assertion Status Grd":"100%","Enclosing Entity":"uvmt_cv32_tb.dut_wrap.cv32e40p_wrapper_i.obi_instr_assert_i","Source":"  a_req_until_gnt : assert property(p_req_until_gnt)"}
,{"expanded":false,"Exclusion Rule Type":"None","UNR":"none","title":"a_be_stable","All Average Grd":"100%","Assertion Status Grd":"100%","Enclosing Entity":"uvmt_cv32_tb.dut_wrap.cv32e40p_wrapper_i.obi_instr_assert_i","Source":"  a_be_stable: assert property(p_addr_signal_stable(be))"}
,{"expanded":false,"Exclusion Rule Type":"None","UNR":"none","title":"a_wdata_stable","All Average Grd":"100%","Assertion Status Grd":"100%","Enclosing Entity":"uvmt_cv32_tb.dut_wrap.cv32e40p_wrapper_i.obi_instr_assert_i","Source":"  a_wdata_stable: assert property(p_addr_signal_stable(wdata))"}
,{"expanded":false,"Exclusion Rule Type":"None","UNR":"none","title":"a_we_stable","All Average Grd":"100%","Assertion Status Grd":"100%","Enclosing Entity":"uvmt_cv32_tb.dut_wrap.cv32e40p_wrapper_i.obi_instr_assert_i","Source":"  a_we_stable: assert property(p_addr_signal_stable(we))"}
,{"expanded":false,"Exclusion Rule Type":"None","UNR":"none","title":"a_addr_stable","All Average Grd":"100%","Assertion Status Grd":"100%","Enclosing Entity":"uvmt_cv32_tb.dut_wrap.cv32e40p_wrapper_i.obi_instr_assert_i","Source":"  a_addr_stable: assert property(p_addr_signal_stable(addr))"}
]}
