{"cover_group_items"
:[{"expanded":false,"Exclusion Rule Type":"None","UNR":"none","title":"cg_irq_entry","All Average Grd":"100%","All Cov":"81 / 81 (100%)","Enclosing Entity":"uvm_pkg.uvm_test_top.env.cov_model.interrupt_covg","Source":"    covergroup cg_irq_entry with function sample(ins_t ins);"
,"subitems":[{"expanded":false,"Exclusion Rule Type":"None","UNR":"none","title":"cp_irq","At Least":"1","All Average Grd":"100%","All Cov":"81 / 81 (100%)","Source":"        cp_irq : coverpoint ins.asm {"
,"subitems":[{"expanded":false,"Exclusion Rule Type":"None","UNR":"none","title":"auto[ADD]","All Average Grd":"100%","All Cov":"1 / 1 (100%)","Score":"118","At Least":"1","Source":"        cp_irq : coverpoint ins.asm {"}
,{"expanded":false,"Exclusion Rule Type":"None","UNR":"none","title":"auto[ADDI]","All Average Grd":"100%","All Cov":"1 / 1 (100%)","Score":"606","At Least":"1","Source":"        cp_irq : coverpoint ins.asm {"}
,{"expanded":false,"Exclusion Rule Type":"None","UNR":"none","title":"auto[AND]","All Average Grd":"100%","All Cov":"1 / 1 (100%)","Score":"101","At Least":"1","Source":"        cp_irq : coverpoint ins.asm {"}
,{"expanded":false,"Exclusion Rule Type":"None","UNR":"none","title":"auto[ANDI]","All Average Grd":"100%","All Cov":"1 / 1 (100%)","Score":"133","At Least":"1","Source":"        cp_irq : coverpoint ins.asm {"}
,{"expanded":false,"Exclusion Rule Type":"None","UNR":"none","title":"auto[AUIPC]","All Average Grd":"100%","All Cov":"1 / 1 (100%)","Score":"343","At Least":"1","Source":"        cp_irq : coverpoint ins.asm {"}
,{"expanded":false,"Exclusion Rule Type":"None","UNR":"none","title":"auto[BEQ]","All Average Grd":"100%","All Cov":"1 / 1 (100%)","Score":"153","At Least":"1","Source":"        cp_irq : coverpoint ins.asm {"}
,{"expanded":false,"Exclusion Rule Type":"None","UNR":"none","title":"auto[BGE]","All Average Grd":"100%","All Cov":"1 / 1 (100%)","Score":"242","At Least":"1","Source":"        cp_irq : coverpoint ins.asm {"}
,{"expanded":false,"Exclusion Rule Type":"None","UNR":"none","title":"auto[BGEU]","All Average Grd":"100%","All Cov":"1 / 1 (100%)","Score":"202","At Least":"1","Source":"        cp_irq : coverpoint ins.asm {"}
,{"expanded":false,"Exclusion Rule Type":"None","UNR":"none","title":"auto[BLTU]","All Average Grd":"100%","All Cov":"1 / 1 (100%)","Score":"177","At Least":"1","Source":"        cp_irq : coverpoint ins.asm {"}
,{"expanded":false,"Exclusion Rule Type":"None","UNR":"none","title":"auto[BNE]","All Average Grd":"100%","All Cov":"1 / 1 (100%)","Score":"281","At Least":"1","Source":"        cp_irq : coverpoint ins.asm {"}
,{"expanded":false,"Exclusion Rule Type":"None","UNR":"none","title":"auto[BLT]","All Average Grd":"100%","All Cov":"1 / 1 (100%)","Score":"237","At Least":"1","Source":"        cp_irq : coverpoint ins.asm {"}
,{"expanded":false,"Exclusion Rule Type":"None","UNR":"none","title":"auto[FENCE]","All Average Grd":"100%","All Cov":"1 / 1 (100%)","Score":"459","At Least":"1","Source":"        cp_irq : coverpoint ins.asm {"}
,{"expanded":false,"Exclusion Rule Type":"None","UNR":"none","title":"auto[FENCE_I]","All Average Grd":"100%","All Cov":"1 / 1 (100%)","Score":"451","At Least":"1","Source":"        cp_irq : coverpoint ins.asm {"}
,{"expanded":false,"Exclusion Rule Type":"None","UNR":"none","title":"auto[JAL]","All Average Grd":"100%","All Cov":"1 / 1 (100%)","Score":"137","At Least":"1","Source":"        cp_irq : coverpoint ins.asm {"}
,{"expanded":false,"Exclusion Rule Type":"None","UNR":"none","title":"auto[JALR]","All Average Grd":"100%","All Cov":"1 / 1 (100%)","Score":"77","At Least":"1","Source":"        cp_irq : coverpoint ins.asm {"}
,{"expanded":false,"Exclusion Rule Type":"None","UNR":"none","title":"auto[LB]","All Average Grd":"100%","All Cov":"1 / 1 (100%)","Score":"450","At Least":"1","Source":"        cp_irq : coverpoint ins.asm {"}
,{"expanded":false,"Exclusion Rule Type":"None","UNR":"none","title":"auto[LBU]","All Average Grd":"100%","All Cov":"1 / 1 (100%)","Score":"426","At Least":"1","Source":"        cp_irq : coverpoint ins.asm {"}
,{"expanded":false,"Exclusion Rule Type":"None","UNR":"none","title":"auto[LH]","All Average Grd":"100%","All Cov":"1 / 1 (100%)","Score":"117","At Least":"1","Source":"        cp_irq : coverpoint ins.asm {"}
,{"expanded":false,"Exclusion Rule Type":"None","UNR":"none","title":"auto[LHU]","All Average Grd":"100%","All Cov":"1 / 1 (100%)","Score":"124","At Least":"1","Source":"        cp_irq : coverpoint ins.asm {"}
,{"expanded":false,"Exclusion Rule Type":"None","UNR":"none","title":"auto[LUI]","All Average Grd":"100%","All Cov":"1 / 1 (100%)","Score":"168","At Least":"1","Source":"        cp_irq : coverpoint ins.asm {"}
,{"expanded":false,"Exclusion Rule Type":"None","UNR":"none","title":"auto[LW]","All Average Grd":"100%","All Cov":"1 / 1 (100%)","Score":"151","At Least":"1","Source":"        cp_irq : coverpoint ins.asm {"}
,{"expanded":false,"Exclusion Rule Type":"None","UNR":"none","title":"auto[OR]","All Average Grd":"100%","All Cov":"1 / 1 (100%)","Score":"106","At Least":"1","Source":"        cp_irq : coverpoint ins.asm {"}
,{"expanded":false,"Exclusion Rule Type":"None","UNR":"none","title":"auto[ORI]","All Average Grd":"100%","All Cov":"1 / 1 (100%)","Score":"127","At Least":"1","Source":"        cp_irq : coverpoint ins.asm {"}
,{"expanded":false,"Exclusion Rule Type":"None","UNR":"none","title":"auto[SB]","All Average Grd":"100%","All Cov":"1 / 1 (100%)","Score":"437","At Least":"1","Source":"        cp_irq : coverpoint ins.asm {"}
,{"expanded":false,"Exclusion Rule Type":"None","UNR":"none","title":"auto[SH]","All Average Grd":"100%","All Cov":"1 / 1 (100%)","Score":"113","At Least":"1","Source":"        cp_irq : coverpoint ins.asm {"}
,{"expanded":false,"Exclusion Rule Type":"None","UNR":"none","title":"auto[SLL]","All Average Grd":"100%","All Cov":"1 / 1 (100%)","Score":"105","At Least":"1","Source":"        cp_irq : coverpoint ins.asm {"}
,{"expanded":false,"Exclusion Rule Type":"None","UNR":"none","title":"auto[SLLI]","All Average Grd":"100%","All Cov":"1 / 1 (100%)","Score":"126","At Least":"1","Source":"        cp_irq : coverpoint ins.asm {"}
,{"expanded":false,"Exclusion Rule Type":"None","UNR":"none","title":"auto[SLT]","All Average Grd":"100%","All Cov":"1 / 1 (100%)","Score":"109","At Least":"1","Source":"        cp_irq : coverpoint ins.asm {"}
,{"expanded":false,"Exclusion Rule Type":"None","UNR":"none","title":"auto[SLTI]","All Average Grd":"100%","All Cov":"1 / 1 (100%)","Score":"137","At Least":"1","Source":"        cp_irq : coverpoint ins.asm {"}
,{"expanded":false,"Exclusion Rule Type":"None","UNR":"none","title":"auto[SLTIU]","All Average Grd":"100%","All Cov":"1 / 1 (100%)","Score":"130","At Least":"1","Source":"        cp_irq : coverpoint ins.asm {"}
,{"expanded":false,"Exclusion Rule Type":"None","UNR":"none","title":"auto[SLTU]","All Average Grd":"100%","All Cov":"1 / 1 (100%)","Score":"143","At Least":"1","Source":"        cp_irq : coverpoint ins.asm {"}
,{"expanded":false,"Exclusion Rule Type":"None","UNR":"none","title":"auto[SRA]","All Average Grd":"100%","All Cov":"1 / 1 (100%)","Score":"118","At Least":"1","Source":"        cp_irq : coverpoint ins.asm {"}
,{"expanded":false,"Exclusion Rule Type":"None","UNR":"none","title":"auto[SRAI]","All Average Grd":"100%","All Cov":"1 / 1 (100%)","Score":"115","At Least":"1","Source":"        cp_irq : coverpoint ins.asm {"}
,{"expanded":false,"Exclusion Rule Type":"None","UNR":"none","title":"auto[SRL]","All Average Grd":"100%","All Cov":"1 / 1 (100%)","Score":"120","At Least":"1","Source":"        cp_irq : coverpoint ins.asm {"}
,{"expanded":false,"Exclusion Rule Type":"None","UNR":"none","title":"auto[SRLI]","All Average Grd":"100%","All Cov":"1 / 1 (100%)","Score":"125","At Least":"1","Source":"        cp_irq : coverpoint ins.asm {"}
,{"expanded":false,"Exclusion Rule Type":"None","UNR":"none","title":"auto[SUB]","All Average Grd":"100%","All Cov":"1 / 1 (100%)","Score":"103","At Least":"1","Source":"        cp_irq : coverpoint ins.asm {"}
,{"expanded":false,"Exclusion Rule Type":"None","UNR":"none","title":"auto[SW]","All Average Grd":"100%","All Cov":"1 / 1 (100%)","Score":"75","At Least":"1","Source":"        cp_irq : coverpoint ins.asm {"}
,{"expanded":false,"Exclusion Rule Type":"None","UNR":"none","title":"auto[XOR]","All Average Grd":"100%","All Cov":"1 / 1 (100%)","Score":"115","At Least":"1","Source":"        cp_irq : coverpoint ins.asm {"}
,{"expanded":false,"Exclusion Rule Type":"None","UNR":"none","title":"auto[XORI]","All Average Grd":"100%","All Cov":"1 / 1 (100%)","Score":"117","At Least":"1","Source":"        cp_irq : coverpoint ins.asm {"}
,{"expanded":false,"Exclusion Rule Type":"None","UNR":"none","title":"auto[MUL]","All Average Grd":"100%","All Cov":"1 / 1 (100%)","Score":"113","At Least":"1","Source":"        cp_irq : coverpoint ins.asm {"}
,{"expanded":false,"Exclusion Rule Type":"None","UNR":"none","title":"auto[MULH]","All Average Grd":"100%","All Cov":"1 / 1 (100%)","Score":"394","At Least":"1","Source":"        cp_irq : coverpoint ins.asm {"}
,{"expanded":false,"Exclusion Rule Type":"None","UNR":"none","title":"auto[MULHU]","All Average Grd":"100%","All Cov":"1 / 1 (100%)","Score":"427","At Least":"1","Source":"        cp_irq : coverpoint ins.asm {"}
,{"expanded":false,"Exclusion Rule Type":"None","UNR":"none","title":"auto[MULHSU]","All Average Grd":"100%","All Cov":"1 / 1 (100%)","Score":"415","At Least":"1","Source":"        cp_irq : coverpoint ins.asm {"}
,{"expanded":false,"Exclusion Rule Type":"None","UNR":"none","title":"auto[DIV]","All Average Grd":"100%","All Cov":"1 / 1 (100%)","Score":"1862","At Least":"1","Source":"        cp_irq : coverpoint ins.asm {"}
,{"expanded":false,"Exclusion Rule Type":"None","UNR":"none","title":"auto[REM]","All Average Grd":"100%","All Cov":"1 / 1 (100%)","Score":"1848","At Least":"1","Source":"        cp_irq : coverpoint ins.asm {"}
,{"expanded":false,"Exclusion Rule Type":"None","UNR":"none","title":"auto[DIVU]","All Average Grd":"100%","All Cov":"1 / 1 (100%)","Score":"1602","At Least":"1","Source":"        cp_irq : coverpoint ins.asm {"}
,{"expanded":false,"Exclusion Rule Type":"None","UNR":"none","title":"auto[REMU]","All Average Grd":"100%","All Cov":"1 / 1 (100%)","Score":"1595","At Least":"1","Source":"        cp_irq : coverpoint ins.asm {"}
,{"expanded":false,"Exclusion Rule Type":"None","UNR":"none","title":"auto[WFI]","All Average Grd":"100%","All Cov":"1 / 1 (100%)","Score":"70314","At Least":"1","Source":"        cp_irq : coverpoint ins.asm {"}
,{"expanded":false,"Exclusion Rule Type":"None","UNR":"none","title":"auto[MRET]","All Average Grd":"100%","All Cov":"1 / 1 (100%)","Score":"376420","At Least":"1","Source":"        cp_irq : coverpoint ins.asm {"}
,{"expanded":false,"Exclusion Rule Type":"None","UNR":"none","title":"auto[DRET]","All Average Grd":"100%","All Cov":"1 / 1 (100%)","Score":"5265","At Least":"1","Source":"        cp_irq : coverpoint ins.asm {"}
,{"expanded":false,"Exclusion Rule Type":"None","UNR":"none","title":"auto[CSRRW]","All Average Grd":"100%","All Cov":"1 / 1 (100%)","Score":"3603","At Least":"1","Source":"        cp_irq : coverpoint ins.asm {"}
,{"expanded":false,"Exclusion Rule Type":"None","UNR":"none","title":"auto[CSRRC]","All Average Grd":"100%","All Cov":"1 / 1 (100%)","Score":"105","At Least":"1","Source":"        cp_irq : coverpoint ins.asm {"}
,{"expanded":false,"Exclusion Rule Type":"None","UNR":"none","title":"auto[CSRRS]","All Average Grd":"100%","All Cov":"1 / 1 (100%)","Score":"576","At Least":"1","Source":"        cp_irq : coverpoint ins.asm {"}
,{"expanded":false,"Exclusion Rule Type":"None","UNR":"none","title":"auto[CSRRCI]","All Average Grd":"100%","All Cov":"1 / 1 (100%)","Score":"125","At Least":"1","Source":"        cp_irq : coverpoint ins.asm {"}
,{"expanded":false,"Exclusion Rule Type":"None","UNR":"none","title":"auto[CSRRSI]","All Average Grd":"100%","All Cov":"1 / 1 (100%)","Score":"17665","At Least":"1","Source":"        cp_irq : coverpoint ins.asm {"}
,{"expanded":false,"Exclusion Rule Type":"None","UNR":"none","title":"auto[CSRRWI]","All Average Grd":"100%","All Cov":"1 / 1 (100%)","Score":"110","At Least":"1","Source":"        cp_irq : coverpoint ins.asm {"}
,{"expanded":false,"Exclusion Rule Type":"None","UNR":"none","title":"auto[C_LWSP]","All Average Grd":"100%","All Cov":"1 / 1 (100%)","Score":"16","At Least":"1","Source":"        cp_irq : coverpoint ins.asm {"}
,{"expanded":false,"Exclusion Rule Type":"None","UNR":"none","title":"auto[C_SWSP]","All Average Grd":"100%","All Cov":"1 / 1 (100%)","Score":"10","At Least":"1","Source":"        cp_irq : coverpoint ins.asm {"}
,{"expanded":false,"Exclusion Rule Type":"None","UNR":"none","title":"auto[C_LW]","All Average Grd":"100%","All Cov":"1 / 1 (100%)","Score":"10","At Least":"1","Source":"        cp_irq : coverpoint ins.asm {"}
,{"expanded":false,"Exclusion Rule Type":"None","UNR":"none","title":"auto[C_SW]","All Average Grd":"100%","All Cov":"1 / 1 (100%)","Score":"11","At Least":"1","Source":"        cp_irq : coverpoint ins.asm {"}
,{"expanded":false,"Exclusion Rule Type":"None","UNR":"none","title":"auto[C_BEQZ]","All Average Grd":"100%","All Cov":"1 / 1 (100%)","Score":"146","At Least":"1","Source":"        cp_irq : coverpoint ins.asm {"}
,{"expanded":false,"Exclusion Rule Type":"None","UNR":"none","title":"auto[C_BNEZ]","All Average Grd":"100%","All Cov":"1 / 1 (100%)","Score":"208","At Least":"1","Source":"        cp_irq : coverpoint ins.asm {"}
,{"expanded":false,"Exclusion Rule Type":"None","UNR":"none","title":"auto[C_J]","All Average Grd":"100%","All Cov":"1 / 1 (100%)","Score":"78","At Least":"1","Source":"        cp_irq : coverpoint ins.asm {"}
,{"expanded":false,"Exclusion Rule Type":"None","UNR":"none","title":"auto[C_JR]","All Average Grd":"100%","All Cov":"1 / 1 (100%)","Score":"54","At Least":"1","Source":"        cp_irq : coverpoint ins.asm {"}
,{"expanded":false,"Exclusion Rule Type":"None","UNR":"none","title":"auto[C_JAL]","All Average Grd":"100%","All Cov":"1 / 1 (100%)","Score":"78","At Least":"1","Source":"        cp_irq : coverpoint ins.asm {"}
,{"expanded":false,"Exclusion Rule Type":"None","UNR":"none","title":"auto[C_JALR]","All Average Grd":"100%","All Cov":"1 / 1 (100%)","Score":"31","At Least":"1","Source":"        cp_irq : coverpoint ins.asm {"}
,{"expanded":false,"Exclusion Rule Type":"None","UNR":"none","title":"auto[C_LI]","All Average Grd":"100%","All Cov":"1 / 1 (100%)","Score":"153","At Least":"1","Source":"        cp_irq : coverpoint ins.asm {"}
,{"expanded":false,"Exclusion Rule Type":"None","UNR":"none","title":"auto[C_LUI]","All Average Grd":"100%","All Cov":"1 / 1 (100%)","Score":"111","At Least":"1","Source":"        cp_irq : coverpoint ins.asm {"}
,{"expanded":false,"Exclusion Rule Type":"None","UNR":"none","title":"auto[C_ADDI]","All Average Grd":"100%","All Cov":"1 / 1 (100%)","Score":"400","At Least":"1","Source":"        cp_irq : coverpoint ins.asm {"}
,{"expanded":false,"Exclusion Rule Type":"None","UNR":"none","title":"auto[C_ADDI16SP]","All Average Grd":"100%","All Cov":"1 / 1 (100%)","Score":"90","At Least":"1","Source":"        cp_irq : coverpoint ins.asm {"}
,{"expanded":false,"Exclusion Rule Type":"None","UNR":"none","title":"auto[C_ADDI4SPN]","All Average Grd":"100%","All Cov":"1 / 1 (100%)","Score":"87","At Least":"1","Source":"        cp_irq : coverpoint ins.asm {"}
,{"expanded":false,"Exclusion Rule Type":"None","UNR":"none","title":"auto[C_MV]","All Average Grd":"100%","All Cov":"1 / 1 (100%)","Score":"98","At Least":"1","Source":"        cp_irq : coverpoint ins.asm {"}
,{"expanded":false,"Exclusion Rule Type":"None","UNR":"none","title":"auto[C_SLLI]","All Average Grd":"100%","All Cov":"1 / 1 (100%)","Score":"93","At Least":"1","Source":"        cp_irq : coverpoint ins.asm {"}
,{"expanded":false,"Exclusion Rule Type":"None","UNR":"none","title":"auto[C_SRLI]","All Average Grd":"100%","All Cov":"1 / 1 (100%)","Score":"89","At Least":"1","Source":"        cp_irq : coverpoint ins.asm {"}
,{"expanded":false,"Exclusion Rule Type":"None","UNR":"none","title":"auto[C_SRAI]","All Average Grd":"100%","All Cov":"1 / 1 (100%)","Score":"99","At Least":"1","Source":"        cp_irq : coverpoint ins.asm {"}
,{"expanded":false,"Exclusion Rule Type":"None","UNR":"none","title":"auto[C_ANDI]","All Average Grd":"100%","All Cov":"1 / 1 (100%)","Score":"109","At Least":"1","Source":"        cp_irq : coverpoint ins.asm {"}
,{"expanded":false,"Exclusion Rule Type":"None","UNR":"none","title":"auto[C_ADD]","All Average Grd":"100%","All Cov":"1 / 1 (100%)","Score":"109","At Least":"1","Source":"        cp_irq : coverpoint ins.asm {"}
,{"expanded":false,"Exclusion Rule Type":"None","UNR":"none","title":"auto[C_AND]","All Average Grd":"100%","All Cov":"1 / 1 (100%)","Score":"112","At Least":"1","Source":"        cp_irq : coverpoint ins.asm {"}
,{"expanded":false,"Exclusion Rule Type":"None","UNR":"none","title":"auto[C_OR]","All Average Grd":"100%","All Cov":"1 / 1 (100%)","Score":"119","At Least":"1","Source":"        cp_irq : coverpoint ins.asm {"}
,{"expanded":false,"Exclusion Rule Type":"None","UNR":"none","title":"auto[C_XOR]","All Average Grd":"100%","All Cov":"1 / 1 (100%)","Score":"108","At Least":"1","Source":"        cp_irq : coverpoint ins.asm {"}
,{"expanded":false,"Exclusion Rule Type":"None","UNR":"none","title":"auto[C_SUB]","All Average Grd":"100%","All Cov":"1 / 1 (100%)","Score":"115","At Least":"1","Source":"        cp_irq : coverpoint ins.asm {"}
],"columns":""}
]}
,{"expanded":false,"Exclusion Rule Type":"None","UNR":"none","title":"cg_wfi_entry","All Average Grd":"100%","All Cov":"84 / 84 (100%)","Enclosing Entity":"uvm_pkg.uvm_test_top.env.cov_model.interrupt_covg","Source":"    covergroup cg_wfi_entry with function sample(ins_t ins);"
,"subitems":[{"expanded":false,"Exclusion Rule Type":"None","UNR":"none","title":"cp_wfi","At Least":"1","All Average Grd":"100%","All Cov":"84 / 84 (100%)","Source":"        cp_wfi : coverpoint ins.asm {"
,"subitems":[{"expanded":false,"Exclusion Rule Type":"None","UNR":"none","title":"auto[ADD]","All Average Grd":"100%","All Cov":"1 / 1 (100%)","Score":"20743","At Least":"1","Source":"        cp_wfi : coverpoint ins.asm {"}
,{"expanded":false,"Exclusion Rule Type":"None","UNR":"none","title":"auto[ADDI]","All Average Grd":"100%","All Cov":"1 / 1 (100%)","Score":"104183","At Least":"1","Source":"        cp_wfi : coverpoint ins.asm {"}
,{"expanded":false,"Exclusion Rule Type":"None","UNR":"none","title":"auto[AND]","All Average Grd":"100%","All Cov":"1 / 1 (100%)","Score":"12284","At Least":"1","Source":"        cp_wfi : coverpoint ins.asm {"}
,{"expanded":false,"Exclusion Rule Type":"None","UNR":"none","title":"auto[ANDI]","All Average Grd":"100%","All Cov":"1 / 1 (100%)","Score":"11713","At Least":"1","Source":"        cp_wfi : coverpoint ins.asm {"}
,{"expanded":false,"Exclusion Rule Type":"None","UNR":"none","title":"auto[AUIPC]","All Average Grd":"100%","All Cov":"1 / 1 (100%)","Score":"12100","At Least":"1","Source":"        cp_wfi : coverpoint ins.asm {"}
,{"expanded":false,"Exclusion Rule Type":"None","UNR":"none","title":"auto[BEQ]","All Average Grd":"100%","All Cov":"1 / 1 (100%)","Score":"26858","At Least":"1","Source":"        cp_wfi : coverpoint ins.asm {"}
,{"expanded":false,"Exclusion Rule Type":"None","UNR":"none","title":"auto[BGE]","All Average Grd":"100%","All Cov":"1 / 1 (100%)","Score":"13131","At Least":"1","Source":"        cp_wfi : coverpoint ins.asm {"}
,{"expanded":false,"Exclusion Rule Type":"None","UNR":"none","title":"auto[BGEU]","All Average Grd":"100%","All Cov":"1 / 1 (100%)","Score":"12203","At Least":"1","Source":"        cp_wfi : coverpoint ins.asm {"}
,{"expanded":false,"Exclusion Rule Type":"None","UNR":"none","title":"auto[BLTU]","All Average Grd":"100%","All Cov":"1 / 1 (100%)","Score":"14120","At Least":"1","Source":"        cp_wfi : coverpoint ins.asm {"}
,{"expanded":false,"Exclusion Rule Type":"None","UNR":"none","title":"auto[BNE]","All Average Grd":"100%","All Cov":"1 / 1 (100%)","Score":"12337","At Least":"1","Source":"        cp_wfi : coverpoint ins.asm {"}
,{"expanded":false,"Exclusion Rule Type":"None","UNR":"none","title":"auto[BLT]","All Average Grd":"100%","All Cov":"1 / 1 (100%)","Score":"14785","At Least":"1","Source":"        cp_wfi : coverpoint ins.asm {"}
,{"expanded":false,"Exclusion Rule Type":"None","UNR":"none","title":"auto[FENCE]","All Average Grd":"100%","All Cov":"1 / 1 (100%)","Score":"8847","At Least":"1","Source":"        cp_wfi : coverpoint ins.asm {"}
,{"expanded":false,"Exclusion Rule Type":"None","UNR":"none","title":"auto[FENCE_I]","All Average Grd":"100%","All Cov":"1 / 1 (100%)","Score":"15461","At Least":"1","Source":"        cp_wfi : coverpoint ins.asm {"}
,{"expanded":false,"Exclusion Rule Type":"None","UNR":"none","title":"auto[EBREAK]","All Average Grd":"100%","All Cov":"1 / 1 (100%)","Score":"9033","At Least":"1","Source":"        cp_wfi : coverpoint ins.asm {"}
,{"expanded":false,"Exclusion Rule Type":"None","UNR":"none","title":"auto[ECALL]","All Average Grd":"100%","All Cov":"1 / 1 (100%)","Score":"19","At Least":"1","Source":"        cp_wfi : coverpoint ins.asm {"}
,{"expanded":false,"Exclusion Rule Type":"None","UNR":"none","title":"auto[JAL]","All Average Grd":"100%","All Cov":"1 / 1 (100%)","Score":"59681","At Least":"1","Source":"        cp_wfi : coverpoint ins.asm {"}
,{"expanded":false,"Exclusion Rule Type":"None","UNR":"none","title":"auto[JALR]","All Average Grd":"100%","All Cov":"1 / 1 (100%)","Score":"122","At Least":"1","Source":"        cp_wfi : coverpoint ins.asm {"}
,{"expanded":false,"Exclusion Rule Type":"None","UNR":"none","title":"auto[LB]","All Average Grd":"100%","All Cov":"1 / 1 (100%)","Score":"10292","At Least":"1","Source":"        cp_wfi : coverpoint ins.asm {"}
,{"expanded":false,"Exclusion Rule Type":"None","UNR":"none","title":"auto[LBU]","All Average Grd":"100%","All Cov":"1 / 1 (100%)","Score":"10171","At Least":"1","Source":"        cp_wfi : coverpoint ins.asm {"}
,{"expanded":false,"Exclusion Rule Type":"None","UNR":"none","title":"auto[LH]","All Average Grd":"100%","All Cov":"1 / 1 (100%)","Score":"2831","At Least":"1","Source":"        cp_wfi : coverpoint ins.asm {"}
,{"expanded":false,"Exclusion Rule Type":"None","UNR":"none","title":"auto[LHU]","All Average Grd":"100%","All Cov":"1 / 1 (100%)","Score":"2884","At Least":"1","Source":"        cp_wfi : coverpoint ins.asm {"}
,{"expanded":false,"Exclusion Rule Type":"None","UNR":"none","title":"auto[LUI]","All Average Grd":"100%","All Cov":"1 / 1 (100%)","Score":"16119","At Least":"1","Source":"        cp_wfi : coverpoint ins.asm {"}
,{"expanded":false,"Exclusion Rule Type":"None","UNR":"none","title":"auto[LW]","All Average Grd":"100%","All Cov":"1 / 1 (100%)","Score":"1376","At Least":"1","Source":"        cp_wfi : coverpoint ins.asm {"}
,{"expanded":false,"Exclusion Rule Type":"None","UNR":"none","title":"auto[OR]","All Average Grd":"100%","All Cov":"1 / 1 (100%)","Score":"11543","At Least":"1","Source":"        cp_wfi : coverpoint ins.asm {"}
,{"expanded":false,"Exclusion Rule Type":"None","UNR":"none","title":"auto[ORI]","All Average Grd":"100%","All Cov":"1 / 1 (100%)","Score":"6443","At Least":"1","Source":"        cp_wfi : coverpoint ins.asm {"}
,{"expanded":false,"Exclusion Rule Type":"None","UNR":"none","title":"auto[SB]","All Average Grd":"100%","All Cov":"1 / 1 (100%)","Score":"10123","At Least":"1","Source":"        cp_wfi : coverpoint ins.asm {"}
,{"expanded":false,"Exclusion Rule Type":"None","UNR":"none","title":"auto[SH]","All Average Grd":"100%","All Cov":"1 / 1 (100%)","Score":"2769","At Least":"1","Source":"        cp_wfi : coverpoint ins.asm {"}
,{"expanded":false,"Exclusion Rule Type":"None","UNR":"none","title":"auto[SLL]","All Average Grd":"100%","All Cov":"1 / 1 (100%)","Score":"12290","At Least":"1","Source":"        cp_wfi : coverpoint ins.asm {"}
,{"expanded":false,"Exclusion Rule Type":"None","UNR":"none","title":"auto[SLLI]","All Average Grd":"100%","All Cov":"1 / 1 (100%)","Score":"8470","At Least":"1","Source":"        cp_wfi : coverpoint ins.asm {"}
,{"expanded":false,"Exclusion Rule Type":"None","UNR":"none","title":"auto[SLT]","All Average Grd":"100%","All Cov":"1 / 1 (100%)","Score":"18735","At Least":"1","Source":"        cp_wfi : coverpoint ins.asm {"}
,{"expanded":false,"Exclusion Rule Type":"None","UNR":"none","title":"auto[SLTI]","All Average Grd":"100%","All Cov":"1 / 1 (100%)","Score":"18353","At Least":"1","Source":"        cp_wfi : coverpoint ins.asm {"}
,{"expanded":false,"Exclusion Rule Type":"None","UNR":"none","title":"auto[SLTIU]","All Average Grd":"100%","All Cov":"1 / 1 (100%)","Score":"12068","At Least":"1","Source":"        cp_wfi : coverpoint ins.asm {"}
,{"expanded":false,"Exclusion Rule Type":"None","UNR":"none","title":"auto[SLTU]","All Average Grd":"100%","All Cov":"1 / 1 (100%)","Score":"18250","At Least":"1","Source":"        cp_wfi : coverpoint ins.asm {"}
,{"expanded":false,"Exclusion Rule Type":"None","UNR":"none","title":"auto[SRA]","All Average Grd":"100%","All Cov":"1 / 1 (100%)","Score":"13511","At Least":"1","Source":"        cp_wfi : coverpoint ins.asm {"}
,{"expanded":false,"Exclusion Rule Type":"None","UNR":"none","title":"auto[SRAI]","All Average Grd":"100%","All Cov":"1 / 1 (100%)","Score":"17049","At Least":"1","Source":"        cp_wfi : coverpoint ins.asm {"}
,{"expanded":false,"Exclusion Rule Type":"None","UNR":"none","title":"auto[SRL]","All Average Grd":"100%","All Cov":"1 / 1 (100%)","Score":"14559","At Least":"1","Source":"        cp_wfi : coverpoint ins.asm {"}
,{"expanded":false,"Exclusion Rule Type":"None","UNR":"none","title":"auto[SRLI]","All Average Grd":"100%","All Cov":"1 / 1 (100%)","Score":"15271","At Least":"1","Source":"        cp_wfi : coverpoint ins.asm {"}
,{"expanded":false,"Exclusion Rule Type":"None","UNR":"none","title":"auto[SUB]","All Average Grd":"100%","All Cov":"1 / 1 (100%)","Score":"8488","At Least":"1","Source":"        cp_wfi : coverpoint ins.asm {"}
,{"expanded":false,"Exclusion Rule Type":"None","UNR":"none","title":"auto[SW]","All Average Grd":"100%","All Cov":"1 / 1 (100%)","Score":"1474","At Least":"1","Source":"        cp_wfi : coverpoint ins.asm {"}
,{"expanded":false,"Exclusion Rule Type":"None","UNR":"none","title":"auto[XOR]","All Average Grd":"100%","All Cov":"1 / 1 (100%)","Score":"11662","At Least":"1","Source":"        cp_wfi : coverpoint ins.asm {"}
,{"expanded":false,"Exclusion Rule Type":"None","UNR":"none","title":"auto[XORI]","All Average Grd":"100%","All Cov":"1 / 1 (100%)","Score":"7401","At Least":"1","Source":"        cp_wfi : coverpoint ins.asm {"}
,{"expanded":false,"Exclusion Rule Type":"None","UNR":"none","title":"auto[MUL]","All Average Grd":"100%","All Cov":"1 / 1 (100%)","Score":"14494","At Least":"1","Source":"        cp_wfi : coverpoint ins.asm {"}
,{"expanded":false,"Exclusion Rule Type":"None","UNR":"none","title":"auto[MULH]","All Average Grd":"100%","All Cov":"1 / 1 (100%)","Score":"12873","At Least":"1","Source":"        cp_wfi : coverpoint ins.asm {"}
,{"expanded":false,"Exclusion Rule Type":"None","UNR":"none","title":"auto[MULHU]","All Average Grd":"100%","All Cov":"1 / 1 (100%)","Score":"16281","At Least":"1","Source":"        cp_wfi : coverpoint ins.asm {"}
,{"expanded":false,"Exclusion Rule Type":"None","UNR":"none","title":"auto[MULHSU]","All Average Grd":"100%","All Cov":"1 / 1 (100%)","Score":"11457","At Least":"1","Source":"        cp_wfi : coverpoint ins.asm {"}
,{"expanded":false,"Exclusion Rule Type":"None","UNR":"none","title":"auto[DIV]","All Average Grd":"100%","All Cov":"1 / 1 (100%)","Score":"21975","At Least":"1","Source":"        cp_wfi : coverpoint ins.asm {"}
,{"expanded":false,"Exclusion Rule Type":"None","UNR":"none","title":"auto[REM]","All Average Grd":"100%","All Cov":"1 / 1 (100%)","Score":"16516","At Least":"1","Source":"        cp_wfi : coverpoint ins.asm {"}
,{"expanded":false,"Exclusion Rule Type":"None","UNR":"none","title":"auto[DIVU]","All Average Grd":"100%","All Cov":"1 / 1 (100%)","Score":"9479","At Least":"1","Source":"        cp_wfi : coverpoint ins.asm {"}
,{"expanded":false,"Exclusion Rule Type":"None","UNR":"none","title":"auto[REMU]","All Average Grd":"100%","All Cov":"1 / 1 (100%)","Score":"13514","At Least":"1","Source":"        cp_wfi : coverpoint ins.asm {"}
,{"expanded":false,"Exclusion Rule Type":"None","UNR":"none","title":"auto[WFI]","All Average Grd":"100%","All Cov":"1 / 1 (100%)","Score":"28298","At Least":"1","Source":"        cp_wfi : coverpoint ins.asm {"}
,{"expanded":false,"Exclusion Rule Type":"None","UNR":"none","title":"auto[MRET]","All Average Grd":"100%","All Cov":"1 / 1 (100%)","Score":"1353","At Least":"1","Source":"        cp_wfi : coverpoint ins.asm {"}
,{"expanded":false,"Exclusion Rule Type":"None","UNR":"none","title":"auto[DRET]","All Average Grd":"100%","All Cov":"1 / 1 (100%)","Score":"8353","At Least":"1","Source":"        cp_wfi : coverpoint ins.asm {"}
,{"expanded":false,"Exclusion Rule Type":"None","UNR":"none","title":"auto[CSRRW]","All Average Grd":"100%","All Cov":"1 / 1 (100%)","Score":"712","At Least":"1","Source":"        cp_wfi : coverpoint ins.asm {"}
,{"expanded":false,"Exclusion Rule Type":"None","UNR":"none","title":"auto[CSRRC]","All Average Grd":"100%","All Cov":"1 / 1 (100%)","Score":"816","At Least":"1","Source":"        cp_wfi : coverpoint ins.asm {"}
,{"expanded":false,"Exclusion Rule Type":"None","UNR":"none","title":"auto[CSRRS]","All Average Grd":"100%","All Cov":"1 / 1 (100%)","Score":"9460","At Least":"1","Source":"        cp_wfi : coverpoint ins.asm {"}
,{"expanded":false,"Exclusion Rule Type":"None","UNR":"none","title":"auto[CSRRCI]","All Average Grd":"100%","All Cov":"1 / 1 (100%)","Score":"675","At Least":"1","Source":"        cp_wfi : coverpoint ins.asm {"}
,{"expanded":false,"Exclusion Rule Type":"None","UNR":"none","title":"auto[CSRRSI]","All Average Grd":"100%","All Cov":"1 / 1 (100%)","Score":"705","At Least":"1","Source":"        cp_wfi : coverpoint ins.asm {"}
,{"expanded":false,"Exclusion Rule Type":"None","UNR":"none","title":"auto[CSRRWI]","All Average Grd":"100%","All Cov":"1 / 1 (100%)","Score":"2432","At Least":"1","Source":"        cp_wfi : coverpoint ins.asm {"}
,{"expanded":false,"Exclusion Rule Type":"None","UNR":"none","title":"auto[C_LWSP]","All Average Grd":"100%","All Cov":"1 / 1 (100%)","Score":"1177","At Least":"1","Source":"        cp_wfi : coverpoint ins.asm {"}
,{"expanded":false,"Exclusion Rule Type":"None","UNR":"none","title":"auto[C_SWSP]","All Average Grd":"100%","All Cov":"1 / 1 (100%)","Score":"1117","At Least":"1","Source":"        cp_wfi : coverpoint ins.asm {"}
,{"expanded":false,"Exclusion Rule Type":"None","UNR":"none","title":"auto[C_LW]","All Average Grd":"100%","All Cov":"1 / 1 (100%)","Score":"959","At Least":"1","Source":"        cp_wfi : coverpoint ins.asm {"}
,{"expanded":false,"Exclusion Rule Type":"None","UNR":"none","title":"auto[C_SW]","All Average Grd":"100%","All Cov":"1 / 1 (100%)","Score":"1038","At Least":"1","Source":"        cp_wfi : coverpoint ins.asm {"}
,{"expanded":false,"Exclusion Rule Type":"None","UNR":"none","title":"auto[C_BEQZ]","All Average Grd":"100%","All Cov":"1 / 1 (100%)","Score":"23853","At Least":"1","Source":"        cp_wfi : coverpoint ins.asm {"}
,{"expanded":false,"Exclusion Rule Type":"None","UNR":"none","title":"auto[C_BNEZ]","All Average Grd":"100%","All Cov":"1 / 1 (100%)","Score":"12337","At Least":"1","Source":"        cp_wfi : coverpoint ins.asm {"}
,{"expanded":false,"Exclusion Rule Type":"None","UNR":"none","title":"auto[C_J]","All Average Grd":"100%","All Cov":"1 / 1 (100%)","Score":"207","At Least":"1","Source":"        cp_wfi : coverpoint ins.asm {"}
,{"expanded":false,"Exclusion Rule Type":"None","UNR":"none","title":"auto[C_JR]","All Average Grd":"100%","All Cov":"1 / 1 (100%)","Score":"110","At Least":"1","Source":"        cp_wfi : coverpoint ins.asm {"}
,{"expanded":false,"Exclusion Rule Type":"None","UNR":"none","title":"auto[C_JAL]","All Average Grd":"100%","All Cov":"1 / 1 (100%)","Score":"185","At Least":"1","Source":"        cp_wfi : coverpoint ins.asm {"}
,{"expanded":false,"Exclusion Rule Type":"None","UNR":"none","title":"auto[C_JALR]","All Average Grd":"100%","All Cov":"1 / 1 (100%)","Score":"34","At Least":"1","Source":"        cp_wfi : coverpoint ins.asm {"}
,{"expanded":false,"Exclusion Rule Type":"None","UNR":"none","title":"auto[C_LI]","All Average Grd":"100%","All Cov":"1 / 1 (100%)","Score":"10568","At Least":"1","Source":"        cp_wfi : coverpoint ins.asm {"}
,{"expanded":false,"Exclusion Rule Type":"None","UNR":"none","title":"auto[C_LUI]","All Average Grd":"100%","All Cov":"1 / 1 (100%)","Score":"13079","At Least":"1","Source":"        cp_wfi : coverpoint ins.asm {"}
,{"expanded":false,"Exclusion Rule Type":"None","UNR":"none","title":"auto[C_ADDI]","All Average Grd":"100%","All Cov":"1 / 1 (100%)","Score":"52245","At Least":"1","Source":"        cp_wfi : coverpoint ins.asm {"}
,{"expanded":false,"Exclusion Rule Type":"None","UNR":"none","title":"auto[C_ADDI16SP]","All Average Grd":"100%","All Cov":"1 / 1 (100%)","Score":"12018","At Least":"1","Source":"        cp_wfi : coverpoint ins.asm {"}
,{"expanded":false,"Exclusion Rule Type":"None","UNR":"none","title":"auto[C_ADDI4SPN]","All Average Grd":"100%","All Cov":"1 / 1 (100%)","Score":"18042","At Least":"1","Source":"        cp_wfi : coverpoint ins.asm {"}
,{"expanded":false,"Exclusion Rule Type":"None","UNR":"none","title":"auto[C_MV]","All Average Grd":"100%","All Cov":"1 / 1 (100%)","Score":"16419","At Least":"1","Source":"        cp_wfi : coverpoint ins.asm {"}
,{"expanded":false,"Exclusion Rule Type":"None","UNR":"none","title":"auto[C_SLLI]","All Average Grd":"100%","All Cov":"1 / 1 (100%)","Score":"10978","At Least":"1","Source":"        cp_wfi : coverpoint ins.asm {"}
,{"expanded":false,"Exclusion Rule Type":"None","UNR":"none","title":"auto[C_SRLI]","All Average Grd":"100%","All Cov":"1 / 1 (100%)","Score":"13552","At Least":"1","Source":"        cp_wfi : coverpoint ins.asm {"}
,{"expanded":false,"Exclusion Rule Type":"None","UNR":"none","title":"auto[C_SRAI]","All Average Grd":"100%","All Cov":"1 / 1 (100%)","Score":"14449","At Least":"1","Source":"        cp_wfi : coverpoint ins.asm {"}
,{"expanded":false,"Exclusion Rule Type":"None","UNR":"none","title":"auto[C_ANDI]","All Average Grd":"100%","All Cov":"1 / 1 (100%)","Score":"9562","At Least":"1","Source":"        cp_wfi : coverpoint ins.asm {"}
,{"expanded":false,"Exclusion Rule Type":"None","UNR":"none","title":"auto[C_ADD]","All Average Grd":"100%","All Cov":"1 / 1 (100%)","Score":"23901","At Least":"1","Source":"        cp_wfi : coverpoint ins.asm {"}
,{"expanded":false,"Exclusion Rule Type":"None","UNR":"none","title":"auto[C_AND]","All Average Grd":"100%","All Cov":"1 / 1 (100%)","Score":"16422","At Least":"1","Source":"        cp_wfi : coverpoint ins.asm {"}
,{"expanded":false,"Exclusion Rule Type":"None","UNR":"none","title":"auto[C_OR]","All Average Grd":"100%","All Cov":"1 / 1 (100%)","Score":"9176","At Least":"1","Source":"        cp_wfi : coverpoint ins.asm {"}
,{"expanded":false,"Exclusion Rule Type":"None","UNR":"none","title":"auto[C_XOR]","All Average Grd":"100%","All Cov":"1 / 1 (100%)","Score":"14409","At Least":"1","Source":"        cp_wfi : coverpoint ins.asm {"}
,{"expanded":false,"Exclusion Rule Type":"None","UNR":"none","title":"auto[C_SUB]","All Average Grd":"100%","All Cov":"1 / 1 (100%)","Score":"11277","At Least":"1","Source":"        cp_wfi : coverpoint ins.asm {"}
,{"expanded":false,"Exclusion Rule Type":"None","UNR":"none","title":"auto[C_EBREAK]","All Average Grd":"100%","All Cov":"1 / 1 (100%)","Score":"9571","At Least":"1","Source":"        cp_wfi : coverpoint ins.asm {"}
],"columns":""}
]}
,{"expanded":false,"Exclusion Rule Type":"None","UNR":"none","title":"cg_irq_exit","All Average Grd":"100%","All Cov":"82 / 82 (100%)","Enclosing Entity":"uvm_pkg.uvm_test_top.env.cov_model.interrupt_covg","Source":"    covergroup cg_irq_exit with function sample(ins_t ins);"
,"subitems":[{"expanded":false,"Exclusion Rule Type":"None","UNR":"none","title":"cp_irq","At Least":"1","All Average Grd":"100%","All Cov":"82 / 82 (100%)","Source":"        cp_irq : coverpoint ins.asm {"
,"subitems":[{"expanded":false,"Exclusion Rule Type":"None","UNR":"none","title":"auto[ADD]","All Average Grd":"100%","All Cov":"1 / 1 (100%)","Score":"974","At Least":"1","Source":"        cp_irq : coverpoint ins.asm {"}
,{"expanded":false,"Exclusion Rule Type":"None","UNR":"none","title":"auto[ADDI]","All Average Grd":"100%","All Cov":"1 / 1 (100%)","Score":"1870","At Least":"1","Source":"        cp_irq : coverpoint ins.asm {"}
,{"expanded":false,"Exclusion Rule Type":"None","UNR":"none","title":"auto[AND]","All Average Grd":"100%","All Cov":"1 / 1 (100%)","Score":"771","At Least":"1","Source":"        cp_irq : coverpoint ins.asm {"}
,{"expanded":false,"Exclusion Rule Type":"None","UNR":"none","title":"auto[ANDI]","All Average Grd":"100%","All Cov":"1 / 1 (100%)","Score":"978","At Least":"1","Source":"        cp_irq : coverpoint ins.asm {"}
,{"expanded":false,"Exclusion Rule Type":"None","UNR":"none","title":"auto[AUIPC]","All Average Grd":"100%","All Cov":"1 / 1 (100%)","Score":"15410","At Least":"1","Source":"        cp_irq : coverpoint ins.asm {"}
,{"expanded":false,"Exclusion Rule Type":"None","UNR":"none","title":"auto[BEQ]","All Average Grd":"100%","All Cov":"1 / 1 (100%)","Score":"825","At Least":"1","Source":"        cp_irq : coverpoint ins.asm {"}
,{"expanded":false,"Exclusion Rule Type":"None","UNR":"none","title":"auto[BGE]","All Average Grd":"100%","All Cov":"1 / 1 (100%)","Score":"762","At Least":"1","Source":"        cp_irq : coverpoint ins.asm {"}
,{"expanded":false,"Exclusion Rule Type":"None","UNR":"none","title":"auto[BGEU]","All Average Grd":"100%","All Cov":"1 / 1 (100%)","Score":"683","At Least":"1","Source":"        cp_irq : coverpoint ins.asm {"}
,{"expanded":false,"Exclusion Rule Type":"None","UNR":"none","title":"auto[BLTU]","All Average Grd":"100%","All Cov":"1 / 1 (100%)","Score":"688","At Least":"1","Source":"        cp_irq : coverpoint ins.asm {"}
,{"expanded":false,"Exclusion Rule Type":"None","UNR":"none","title":"auto[BNE]","All Average Grd":"100%","All Cov":"1 / 1 (100%)","Score":"1008","At Least":"1","Source":"        cp_irq : coverpoint ins.asm {"}
,{"expanded":false,"Exclusion Rule Type":"None","UNR":"none","title":"auto[BLT]","All Average Grd":"100%","All Cov":"1 / 1 (100%)","Score":"736","At Least":"1","Source":"        cp_irq : coverpoint ins.asm {"}
,{"expanded":false,"Exclusion Rule Type":"None","UNR":"none","title":"auto[FENCE]","All Average Grd":"100%","All Cov":"1 / 1 (100%)","Score":"757","At Least":"1","Source":"        cp_irq : coverpoint ins.asm {"}
,{"expanded":false,"Exclusion Rule Type":"None","UNR":"none","title":"auto[FENCE_I]","All Average Grd":"100%","All Cov":"1 / 1 (100%)","Score":"832","At Least":"1","Source":"        cp_irq : coverpoint ins.asm {"}
,{"expanded":false,"Exclusion Rule Type":"None","UNR":"none","title":"auto[EBREAK]","All Average Grd":"100%","All Cov":"1 / 1 (100%)","Score":"211","At Least":"1","Source":"        cp_irq : coverpoint ins.asm {"}
,{"expanded":false,"Exclusion Rule Type":"None","UNR":"none","title":"auto[ECALL]","All Average Grd":"100%","All Cov":"1 / 1 (100%)","Score":"39","At Least":"1","Source":"        cp_irq : coverpoint ins.asm {"}
,{"expanded":false,"Exclusion Rule Type":"None","UNR":"none","title":"auto[JAL]","All Average Grd":"100%","All Cov":"1 / 1 (100%)","Score":"328071","At Least":"1","Source":"        cp_irq : coverpoint ins.asm {"}
,{"expanded":false,"Exclusion Rule Type":"None","UNR":"none","title":"auto[JALR]","All Average Grd":"100%","All Cov":"1 / 1 (100%)","Score":"686","At Least":"1","Source":"        cp_irq : coverpoint ins.asm {"}
,{"expanded":false,"Exclusion Rule Type":"None","UNR":"none","title":"auto[LB]","All Average Grd":"100%","All Cov":"1 / 1 (100%)","Score":"6728","At Least":"1","Source":"        cp_irq : coverpoint ins.asm {"}
,{"expanded":false,"Exclusion Rule Type":"None","UNR":"none","title":"auto[LBU]","All Average Grd":"100%","All Cov":"1 / 1 (100%)","Score":"6411","At Least":"1","Source":"        cp_irq : coverpoint ins.asm {"}
,{"expanded":false,"Exclusion Rule Type":"None","UNR":"none","title":"auto[LH]","All Average Grd":"100%","All Cov":"1 / 1 (100%)","Score":"1797","At Least":"1","Source":"        cp_irq : coverpoint ins.asm {"}
,{"expanded":false,"Exclusion Rule Type":"None","UNR":"none","title":"auto[LHU]","All Average Grd":"100%","All Cov":"1 / 1 (100%)","Score":"1818","At Least":"1","Source":"        cp_irq : coverpoint ins.asm {"}
,{"expanded":false,"Exclusion Rule Type":"None","UNR":"none","title":"auto[LUI]","All Average Grd":"100%","All Cov":"1 / 1 (100%)","Score":"905","At Least":"1","Source":"        cp_irq : coverpoint ins.asm {"}
,{"expanded":false,"Exclusion Rule Type":"None","UNR":"none","title":"auto[LW]","All Average Grd":"100%","All Cov":"1 / 1 (100%)","Score":"791","At Least":"1","Source":"        cp_irq : coverpoint ins.asm {"}
,{"expanded":false,"Exclusion Rule Type":"None","UNR":"none","title":"auto[OR]","All Average Grd":"100%","All Cov":"1 / 1 (100%)","Score":"875","At Least":"1","Source":"        cp_irq : coverpoint ins.asm {"}
,{"expanded":false,"Exclusion Rule Type":"None","UNR":"none","title":"auto[ORI]","All Average Grd":"100%","All Cov":"1 / 1 (100%)","Score":"924","At Least":"1","Source":"        cp_irq : coverpoint ins.asm {"}
,{"expanded":false,"Exclusion Rule Type":"None","UNR":"none","title":"auto[SB]","All Average Grd":"100%","All Cov":"1 / 1 (100%)","Score":"6403","At Least":"1","Source":"        cp_irq : coverpoint ins.asm {"}
,{"expanded":false,"Exclusion Rule Type":"None","UNR":"none","title":"auto[SH]","All Average Grd":"100%","All Cov":"1 / 1 (100%)","Score":"1866","At Least":"1","Source":"        cp_irq : coverpoint ins.asm {"}
,{"expanded":false,"Exclusion Rule Type":"None","UNR":"none","title":"auto[SLL]","All Average Grd":"100%","All Cov":"1 / 1 (100%)","Score":"833","At Least":"1","Source":"        cp_irq : coverpoint ins.asm {"}
,{"expanded":false,"Exclusion Rule Type":"None","UNR":"none","title":"auto[SLLI]","All Average Grd":"100%","All Cov":"1 / 1 (100%)","Score":"862","At Least":"1","Source":"        cp_irq : coverpoint ins.asm {"}
,{"expanded":false,"Exclusion Rule Type":"None","UNR":"none","title":"auto[SLT]","All Average Grd":"100%","All Cov":"1 / 1 (100%)","Score":"908","At Least":"1","Source":"        cp_irq : coverpoint ins.asm {"}
,{"expanded":false,"Exclusion Rule Type":"None","UNR":"none","title":"auto[SLTI]","All Average Grd":"100%","All Cov":"1 / 1 (100%)","Score":"901","At Least":"1","Source":"        cp_irq : coverpoint ins.asm {"}
,{"expanded":false,"Exclusion Rule Type":"None","UNR":"none","title":"auto[SLTIU]","All Average Grd":"100%","All Cov":"1 / 1 (100%)","Score":"882","At Least":"1","Source":"        cp_irq : coverpoint ins.asm {"}
,{"expanded":false,"Exclusion Rule Type":"None","UNR":"none","title":"auto[SLTU]","All Average Grd":"100%","All Cov":"1 / 1 (100%)","Score":"860","At Least":"1","Source":"        cp_irq : coverpoint ins.asm {"}
,{"expanded":false,"Exclusion Rule Type":"None","UNR":"none","title":"auto[SRA]","All Average Grd":"100%","All Cov":"1 / 1 (100%)","Score":"928","At Least":"1","Source":"        cp_irq : coverpoint ins.asm {"}
,{"expanded":false,"Exclusion Rule Type":"None","UNR":"none","title":"auto[SRAI]","All Average Grd":"100%","All Cov":"1 / 1 (100%)","Score":"868","At Least":"1","Source":"        cp_irq : coverpoint ins.asm {"}
,{"expanded":false,"Exclusion Rule Type":"None","UNR":"none","title":"auto[SRL]","All Average Grd":"100%","All Cov":"1 / 1 (100%)","Score":"965","At Least":"1","Source":"        cp_irq : coverpoint ins.asm {"}
,{"expanded":false,"Exclusion Rule Type":"None","UNR":"none","title":"auto[SRLI]","All Average Grd":"100%","All Cov":"1 / 1 (100%)","Score":"849","At Least":"1","Source":"        cp_irq : coverpoint ins.asm {"}
,{"expanded":false,"Exclusion Rule Type":"None","UNR":"none","title":"auto[SUB]","All Average Grd":"100%","All Cov":"1 / 1 (100%)","Score":"977","At Least":"1","Source":"        cp_irq : coverpoint ins.asm {"}
,{"expanded":false,"Exclusion Rule Type":"None","UNR":"none","title":"auto[SW]","All Average Grd":"100%","All Cov":"1 / 1 (100%)","Score":"719","At Least":"1","Source":"        cp_irq : coverpoint ins.asm {"}
,{"expanded":false,"Exclusion Rule Type":"None","UNR":"none","title":"auto[XOR]","All Average Grd":"100%","All Cov":"1 / 1 (100%)","Score":"882","At Least":"1","Source":"        cp_irq : coverpoint ins.asm {"}
,{"expanded":false,"Exclusion Rule Type":"None","UNR":"none","title":"auto[XORI]","All Average Grd":"100%","All Cov":"1 / 1 (100%)","Score":"898","At Least":"1","Source":"        cp_irq : coverpoint ins.asm {"}
,{"expanded":false,"Exclusion Rule Type":"None","UNR":"none","title":"auto[MUL]","All Average Grd":"100%","All Cov":"1 / 1 (100%)","Score":"857","At Least":"1","Source":"        cp_irq : coverpoint ins.asm {"}
,{"expanded":false,"Exclusion Rule Type":"None","UNR":"none","title":"auto[MULH]","All Average Grd":"100%","All Cov":"1 / 1 (100%)","Score":"840","At Least":"1","Source":"        cp_irq : coverpoint ins.asm {"}
,{"expanded":false,"Exclusion Rule Type":"None","UNR":"none","title":"auto[MULHU]","All Average Grd":"100%","All Cov":"1 / 1 (100%)","Score":"843","At Least":"1","Source":"        cp_irq : coverpoint ins.asm {"}
,{"expanded":false,"Exclusion Rule Type":"None","UNR":"none","title":"auto[MULHSU]","All Average Grd":"100%","All Cov":"1 / 1 (100%)","Score":"824","At Least":"1","Source":"        cp_irq : coverpoint ins.asm {"}
,{"expanded":false,"Exclusion Rule Type":"None","UNR":"none","title":"auto[DIV]","All Average Grd":"100%","All Cov":"1 / 1 (100%)","Score":"832","At Least":"1","Source":"        cp_irq : coverpoint ins.asm {"}
,{"expanded":false,"Exclusion Rule Type":"None","UNR":"none","title":"auto[REM]","All Average Grd":"100%","All Cov":"1 / 1 (100%)","Score":"891","At Least":"1","Source":"        cp_irq : coverpoint ins.asm {"}
,{"expanded":false,"Exclusion Rule Type":"None","UNR":"none","title":"auto[DIVU]","All Average Grd":"100%","All Cov":"1 / 1 (100%)","Score":"848","At Least":"1","Source":"        cp_irq : coverpoint ins.asm {"}
,{"expanded":false,"Exclusion Rule Type":"None","UNR":"none","title":"auto[REMU]","All Average Grd":"100%","All Cov":"1 / 1 (100%)","Score":"810","At Least":"1","Source":"        cp_irq : coverpoint ins.asm {"}
,{"expanded":false,"Exclusion Rule Type":"None","UNR":"none","title":"auto[WFI]","All Average Grd":"100%","All Cov":"1 / 1 (100%)","Score":"1008","At Least":"1","Source":"        cp_irq : coverpoint ins.asm {"}
,{"expanded":false,"Exclusion Rule Type":"None","UNR":"none","title":"auto[CSRRW]","All Average Grd":"100%","All Cov":"1 / 1 (100%)","Score":"49464","At Least":"1","Source":"        cp_irq : coverpoint ins.asm {"}
,{"expanded":false,"Exclusion Rule Type":"None","UNR":"none","title":"auto[CSRRC]","All Average Grd":"100%","All Cov":"1 / 1 (100%)","Score":"678","At Least":"1","Source":"        cp_irq : coverpoint ins.asm {"}
,{"expanded":false,"Exclusion Rule Type":"None","UNR":"none","title":"auto[CSRRS]","All Average Grd":"100%","All Cov":"1 / 1 (100%)","Score":"15823","At Least":"1","Source":"        cp_irq : coverpoint ins.asm {"}
,{"expanded":false,"Exclusion Rule Type":"None","UNR":"none","title":"auto[CSRRCI]","All Average Grd":"100%","All Cov":"1 / 1 (100%)","Score":"708","At Least":"1","Source":"        cp_irq : coverpoint ins.asm {"}
,{"expanded":false,"Exclusion Rule Type":"None","UNR":"none","title":"auto[CSRRSI]","All Average Grd":"100%","All Cov":"1 / 1 (100%)","Score":"763","At Least":"1","Source":"        cp_irq : coverpoint ins.asm {"}
,{"expanded":false,"Exclusion Rule Type":"None","UNR":"none","title":"auto[CSRRWI]","All Average Grd":"100%","All Cov":"1 / 1 (100%)","Score":"739","At Least":"1","Source":"        cp_irq : coverpoint ins.asm {"}
,{"expanded":false,"Exclusion Rule Type":"None","UNR":"none","title":"auto[C_LWSP]","All Average Grd":"100%","All Cov":"1 / 1 (100%)","Score":"656","At Least":"1","Source":"        cp_irq : coverpoint ins.asm {"}
,{"expanded":false,"Exclusion Rule Type":"None","UNR":"none","title":"auto[C_SWSP]","All Average Grd":"100%","All Cov":"1 / 1 (100%)","Score":"604","At Least":"1","Source":"        cp_irq : coverpoint ins.asm {"}
,{"expanded":false,"Exclusion Rule Type":"None","UNR":"none","title":"auto[C_LW]","All Average Grd":"100%","All Cov":"1 / 1 (100%)","Score":"518","At Least":"1","Source":"        cp_irq : coverpoint ins.asm {"}
,{"expanded":false,"Exclusion Rule Type":"None","UNR":"none","title":"auto[C_SW]","All Average Grd":"100%","All Cov":"1 / 1 (100%)","Score":"525","At Least":"1","Source":"        cp_irq : coverpoint ins.asm {"}
,{"expanded":false,"Exclusion Rule Type":"None","UNR":"none","title":"auto[C_BEQZ]","All Average Grd":"100%","All Cov":"1 / 1 (100%)","Score":"738","At Least":"1","Source":"        cp_irq : coverpoint ins.asm {"}
,{"expanded":false,"Exclusion Rule Type":"None","UNR":"none","title":"auto[C_BNEZ]","All Average Grd":"100%","All Cov":"1 / 1 (100%)","Score":"975","At Least":"1","Source":"        cp_irq : coverpoint ins.asm {"}
,{"expanded":false,"Exclusion Rule Type":"None","UNR":"none","title":"auto[C_J]","All Average Grd":"100%","All Cov":"1 / 1 (100%)","Score":"203","At Least":"1","Source":"        cp_irq : coverpoint ins.asm {"}
,{"expanded":false,"Exclusion Rule Type":"None","UNR":"none","title":"auto[C_JR]","All Average Grd":"100%","All Cov":"1 / 1 (100%)","Score":"850","At Least":"1","Source":"        cp_irq : coverpoint ins.asm {"}
,{"expanded":false,"Exclusion Rule Type":"None","UNR":"none","title":"auto[C_JAL]","All Average Grd":"100%","All Cov":"1 / 1 (100%)","Score":"218","At Least":"1","Source":"        cp_irq : coverpoint ins.asm {"}
,{"expanded":false,"Exclusion Rule Type":"None","UNR":"none","title":"auto[C_JALR]","All Average Grd":"100%","All Cov":"1 / 1 (100%)","Score":"236","At Least":"1","Source":"        cp_irq : coverpoint ins.asm {"}
,{"expanded":false,"Exclusion Rule Type":"None","UNR":"none","title":"auto[C_LI]","All Average Grd":"100%","All Cov":"1 / 1 (100%)","Score":"829","At Least":"1","Source":"        cp_irq : coverpoint ins.asm {"}
,{"expanded":false,"Exclusion Rule Type":"None","UNR":"none","title":"auto[C_LUI]","All Average Grd":"100%","All Cov":"1 / 1 (100%)","Score":"806","At Least":"1","Source":"        cp_irq : coverpoint ins.asm {"}
,{"expanded":false,"Exclusion Rule Type":"None","UNR":"none","title":"auto[C_ADDI]","All Average Grd":"100%","All Cov":"1 / 1 (100%)","Score":"2959","At Least":"1","Source":"        cp_irq : coverpoint ins.asm {"}
,{"expanded":false,"Exclusion Rule Type":"None","UNR":"none","title":"auto[C_ADDI16SP]","All Average Grd":"100%","All Cov":"1 / 1 (100%)","Score":"733","At Least":"1","Source":"        cp_irq : coverpoint ins.asm {"}
,{"expanded":false,"Exclusion Rule Type":"None","UNR":"none","title":"auto[C_ADDI4SPN]","All Average Grd":"100%","All Cov":"1 / 1 (100%)","Score":"631","At Least":"1","Source":"        cp_irq : coverpoint ins.asm {"}
,{"expanded":false,"Exclusion Rule Type":"None","UNR":"none","title":"auto[C_MV]","All Average Grd":"100%","All Cov":"1 / 1 (100%)","Score":"886","At Least":"1","Source":"        cp_irq : coverpoint ins.asm {"}
,{"expanded":false,"Exclusion Rule Type":"None","UNR":"none","title":"auto[C_SLLI]","All Average Grd":"100%","All Cov":"1 / 1 (100%)","Score":"815","At Least":"1","Source":"        cp_irq : coverpoint ins.asm {"}
,{"expanded":false,"Exclusion Rule Type":"None","UNR":"none","title":"auto[C_SRLI]","All Average Grd":"100%","All Cov":"1 / 1 (100%)","Score":"899","At Least":"1","Source":"        cp_irq : coverpoint ins.asm {"}
,{"expanded":false,"Exclusion Rule Type":"None","UNR":"none","title":"auto[C_SRAI]","All Average Grd":"100%","All Cov":"1 / 1 (100%)","Score":"938","At Least":"1","Source":"        cp_irq : coverpoint ins.asm {"}
,{"expanded":false,"Exclusion Rule Type":"None","UNR":"none","title":"auto[C_ANDI]","All Average Grd":"100%","All Cov":"1 / 1 (100%)","Score":"995","At Least":"1","Source":"        cp_irq : coverpoint ins.asm {"}
,{"expanded":false,"Exclusion Rule Type":"None","UNR":"none","title":"auto[C_ADD]","All Average Grd":"100%","All Cov":"1 / 1 (100%)","Score":"931","At Least":"1","Source":"        cp_irq : coverpoint ins.asm {"}
,{"expanded":false,"Exclusion Rule Type":"None","UNR":"none","title":"auto[C_AND]","All Average Grd":"100%","All Cov":"1 / 1 (100%)","Score":"902","At Least":"1","Source":"        cp_irq : coverpoint ins.asm {"}
,{"expanded":false,"Exclusion Rule Type":"None","UNR":"none","title":"auto[C_OR]","All Average Grd":"100%","All Cov":"1 / 1 (100%)","Score":"814","At Least":"1","Source":"        cp_irq : coverpoint ins.asm {"}
,{"expanded":false,"Exclusion Rule Type":"None","UNR":"none","title":"auto[C_XOR]","All Average Grd":"100%","All Cov":"1 / 1 (100%)","Score":"826","At Least":"1","Source":"        cp_irq : coverpoint ins.asm {"}
,{"expanded":false,"Exclusion Rule Type":"None","UNR":"none","title":"auto[C_SUB]","All Average Grd":"100%","All Cov":"1 / 1 (100%)","Score":"767","At Least":"1","Source":"        cp_irq : coverpoint ins.asm {"}
,{"expanded":false,"Exclusion Rule Type":"None","UNR":"none","title":"auto[C_EBREAK]","All Average Grd":"100%","All Cov":"1 / 1 (100%)","Score":"214","At Least":"1","Source":"        cp_irq : coverpoint ins.asm {"}
],"columns":""}
]}
,{"expanded":false,"Exclusion Rule Type":"None","UNR":"none","title":"cg_wfi_exit","All Average Grd":"100%","All Cov":"84 / 84 (100%)","Enclosing Entity":"uvm_pkg.uvm_test_top.env.cov_model.interrupt_covg","Source":"    covergroup cg_wfi_exit with function sample(ins_t ins);"
,"subitems":[{"expanded":false,"Exclusion Rule Type":"None","UNR":"none","title":"cp_wfi","At Least":"1","All Average Grd":"100%","All Cov":"84 / 84 (100%)","Source":"        cp_wfi : coverpoint ins.asm {"
,"subitems":[{"expanded":false,"Exclusion Rule Type":"None","UNR":"none","title":"auto[ADD]","All Average Grd":"100%","All Cov":"1 / 1 (100%)","Score":"3891","At Least":"1","Source":"        cp_wfi : coverpoint ins.asm {"}
,{"expanded":false,"Exclusion Rule Type":"None","UNR":"none","title":"auto[ADDI]","All Average Grd":"100%","All Cov":"1 / 1 (100%)","Score":"19654","At Least":"1","Source":"        cp_wfi : coverpoint ins.asm {"}
,{"expanded":false,"Exclusion Rule Type":"None","UNR":"none","title":"auto[AND]","All Average Grd":"100%","All Cov":"1 / 1 (100%)","Score":"9345","At Least":"1","Source":"        cp_wfi : coverpoint ins.asm {"}
,{"expanded":false,"Exclusion Rule Type":"None","UNR":"none","title":"auto[ANDI]","All Average Grd":"100%","All Cov":"1 / 1 (100%)","Score":"16747","At Least":"1","Source":"        cp_wfi : coverpoint ins.asm {"}
,{"expanded":false,"Exclusion Rule Type":"None","UNR":"none","title":"auto[AUIPC]","All Average Grd":"100%","All Cov":"1 / 1 (100%)","Score":"27561","At Least":"1","Source":"        cp_wfi : coverpoint ins.asm {"}
,{"expanded":false,"Exclusion Rule Type":"None","UNR":"none","title":"auto[BEQ]","All Average Grd":"100%","All Cov":"1 / 1 (100%)","Score":"2100","At Least":"1","Source":"        cp_wfi : coverpoint ins.asm {"}
,{"expanded":false,"Exclusion Rule Type":"None","UNR":"none","title":"auto[BGE]","All Average Grd":"100%","All Cov":"1 / 1 (100%)","Score":"22621","At Least":"1","Source":"        cp_wfi : coverpoint ins.asm {"}
,{"expanded":false,"Exclusion Rule Type":"None","UNR":"none","title":"auto[BGEU]","All Average Grd":"100%","All Cov":"1 / 1 (100%)","Score":"10415","At Least":"1","Source":"        cp_wfi : coverpoint ins.asm {"}
,{"expanded":false,"Exclusion Rule Type":"None","UNR":"none","title":"auto[BLTU]","All Average Grd":"100%","All Cov":"1 / 1 (100%)","Score":"13133","At Least":"1","Source":"        cp_wfi : coverpoint ins.asm {"}
,{"expanded":false,"Exclusion Rule Type":"None","UNR":"none","title":"auto[BNE]","All Average Grd":"100%","All Cov":"1 / 1 (100%)","Score":"70196","At Least":"1","Source":"        cp_wfi : coverpoint ins.asm {"}
,{"expanded":false,"Exclusion Rule Type":"None","UNR":"none","title":"auto[BLT]","All Average Grd":"100%","All Cov":"1 / 1 (100%)","Score":"19905","At Least":"1","Source":"        cp_wfi : coverpoint ins.asm {"}
,{"expanded":false,"Exclusion Rule Type":"None","UNR":"none","title":"auto[FENCE]","All Average Grd":"100%","All Cov":"1 / 1 (100%)","Score":"517","At Least":"1","Source":"        cp_wfi : coverpoint ins.asm {"}
,{"expanded":false,"Exclusion Rule Type":"None","UNR":"none","title":"auto[FENCE_I]","All Average Grd":"100%","All Cov":"1 / 1 (100%)","Score":"2681","At Least":"1","Source":"        cp_wfi : coverpoint ins.asm {"}
,{"expanded":false,"Exclusion Rule Type":"None","UNR":"none","title":"auto[EBREAK]","All Average Grd":"100%","All Cov":"1 / 1 (100%)","Score":"355","At Least":"1","Source":"        cp_wfi : coverpoint ins.asm {"}
,{"expanded":false,"Exclusion Rule Type":"None","UNR":"none","title":"auto[ECALL]","All Average Grd":"100%","All Cov":"1 / 1 (100%)","Score":"18","At Least":"1","Source":"        cp_wfi : coverpoint ins.asm {"}
,{"expanded":false,"Exclusion Rule Type":"None","UNR":"none","title":"auto[JAL]","All Average Grd":"100%","All Cov":"1 / 1 (100%)","Score":"60655","At Least":"1","Source":"        cp_wfi : coverpoint ins.asm {"}
,{"expanded":false,"Exclusion Rule Type":"None","UNR":"none","title":"auto[JALR]","All Average Grd":"100%","All Cov":"1 / 1 (100%)","Score":"447","At Least":"1","Source":"        cp_wfi : coverpoint ins.asm {"}
,{"expanded":false,"Exclusion Rule Type":"None","UNR":"none","title":"auto[LB]","All Average Grd":"100%","All Cov":"1 / 1 (100%)","Score":"4889","At Least":"1","Source":"        cp_wfi : coverpoint ins.asm {"}
,{"expanded":false,"Exclusion Rule Type":"None","UNR":"none","title":"auto[LBU]","All Average Grd":"100%","All Cov":"1 / 1 (100%)","Score":"4732","At Least":"1","Source":"        cp_wfi : coverpoint ins.asm {"}
,{"expanded":false,"Exclusion Rule Type":"None","UNR":"none","title":"auto[LH]","All Average Grd":"100%","All Cov":"1 / 1 (100%)","Score":"1438","At Least":"1","Source":"        cp_wfi : coverpoint ins.asm {"}
,{"expanded":false,"Exclusion Rule Type":"None","UNR":"none","title":"auto[LHU]","All Average Grd":"100%","All Cov":"1 / 1 (100%)","Score":"1274","At Least":"1","Source":"        cp_wfi : coverpoint ins.asm {"}
,{"expanded":false,"Exclusion Rule Type":"None","UNR":"none","title":"auto[LUI]","All Average Grd":"100%","All Cov":"1 / 1 (100%)","Score":"19491","At Least":"1","Source":"        cp_wfi : coverpoint ins.asm {"}
,{"expanded":false,"Exclusion Rule Type":"None","UNR":"none","title":"auto[LW]","All Average Grd":"100%","All Cov":"1 / 1 (100%)","Score":"4528","At Least":"1","Source":"        cp_wfi : coverpoint ins.asm {"}
,{"expanded":false,"Exclusion Rule Type":"None","UNR":"none","title":"auto[OR]","All Average Grd":"100%","All Cov":"1 / 1 (100%)","Score":"6757","At Least":"1","Source":"        cp_wfi : coverpoint ins.asm {"}
,{"expanded":false,"Exclusion Rule Type":"None","UNR":"none","title":"auto[ORI]","All Average Grd":"100%","All Cov":"1 / 1 (100%)","Score":"9769","At Least":"1","Source":"        cp_wfi : coverpoint ins.asm {"}
,{"expanded":false,"Exclusion Rule Type":"None","UNR":"none","title":"auto[SB]","All Average Grd":"100%","All Cov":"1 / 1 (100%)","Score":"4898","At Least":"1","Source":"        cp_wfi : coverpoint ins.asm {"}
,{"expanded":false,"Exclusion Rule Type":"None","UNR":"none","title":"auto[SH]","All Average Grd":"100%","All Cov":"1 / 1 (100%)","Score":"1291","At Least":"1","Source":"        cp_wfi : coverpoint ins.asm {"}
,{"expanded":false,"Exclusion Rule Type":"None","UNR":"none","title":"auto[SLL]","All Average Grd":"100%","All Cov":"1 / 1 (100%)","Score":"24279","At Least":"1","Source":"        cp_wfi : coverpoint ins.asm {"}
,{"expanded":false,"Exclusion Rule Type":"None","UNR":"none","title":"auto[SLLI]","All Average Grd":"100%","All Cov":"1 / 1 (100%)","Score":"18504","At Least":"1","Source":"        cp_wfi : coverpoint ins.asm {"}
,{"expanded":false,"Exclusion Rule Type":"None","UNR":"none","title":"auto[SLT]","All Average Grd":"100%","All Cov":"1 / 1 (100%)","Score":"17920","At Least":"1","Source":"        cp_wfi : coverpoint ins.asm {"}
,{"expanded":false,"Exclusion Rule Type":"None","UNR":"none","title":"auto[SLTI]","All Average Grd":"100%","All Cov":"1 / 1 (100%)","Score":"8942","At Least":"1","Source":"        cp_wfi : coverpoint ins.asm {"}
,{"expanded":false,"Exclusion Rule Type":"None","UNR":"none","title":"auto[SLTIU]","All Average Grd":"100%","All Cov":"1 / 1 (100%)","Score":"8968","At Least":"1","Source":"        cp_wfi : coverpoint ins.asm {"}
,{"expanded":false,"Exclusion Rule Type":"None","UNR":"none","title":"auto[SLTU]","All Average Grd":"100%","All Cov":"1 / 1 (100%)","Score":"15519","At Least":"1","Source":"        cp_wfi : coverpoint ins.asm {"}
,{"expanded":false,"Exclusion Rule Type":"None","UNR":"none","title":"auto[SRA]","All Average Grd":"100%","All Cov":"1 / 1 (100%)","Score":"16717","At Least":"1","Source":"        cp_wfi : coverpoint ins.asm {"}
,{"expanded":false,"Exclusion Rule Type":"None","UNR":"none","title":"auto[SRAI]","All Average Grd":"100%","All Cov":"1 / 1 (100%)","Score":"14317","At Least":"1","Source":"        cp_wfi : coverpoint ins.asm {"}
,{"expanded":false,"Exclusion Rule Type":"None","UNR":"none","title":"auto[SRL]","All Average Grd":"100%","All Cov":"1 / 1 (100%)","Score":"6406","At Least":"1","Source":"        cp_wfi : coverpoint ins.asm {"}
,{"expanded":false,"Exclusion Rule Type":"None","UNR":"none","title":"auto[SRLI]","All Average Grd":"100%","All Cov":"1 / 1 (100%)","Score":"10569","At Least":"1","Source":"        cp_wfi : coverpoint ins.asm {"}
,{"expanded":false,"Exclusion Rule Type":"None","UNR":"none","title":"auto[SUB]","All Average Grd":"100%","All Cov":"1 / 1 (100%)","Score":"10933","At Least":"1","Source":"        cp_wfi : coverpoint ins.asm {"}
,{"expanded":false,"Exclusion Rule Type":"None","UNR":"none","title":"auto[SW]","All Average Grd":"100%","All Cov":"1 / 1 (100%)","Score":"542","At Least":"1","Source":"        cp_wfi : coverpoint ins.asm {"}
,{"expanded":false,"Exclusion Rule Type":"None","UNR":"none","title":"auto[XOR]","All Average Grd":"100%","All Cov":"1 / 1 (100%)","Score":"16154","At Least":"1","Source":"        cp_wfi : coverpoint ins.asm {"}
,{"expanded":false,"Exclusion Rule Type":"None","UNR":"none","title":"auto[XORI]","All Average Grd":"100%","All Cov":"1 / 1 (100%)","Score":"13199","At Least":"1","Source":"        cp_wfi : coverpoint ins.asm {"}
,{"expanded":false,"Exclusion Rule Type":"None","UNR":"none","title":"auto[MUL]","All Average Grd":"100%","All Cov":"1 / 1 (100%)","Score":"13974","At Least":"1","Source":"        cp_wfi : coverpoint ins.asm {"}
,{"expanded":false,"Exclusion Rule Type":"None","UNR":"none","title":"auto[MULH]","All Average Grd":"100%","All Cov":"1 / 1 (100%)","Score":"8861","At Least":"1","Source":"        cp_wfi : coverpoint ins.asm {"}
,{"expanded":false,"Exclusion Rule Type":"None","UNR":"none","title":"auto[MULHU]","All Average Grd":"100%","All Cov":"1 / 1 (100%)","Score":"4938","At Least":"1","Source":"        cp_wfi : coverpoint ins.asm {"}
,{"expanded":false,"Exclusion Rule Type":"None","UNR":"none","title":"auto[MULHSU]","All Average Grd":"100%","All Cov":"1 / 1 (100%)","Score":"15092","At Least":"1","Source":"        cp_wfi : coverpoint ins.asm {"}
,{"expanded":false,"Exclusion Rule Type":"None","UNR":"none","title":"auto[DIV]","All Average Grd":"100%","All Cov":"1 / 1 (100%)","Score":"4650","At Least":"1","Source":"        cp_wfi : coverpoint ins.asm {"}
,{"expanded":false,"Exclusion Rule Type":"None","UNR":"none","title":"auto[REM]","All Average Grd":"100%","All Cov":"1 / 1 (100%)","Score":"13060","At Least":"1","Source":"        cp_wfi : coverpoint ins.asm {"}
,{"expanded":false,"Exclusion Rule Type":"None","UNR":"none","title":"auto[DIVU]","All Average Grd":"100%","All Cov":"1 / 1 (100%)","Score":"16247","At Least":"1","Source":"        cp_wfi : coverpoint ins.asm {"}
,{"expanded":false,"Exclusion Rule Type":"None","UNR":"none","title":"auto[REMU]","All Average Grd":"100%","All Cov":"1 / 1 (100%)","Score":"15131","At Least":"1","Source":"        cp_wfi : coverpoint ins.asm {"}
,{"expanded":false,"Exclusion Rule Type":"None","UNR":"none","title":"auto[WFI]","All Average Grd":"100%","All Cov":"1 / 1 (100%)","Score":"28298","At Least":"1","Source":"        cp_wfi : coverpoint ins.asm {"}
,{"expanded":false,"Exclusion Rule Type":"None","UNR":"none","title":"auto[MRET]","All Average Grd":"100%","All Cov":"1 / 1 (100%)","Score":"58747","At Least":"1","Source":"        cp_wfi : coverpoint ins.asm {"}
,{"expanded":false,"Exclusion Rule Type":"None","UNR":"none","title":"auto[DRET]","All Average Grd":"100%","All Cov":"1 / 1 (100%)","Score":"55436","At Least":"1","Source":"        cp_wfi : coverpoint ins.asm {"}
,{"expanded":false,"Exclusion Rule Type":"None","UNR":"none","title":"auto[CSRRW]","All Average Grd":"100%","All Cov":"1 / 1 (100%)","Score":"10184","At Least":"1","Source":"        cp_wfi : coverpoint ins.asm {"}
,{"expanded":false,"Exclusion Rule Type":"None","UNR":"none","title":"auto[CSRRC]","All Average Grd":"100%","All Cov":"1 / 1 (100%)","Score":"413","At Least":"1","Source":"        cp_wfi : coverpoint ins.asm {"}
,{"expanded":false,"Exclusion Rule Type":"None","UNR":"none","title":"auto[CSRRS]","All Average Grd":"100%","All Cov":"1 / 1 (100%)","Score":"569","At Least":"1","Source":"        cp_wfi : coverpoint ins.asm {"}
,{"expanded":false,"Exclusion Rule Type":"None","UNR":"none","title":"auto[CSRRCI]","All Average Grd":"100%","All Cov":"1 / 1 (100%)","Score":"469","At Least":"1","Source":"        cp_wfi : coverpoint ins.asm {"}
,{"expanded":false,"Exclusion Rule Type":"None","UNR":"none","title":"auto[CSRRSI]","All Average Grd":"100%","All Cov":"1 / 1 (100%)","Score":"406","At Least":"1","Source":"        cp_wfi : coverpoint ins.asm {"}
,{"expanded":false,"Exclusion Rule Type":"None","UNR":"none","title":"auto[CSRRWI]","All Average Grd":"100%","All Cov":"1 / 1 (100%)","Score":"642","At Least":"1","Source":"        cp_wfi : coverpoint ins.asm {"}
,{"expanded":false,"Exclusion Rule Type":"None","UNR":"none","title":"auto[C_LWSP]","All Average Grd":"100%","All Cov":"1 / 1 (100%)","Score":"565","At Least":"1","Source":"        cp_wfi : coverpoint ins.asm {"}
,{"expanded":false,"Exclusion Rule Type":"None","UNR":"none","title":"auto[C_SWSP]","All Average Grd":"100%","All Cov":"1 / 1 (100%)","Score":"516","At Least":"1","Source":"        cp_wfi : coverpoint ins.asm {"}
,{"expanded":false,"Exclusion Rule Type":"None","UNR":"none","title":"auto[C_LW]","All Average Grd":"100%","All Cov":"1 / 1 (100%)","Score":"479","At Least":"1","Source":"        cp_wfi : coverpoint ins.asm {"}
,{"expanded":false,"Exclusion Rule Type":"None","UNR":"none","title":"auto[C_SW]","All Average Grd":"100%","All Cov":"1 / 1 (100%)","Score":"451","At Least":"1","Source":"        cp_wfi : coverpoint ins.asm {"}
,{"expanded":false,"Exclusion Rule Type":"None","UNR":"none","title":"auto[C_BEQZ]","All Average Grd":"100%","All Cov":"1 / 1 (100%)","Score":"7915","At Least":"1","Source":"        cp_wfi : coverpoint ins.asm {"}
,{"expanded":false,"Exclusion Rule Type":"None","UNR":"none","title":"auto[C_BNEZ]","All Average Grd":"100%","All Cov":"1 / 1 (100%)","Score":"56520","At Least":"1","Source":"        cp_wfi : coverpoint ins.asm {"}
,{"expanded":false,"Exclusion Rule Type":"None","UNR":"none","title":"auto[C_J]","All Average Grd":"100%","All Cov":"1 / 1 (100%)","Score":"73","At Least":"1","Source":"        cp_wfi : coverpoint ins.asm {"}
,{"expanded":false,"Exclusion Rule Type":"None","UNR":"none","title":"auto[C_JR]","All Average Grd":"100%","All Cov":"1 / 1 (100%)","Score":"478","At Least":"1","Source":"        cp_wfi : coverpoint ins.asm {"}
,{"expanded":false,"Exclusion Rule Type":"None","UNR":"none","title":"auto[C_JAL]","All Average Grd":"100%","All Cov":"1 / 1 (100%)","Score":"62","At Least":"1","Source":"        cp_wfi : coverpoint ins.asm {"}
,{"expanded":false,"Exclusion Rule Type":"None","UNR":"none","title":"auto[C_JALR]","All Average Grd":"100%","All Cov":"1 / 1 (100%)","Score":"162","At Least":"1","Source":"        cp_wfi : coverpoint ins.asm {"}
,{"expanded":false,"Exclusion Rule Type":"None","UNR":"none","title":"auto[C_LI]","All Average Grd":"100%","All Cov":"1 / 1 (100%)","Score":"6498","At Least":"1","Source":"        cp_wfi : coverpoint ins.asm {"}
,{"expanded":false,"Exclusion Rule Type":"None","UNR":"none","title":"auto[C_LUI]","All Average Grd":"100%","All Cov":"1 / 1 (100%)","Score":"16837","At Least":"1","Source":"        cp_wfi : coverpoint ins.asm {"}
,{"expanded":false,"Exclusion Rule Type":"None","UNR":"none","title":"auto[C_ADDI]","All Average Grd":"100%","All Cov":"1 / 1 (100%)","Score":"30096","At Least":"1","Source":"        cp_wfi : coverpoint ins.asm {"}
,{"expanded":false,"Exclusion Rule Type":"None","UNR":"none","title":"auto[C_ADDI16SP]","All Average Grd":"100%","All Cov":"1 / 1 (100%)","Score":"15423","At Least":"1","Source":"        cp_wfi : coverpoint ins.asm {"}
,{"expanded":false,"Exclusion Rule Type":"None","UNR":"none","title":"auto[C_ADDI4SPN]","All Average Grd":"100%","All Cov":"1 / 1 (100%)","Score":"20240","At Least":"1","Source":"        cp_wfi : coverpoint ins.asm {"}
,{"expanded":false,"Exclusion Rule Type":"None","UNR":"none","title":"auto[C_MV]","All Average Grd":"100%","All Cov":"1 / 1 (100%)","Score":"20412","At Least":"1","Source":"        cp_wfi : coverpoint ins.asm {"}
,{"expanded":false,"Exclusion Rule Type":"None","UNR":"none","title":"auto[C_SLLI]","All Average Grd":"100%","All Cov":"1 / 1 (100%)","Score":"10046","At Least":"1","Source":"        cp_wfi : coverpoint ins.asm {"}
,{"expanded":false,"Exclusion Rule Type":"None","UNR":"none","title":"auto[C_SRLI]","All Average Grd":"100%","All Cov":"1 / 1 (100%)","Score":"20005","At Least":"1","Source":"        cp_wfi : coverpoint ins.asm {"}
,{"expanded":false,"Exclusion Rule Type":"None","UNR":"none","title":"auto[C_SRAI]","All Average Grd":"100%","All Cov":"1 / 1 (100%)","Score":"10847","At Least":"1","Source":"        cp_wfi : coverpoint ins.asm {"}
,{"expanded":false,"Exclusion Rule Type":"None","UNR":"none","title":"auto[C_ANDI]","All Average Grd":"100%","All Cov":"1 / 1 (100%)","Score":"13887","At Least":"1","Source":"        cp_wfi : coverpoint ins.asm {"}
,{"expanded":false,"Exclusion Rule Type":"None","UNR":"none","title":"auto[C_ADD]","All Average Grd":"100%","All Cov":"1 / 1 (100%)","Score":"8512","At Least":"1","Source":"        cp_wfi : coverpoint ins.asm {"}
,{"expanded":false,"Exclusion Rule Type":"None","UNR":"none","title":"auto[C_AND]","All Average Grd":"100%","All Cov":"1 / 1 (100%)","Score":"8999","At Least":"1","Source":"        cp_wfi : coverpoint ins.asm {"}
,{"expanded":false,"Exclusion Rule Type":"None","UNR":"none","title":"auto[C_OR]","All Average Grd":"100%","All Cov":"1 / 1 (100%)","Score":"19438","At Least":"1","Source":"        cp_wfi : coverpoint ins.asm {"}
,{"expanded":false,"Exclusion Rule Type":"None","UNR":"none","title":"auto[C_XOR]","All Average Grd":"100%","All Cov":"1 / 1 (100%)","Score":"13585","At Least":"1","Source":"        cp_wfi : coverpoint ins.asm {"}
,{"expanded":false,"Exclusion Rule Type":"None","UNR":"none","title":"auto[C_SUB]","All Average Grd":"100%","All Cov":"1 / 1 (100%)","Score":"12179","At Least":"1","Source":"        cp_wfi : coverpoint ins.asm {"}
,{"expanded":false,"Exclusion Rule Type":"None","UNR":"none","title":"auto[C_EBREAK]","All Average Grd":"100%","All Cov":"1 / 1 (100%)","Score":"398","At Least":"1","Source":"        cp_wfi : coverpoint ins.asm {"}
],"columns":""}
]}
]
}
