{
"block_items":[{"expanded":false,"Exclusion Rule Type":"None","UNR":"none","Index":"36","Blk Type":"true part of","Src Start Line":"408","Score":"0","All Average Grd":"0%","Enclosing Entity":"uvmt_cv32_tb","Source":"              irq_mip[irq_idx] <= 1'b0;"}
,{"expanded":false,"Exclusion Rule Type":"None","UNR":"none","Index":"56","Blk Type":"a case item of","Src Start Line":"480","Score":"0","All Average Grd":"0%","Enclosing Entity":"uvmt_cv32_tb","Source":"                default: begin"}
,{"expanded":false,"Exclusion Rule Type":"None","UNR":"none","Index":"81","Blk Type":"true part of","Src Start Line":"541","Score":"0","All Average Grd":"0%","Enclosing Entity":"uvmt_cv32_tb","Source":"     if (!clknrst_if.reset_n) begin"}
,{"expanded":false,"Exclusion Rule Type":"None","UNR":"none","Index":"85","Blk Type":"true part of","Src Start Line":"552","Score":"0","All Average Grd":"0%","Enclosing Entity":"uvmt_cv32_tb","Source":"       if (vp_status_if.tests_failed) begin"}
]
,"expression_items":[{"expanded":false,"expanded":false,"Exclusion Rule Type":"None","Index":"12","All Average Grd":"66.67%","All Cov":"4 / 6 (66.67%)","Src Start Line":"388","Enclosing Entity":"uvmt_cv32_tb","Source":"        iss_wrap.b1.irq_i = iss_wrap.b1.deferint ? dut_wrap.irq :"
,"subitems":[{"expanded":false,"expanded":false,"Exclusion Rule Type":"None","Index":"1","All Average Grd":"66.67%","All Cov":"4 / 6 (66.67%)","Source":"        iss_wrap.b1.irq_i = iss_wrap.b1.deferint ? dut_wrap.irq :","table_type":"cov"
,"subitems":[{"title":"0;-;1;-;1","expanded":false,"Exclusion Rule Type":"None","UNR":"none","Score":"1","Out":"1"}
,{"title":"0;-;0;1;-","expanded":false,"Exclusion Rule Type":"None","UNR":"none","Score":"1","Out":"1"}
,{"title":"1;1;-;-;-","expanded":false,"Exclusion Rule Type":"None","UNR":"none","Score":"1","Out":"1"}
,{"title":"0;-;1;-;0","expanded":false,"Exclusion Rule Type":"None","UNR":"none","Score":"0","Out":"0"}
,{"title":"0;-;0;0;-","expanded":false,"Exclusion Rule Type":"None","UNR":"none","Score":"0","Out":"0"}
,{"title":"1;0;-;-;-","expanded":false,"Exclusion Rule Type":"None","UNR":"none","Score":"1","Out":"0"}
],"cov_table_title":"Coverage Table with Output","header":"iss_wrap.b1.deferint ? dut_wrap.irq : ((! deferint_ack) ? irq_deferint_ack : irq_deferint_sleep)","columns":"iss_wrap.b1.deferint;dut_wrap.irq;deferint_ack;irq_deferint_ack;irq_deferint_sleep"}
]}
,{"expanded":false,"expanded":false,"Exclusion Rule Type":"None","Index":"15","All Average Grd":"66.67%","All Cov":"2 / 3 (66.67%)","Src Start Line":"407","Enclosing Entity":"uvmt_cv32_tb","Source":"            else if (step_compare_if.ovp_b1_Step && iss_wrap.b1.deferint == 0)"
,"subitems":[{"expanded":false,"expanded":false,"Exclusion Rule Type":"None","Index":"1","All Average Grd":"66.67%","All Cov":"2 / 3 (66.67%)","Source":"            else if (step_compare_if.ovp_b1_Step && iss_wrap.b1.deferint == 0)","table_type":"cov"
,"subitems":[{"title":"1;0","expanded":false,"Exclusion Rule Type":"None","UNR":"none","Score":"0","Out":"1"}
,{"title":"-;1","expanded":false,"Exclusion Rule Type":"None","UNR":"none","Score":"1","Out":"0"}
,{"title":"0;-","expanded":false,"Exclusion Rule Type":"None","UNR":"none","Score":"1","Out":"0"}
],"cov_table_title":"Coverage Table with Output","header":"step_compare_if.ovp_b1_Step && (iss_wrap.b1.deferint == 0)","columns":"step_compare_if.ovp_b1_Step;iss_wrap.b1.deferint"}
]}
,{"expanded":false,"expanded":false,"Exclusion Rule Type":"None","Index":"24","All Average Grd":"50%","All Cov":"1 / 2 (50%)","Src Start Line":"541","Enclosing Entity":"uvmt_cv32_tb","Source":"     if (!clknrst_if.reset_n) begin"
,"subitems":[{"expanded":false,"expanded":false,"Exclusion Rule Type":"None","Index":"1","All Average Grd":"50%","All Cov":"1 / 2 (50%)","Source":"     if (!clknrst_if.reset_n) begin","table_type":"cov"
,"subitems":[{"title":"1","expanded":false,"Exclusion Rule Type":"None","UNR":"none","Score":"1","Out":"n/a"}
,{"title":"0","expanded":false,"Exclusion Rule Type":"None","UNR":"none","Score":"0","Out":"n/a"}
],"cov_table_title":"Coverage Table","header":"! clknrst_if.reset_n","columns":"clknrst_if.reset_n"}
]}
]}
