{
"block_items":[],"assertion_items"
:[{"expanded":false,"Exclusion Rule Type":"None","UNR":"none","title":"a_dbg_flush_to_taken_if","All Average Grd":"100%","Assertion Status Grd":"100%","Enclosing Entity":"uvmt_cv32_tb.dut_wrap.cv32e40p_wrapper_i.core_i.id_stage_i.controller_i","Source":"  a_dbg_flush_to_taken_if : assert property (@(posedge clk) disable iff (!rst_n) (ctrl_fsm_cs == DBG_FLUSH) && (ctrl_fsm_ns == DBG_TAKEN_IF) |-> debug_single_step_i);"}
,{"expanded":false,"Exclusion Rule Type":"None","UNR":"none","title":"a_first_fetch_id_ready","All Average Grd":"100%","Assertion Status Grd":"100%","Enclosing Entity":"uvmt_cv32_tb.dut_wrap.cv32e40p_wrapper_i.core_i.id_stage_i.controller_i","Source":"  a_first_fetch_id_ready : assert property (@(posedge clk) disable iff (!rst_n) (ctrl_fsm_cs == FIRST_FETCH) |-> (id_ready_i == 1'b1));"}
,{"expanded":false,"Exclusion Rule Type":"None","UNR":"none","title":"a_debug_halted_equals_debug_mode","All Average Grd":"100%","Assertion Status Grd":"100%","Enclosing Entity":"uvmt_cv32_tb.dut_wrap.cv32e40p_wrapper_i.core_i.id_stage_i.controller_i","Source":"  a_debug_halted_equals_debug_mode : assert property (@(posedge clk) disable iff (!rst_n) (1'b1) |-> (debug_mode_q == debug_halted_o));"}
,{"expanded":false,"Exclusion Rule Type":"None","UNR":"none","title":"a_debug_state_onehot","All Average Grd":"100%","Assertion Status Grd":"100%","Enclosing Entity":"uvmt_cv32_tb.dut_wrap.cv32e40p_wrapper_i.core_i.id_stage_i.controller_i","Source":"  a_debug_state_onehot : assert property (@(posedge clk) $onehot({debug_havereset_o, debug_running_o, debug_halted_o}));"}
,{"expanded":false,"Exclusion Rule Type":"None","UNR":"none","title":"a_dbg_flush","All Average Grd":"100%","Assertion Status Grd":"100%","Enclosing Entity":"uvmt_cv32_tb.dut_wrap.cv32e40p_wrapper_i.core_i.id_stage_i.controller_i","Source":"  a_dbg_flush : assert property (@(posedge clk)  disable iff (!rst_n)  (ctrl_fsm_cs==DBG_FLUSH) |-> (ctrl_fsm_ns!=DBG_FLUSH) );"}
,{"expanded":false,"Exclusion Rule Type":"None","UNR":"none","title":"a_single_step_dbg_taken_if","All Average Grd":"100%","Assertion Status Grd":"100%","Enclosing Entity":"uvmt_cv32_tb.dut_wrap.cv32e40p_wrapper_i.core_i.id_stage_i.controller_i","Source":"  a_single_step_dbg_taken_if : assert property (@(posedge clk)  disable iff (!rst_n)  (ctrl_fsm_ns==DBG_TAKEN_IF) |-> ((~debug_mode_q && debug_single_step_i) || debug_force_wakeup_n));"}
,{"expanded":false,"Exclusion Rule Type":"None","UNR":"none","title":"a_pulp_cluster_excluded_states","All Average Grd":"100%","Assertion Status Grd":"100%","Enclosing Entity":"uvmt_cv32_tb.dut_wrap.cv32e40p_wrapper_i.core_i.id_stage_i.controller_i","Source":"  a_pulp_cluster_excluded_states : assert property(p_pulp_cluster_excluded_states);"}
,{"expanded":false,"Exclusion Rule Type":"None","UNR":"none","title":"a_pulp_cluster_only_states","All Average Grd":"100%","Assertion Status Grd":"100%","Enclosing Entity":"uvmt_cv32_tb.dut_wrap.cv32e40p_wrapper_i.core_i.id_stage_i.controller_i","Source":"  a_pulp_cluster_only_states : assert property(p_pulp_cluster_only_states);"}
,{"expanded":false,"Exclusion Rule Type":"None","UNR":"none","title":"__assert_1","All Average Grd":"100%","Assertion Status Grd":"100%","Enclosing Entity":"uvmt_cv32_tb.dut_wrap.cv32e40p_wrapper_i.core_i.id_stage_i.controller_i","Source":"  assert property ("}
]
,"expression_items":[],"fsm_items"
:[{"expanded":false,"Exclusion Rule Type":"None","UNR":"none","title":"debug_fsm_cs","State Average Grd":"100%","Trans Average Grd":"100%","Arc Average Grd":"n/a","Enclosing Entity":"uvmt_cv32_tb.dut_wrap.cv32e40p_wrapper_i.core_i.id_stage_i.controller_i","Source":"  debug_state_e debug_fsm_cs, debug_fsm_ns;"
,"subitems":[{"expanded":false,"Exclusion Rule Type":"None","UNR":"none","title":"HAVERESET","Encoding":"001","Score":"3867","Is Reset State":"true","Source":"      HAVERESET:"}
,{"expanded":false,"Exclusion Rule Type":"None","UNR":"none","title":"RUNNING","Encoding":"010","Score":"221832990","Is Reset State":"false","Source":"      RUNNING:"}
,{"expanded":false,"Exclusion Rule Type":"None","UNR":"none","title":"HALTED","Encoding":"100","Score":"168470236","Is Reset State":"false","Source":"      HALTED:"}
]
,"subitems1":[{"expanded":false,"Exclusion Rule Type":"None","UNR":"none","Index":"0","From State title":"HAVERESET","To State title":"HALTED","Score":"151","Is Reset Trans":"false"
,"subitems":[]}
,{"expanded":false,"Exclusion Rule Type":"None","UNR":"none","Index":"1","From State title":"HAVERESET","To State title":"RUNNING","Score":"1707","Is Reset Trans":"false"
,"subitems":[]}
,{"expanded":false,"Exclusion Rule Type":"None","UNR":"none","Index":"2","From State title":"HAVERESET","To State title":"HAVERESET","Score":"2009","Is Reset Trans":"false"
,"subitems":[]}
,{"expanded":false,"Exclusion Rule Type":"None","UNR":"none","Index":"3","From State title":"RUNNING","To State title":"HALTED","Score":"307384","Is Reset Trans":"false"
,"subitems":[]}
,{"expanded":false,"Exclusion Rule Type":"None","UNR":"none","Index":"4","From State title":"RUNNING","To State title":"RUNNING","Score":"221523771","Is Reset Trans":"false"
,"subitems":[]}
,{"expanded":false,"Exclusion Rule Type":"None","UNR":"none","Index":"5","From State title":"HALTED","To State title":"RUNNING","Score":"307512","Is Reset Trans":"false"
,"subitems":[]}
,{"expanded":false,"Exclusion Rule Type":"None","UNR":"none","Index":"6","From State title":"HALTED","To State title":"HALTED","Score":"168162701","Is Reset Trans":"false"
,"subitems":[]}
]}
,{"expanded":false,"Exclusion Rule Type":"None","UNR":"none","title":"ctrl_fsm_cs","State Average Grd":"100%","Trans Average Grd":"100%","Arc Average Grd":"n/a","Enclosing Entity":"uvmt_cv32_tb.dut_wrap.cv32e40p_wrapper_i.core_i.id_stage_i.controller_i","Source":"  ctrl_state_e ctrl_fsm_cs, ctrl_fsm_ns;"
,"subitems":[{"expanded":false,"Exclusion Rule Type":"None","UNR":"none","title":"RESET","Encoding":"00000","Score":"1858","Is Reset State":"true","Source":"      RESET:"}
,{"expanded":false,"Exclusion Rule Type":"None","UNR":"none","title":"BOOT_SET","Encoding":"00001","Score":"1858","Is Reset State":"false","Source":"      BOOT_SET:"}
,{"expanded":false,"Exclusion Rule Type":"None","UNR":"none","title":"WAIT_SLEEP","Encoding":"00011","Score":"241872","Is Reset State":"false","Source":"      WAIT_SLEEP:"}
,{"expanded":false,"Exclusion Rule Type":"None","UNR":"none","title":"SLEEP","Encoding":"00010","Score":"343989","Is Reset State":"false","Source":"      SLEEP:"}
,{"expanded":false,"Exclusion Rule Type":"None","UNR":"none","title":"FIRST_FETCH","Encoding":"00100","Score":"199692","Is Reset State":"false","Source":"      FIRST_FETCH:"}
,{"expanded":false,"Exclusion Rule Type":"None","UNR":"none","title":"DECODE","Encoding":"00101","Score":"375846001","Is Reset State":"false","Source":"      DECODE:"}
,{"expanded":false,"Exclusion Rule Type":"Analysis Time","UNR":"none","title":"DECODE_HWLOOP","Encoding":"01111","Score":"0","Is Reset State":"false","Source":"      DECODE_HWLOOP:","excluded":"1"}
,{"expanded":false,"Exclusion Rule Type":"None","UNR":"none","title":"FLUSH_EX","Encoding":"01000","Score":"6216439","Is Reset State":"false","Source":"      FLUSH_EX:"}
,{"expanded":false,"Exclusion Rule Type":"Analysis Time","UNR":"none","title":"IRQ_FLUSH_ELW","Encoding":"00110","Score":"0","Is Reset State":"false","Source":"      IRQ_FLUSH_ELW:","excluded":"1"}
,{"expanded":false,"Exclusion Rule Type":"Analysis Time","UNR":"none","title":"ELW_EXE","Encoding":"00111","Score":"0","Is Reset State":"false","Source":"      ELW_EXE:","excluded":"1"}
,{"expanded":false,"Exclusion Rule Type":"None","UNR":"none","title":"FLUSH_WB","Encoding":"01001","Score":"5918159","Is Reset State":"false","Source":"      FLUSH_WB:"}
,{"expanded":false,"Exclusion Rule Type":"None","UNR":"none","title":"XRET_JUMP","Encoding":"01010","Score":"914285","Is Reset State":"false","Source":"      XRET_JUMP:"}
,{"expanded":false,"Exclusion Rule Type":"None","UNR":"none","title":"DBG_WAIT_BRANCH","Encoding":"01110","Score":"16296","Is Reset State":"false","Source":"      DBG_WAIT_BRANCH:"}
,{"expanded":false,"Exclusion Rule Type":"None","UNR":"none","title":"DBG_TAKEN_ID","Encoding":"01011","Score":"159378","Is Reset State":"false","Source":"      DBG_TAKEN_ID:"}
,{"expanded":false,"Exclusion Rule Type":"None","UNR":"none","title":"DBG_TAKEN_IF","Encoding":"01100","Score":"165142","Is Reset State":"false","Source":"      DBG_TAKEN_IF:"}
,{"expanded":false,"Exclusion Rule Type":"None","UNR":"none","title":"DBG_FLUSH","Encoding":"01101","Score":"282124","Is Reset State":"false","Source":"      DBG_FLUSH:"}
]
,"subitems1":[{"expanded":false,"Exclusion Rule Type":"None","UNR":"none","Index":"0","From State title":"RESET","To State title":"BOOT_SET","Score":"1858","Is Reset Trans":"false"
,"subitems":[]}
,{"expanded":false,"Exclusion Rule Type":"Analysis Time","UNR":"none","Index":"1","From State title":"RESET","To State title":"RESET","Score":"0","Is Reset Trans":"false","excluded":"1"
,"subitems":[]}
,{"expanded":false,"Exclusion Rule Type":"None","UNR":"none","Index":"2","From State title":"BOOT_SET","To State title":"DBG_TAKEN_IF","Score":"151","Is Reset Trans":"false"
,"subitems":[]}
,{"expanded":false,"Exclusion Rule Type":"None","UNR":"none","Index":"3","From State title":"BOOT_SET","To State title":"FIRST_FETCH","Score":"1707","Is Reset Trans":"false"
,"subitems":[]}
,{"expanded":false,"Exclusion Rule Type":"None","UNR":"none","Index":"4","From State title":"WAIT_SLEEP","To State title":"SLEEP","Score":"241872","Is Reset Trans":"false"
,"subitems":[]}
,{"expanded":false,"Exclusion Rule Type":"None","UNR":"none","Index":"5","From State title":"SLEEP","To State title":"DBG_TAKEN_IF","Score":"42058","Is Reset Trans":"false"
,"subitems":[]}
,{"expanded":false,"Exclusion Rule Type":"None","UNR":"none","Index":"6","From State title":"SLEEP","To State title":"FIRST_FETCH","Score":"197985","Is Reset Trans":"false"
,"subitems":[]}
,{"expanded":false,"Exclusion Rule Type":"None","UNR":"none","Index":"7","From State title":"SLEEP","To State title":"SLEEP","Score":"102117","Is Reset Trans":"false"
,"subitems":[]}
,{"expanded":false,"Exclusion Rule Type":"None","UNR":"none","Index":"8","From State title":"FIRST_FETCH","To State title":"DECODE","Score":"199692","Is Reset Trans":"false"
,"subitems":[]}
,{"expanded":false,"Exclusion Rule Type":"Analysis Time","UNR":"none","Index":"9","From State title":"DECODE","To State title":"FLUSH_WB","Score":"0","Is Reset Trans":"false","excluded":"1"
,"subitems":[]}
,{"expanded":false,"Exclusion Rule Type":"None","UNR":"none","Index":"10","From State title":"DECODE","To State title":"DBG_FLUSH","Score":"265828","Is Reset Trans":"false"
,"subitems":[]}
,{"expanded":false,"Exclusion Rule Type":"None","UNR":"none","Index":"11","From State title":"DECODE","To State title":"FLUSH_EX","Score":"5918160","Is Reset Trans":"false"
,"subitems":[]}
,{"expanded":false,"Exclusion Rule Type":"None","UNR":"none","Index":"12","From State title":"DECODE","To State title":"DECODE","Score":"369645691","Is Reset Trans":"false"
,"subitems":[]}
,{"expanded":false,"Exclusion Rule Type":"Analysis Time","UNR":"none","Index":"13","From State title":"DECODE","To State title":"ELW_EXE","Score":"0","Is Reset Trans":"false","excluded":"1"
,"subitems":[]}
,{"expanded":false,"Exclusion Rule Type":"Analysis Time","UNR":"none","Index":"14","From State title":"DECODE","To State title":"DECODE_HWLOOP","Score":"0","Is Reset Trans":"false","excluded":"1"
,"subitems":[]}
,{"expanded":false,"Exclusion Rule Type":"None","UNR":"none","Index":"15","From State title":"DECODE","To State title":"DBG_WAIT_BRANCH","Score":"16296","Is Reset Trans":"false"
,"subitems":[]}
,{"expanded":false,"Exclusion Rule Type":"Analysis Time","UNR":"none","Index":"16","From State title":"DECODE_HWLOOP","To State title":"DBG_FLUSH","Score":"0","Is Reset Trans":"false","excluded":"1"
,"subitems":[]}
,{"expanded":false,"Exclusion Rule Type":"Analysis Time","UNR":"none","Index":"17","From State title":"DECODE_HWLOOP","To State title":"DECODE","Score":"0","Is Reset Trans":"false","excluded":"1"
,"subitems":[]}
,{"expanded":false,"Exclusion Rule Type":"Analysis Time","UNR":"none","Index":"18","From State title":"DECODE_HWLOOP","To State title":"FLUSH_EX","Score":"0","Is Reset Trans":"false","excluded":"1"
,"subitems":[]}
,{"expanded":false,"Exclusion Rule Type":"Analysis Time","UNR":"none","Index":"19","From State title":"DECODE_HWLOOP","To State title":"DECODE_HWLOOP","Score":"0","Is Reset Trans":"false","excluded":"1"
,"subitems":[]}
,{"expanded":false,"Exclusion Rule Type":"Analysis Time","UNR":"none","Index":"20","From State title":"DECODE_HWLOOP","To State title":"ELW_EXE","Score":"0","Is Reset Trans":"false","excluded":"1"
,"subitems":[]}
,{"expanded":false,"Exclusion Rule Type":"Analysis Time","UNR":"none","Index":"21","From State title":"DECODE_HWLOOP","To State title":"DBG_WAIT_BRANCH","Score":"0","Is Reset Trans":"false","excluded":"1"
,"subitems":[]}
,{"expanded":false,"Exclusion Rule Type":"None","UNR":"none","Index":"22","From State title":"FLUSH_EX","To State title":"FLUSH_WB","Score":"5918159","Is Reset Trans":"false"
,"subitems":[]}
,{"expanded":false,"Exclusion Rule Type":"None","UNR":"none","Index":"23","From State title":"FLUSH_EX","To State title":"FLUSH_EX","Score":"298279","Is Reset Trans":"false"
,"subitems":[]}
,{"expanded":false,"Exclusion Rule Type":"Analysis Time","UNR":"none","Index":"24","From State title":"IRQ_FLUSH_ELW","To State title":"DECODE","Score":"0","Is Reset Trans":"false","excluded":"1"
,"subitems":[]}
,{"expanded":false,"Exclusion Rule Type":"Analysis Time","UNR":"none","Index":"25","From State title":"IRQ_FLUSH_ELW","To State title":"IRQ_FLUSH_ELW","Score":"0","Is Reset Trans":"false","excluded":"1"
,"subitems":[]}
,{"expanded":false,"Exclusion Rule Type":"Analysis Time","UNR":"none","Index":"26","From State title":"ELW_EXE","To State title":"DBG_FLUSH","Score":"0","Is Reset Trans":"false","excluded":"1"
,"subitems":[]}
,{"expanded":false,"Exclusion Rule Type":"Analysis Time","UNR":"none","Index":"27","From State title":"ELW_EXE","To State title":"IRQ_FLUSH_ELW","Score":"0","Is Reset Trans":"false","excluded":"1"
,"subitems":[]}
,{"expanded":false,"Exclusion Rule Type":"Analysis Time","UNR":"none","Index":"28","From State title":"ELW_EXE","To State title":"ELW_EXE","Score":"0","Is Reset Trans":"false","excluded":"1"
,"subitems":[]}
,{"expanded":false,"Exclusion Rule Type":"None","UNR":"none","Index":"29","From State title":"FLUSH_WB","To State title":"DECODE","Score":"4761819","Is Reset Trans":"false"
,"subitems":[]}
,{"expanded":false,"Exclusion Rule Type":"None","UNR":"none","Index":"30","From State title":"FLUSH_WB","To State title":"DBG_TAKEN_IF","Score":"181","Is Reset Trans":"false"
,"subitems":[]}
,{"expanded":false,"Exclusion Rule Type":"None","UNR":"none","Index":"31","From State title":"FLUSH_WB","To State title":"XRET_JUMP","Score":"914285","Is Reset Trans":"false"
,"subitems":[]}
,{"expanded":false,"Exclusion Rule Type":"None","UNR":"none","Index":"32","From State title":"FLUSH_WB","To State title":"WAIT_SLEEP","Score":"241872","Is Reset Trans":"false"
,"subitems":[]}
,{"expanded":false,"Exclusion Rule Type":"None","UNR":"none","Index":"33","From State title":"XRET_JUMP","To State title":"DECODE","Score":"914279","Is Reset Trans":"false"
,"subitems":[]}
,{"expanded":false,"Exclusion Rule Type":"None","UNR":"none","Index":"34","From State title":"XRET_JUMP","To State title":"DBG_TAKEN_IF","Score":"6","Is Reset Trans":"false"
,"subitems":[]}
,{"expanded":false,"Exclusion Rule Type":"None","UNR":"none","Index":"35","From State title":"DBG_WAIT_BRANCH","To State title":"DBG_FLUSH","Score":"16296","Is Reset Trans":"false"
,"subitems":[]}
,{"expanded":false,"Exclusion Rule Type":"None","UNR":"none","Index":"36","From State title":"DBG_TAKEN_ID","To State title":"DECODE","Score":"159378","Is Reset Trans":"false"
,"subitems":[]}
,{"expanded":false,"Exclusion Rule Type":"None","UNR":"none","Index":"37","From State title":"DBG_TAKEN_IF","To State title":"DECODE","Score":"165142","Is Reset Trans":"false"
,"subitems":[]}
,{"expanded":false,"Exclusion Rule Type":"Analysis Time","UNR":"none","Index":"38","From State title":"DBG_FLUSH","To State title":"FLUSH_WB","Score":"0","Is Reset Trans":"false","excluded":"1"
,"subitems":[]}
,{"expanded":false,"Exclusion Rule Type":"None","UNR":"none","Index":"39","From State title":"DBG_FLUSH","To State title":"DBG_TAKEN_ID","Score":"159378","Is Reset Trans":"false"
,"subitems":[]}
,{"expanded":false,"Exclusion Rule Type":"None","UNR":"none","Index":"40","From State title":"DBG_FLUSH","To State title":"DBG_TAKEN_IF","Score":"122746","Is Reset Trans":"false"
,"subitems":[]}
]}
]}
