{
"block_items":[{"expanded":false,"Exclusion Rule Type":"None","UNR":"none","Index":"24","Blk Type":"true part of","Src Start Line":"1006","Score":"0","All Average Grd":"0%","Enclosing Entity":"uvmt_cv32_tb.dut_wrap.cv32e40p_wrapper_i.core_i.cs_registers_i.genblk2","Source":"      CSR_MCAUSE: if (csr_we_int) mcause_n = {csr_wdata_int[31], csr_wdata_int[4:0]};"}
]
,"expression_items":[{"expanded":false,"expanded":false,"Exclusion Rule Type":"None","Index":"3","All Average Grd":"0%","All Cov":"0 / 3 (0%)","Src Start Line":"965","Enclosing Entity":"uvmt_cv32_tb.dut_wrap.cv32e40p_wrapper_i.core_i.cs_registers_i.genblk2","Source":"    if (FPU == 1) if (fflags_we_i) fflags_n = fflags_i | fflags_q;"
,"subitems":[{"expanded":false,"expanded":false,"Exclusion Rule Type":"None","Index":"1","All Average Grd":"0%","All Cov":"0 / 3 (0%)","Source":"    if (FPU == 1) if (fflags_we_i) fflags_n = fflags_i | fflags_q;","table_type":"cov"
,"subitems":[{"title":"1;-","expanded":false,"Exclusion Rule Type":"None","UNR":"none","Score":"0","Out":"n/a"}
,{"title":"-;1","expanded":false,"Exclusion Rule Type":"None","UNR":"none","Score":"0","Out":"n/a"}
,{"title":"0;0","expanded":false,"Exclusion Rule Type":"None","UNR":"none","Score":"0","Out":"n/a"}
],"cov_table_title":"Coverage Table","header":"fflags_i | fflags_q","columns":"fflags_i;fflags_q"}
]}
]}
