{
"block_items":[],"assertion_items"
:[{"expanded":false,"Exclusion Rule Type":"None","UNR":"none","title":"a_mie_bypass","All Average Grd":"100%","Assertion Status Grd":"100%","Enclosing Entity":"uvmt_cv32_tb.dut_wrap.cv32e40p_wrapper_i.core_i.cs_registers_i","Source":"  a_mie_bypass : assert property"}
]
,"expression_items":[{"expanded":false,"expanded":false,"Exclusion Rule Type":"None","Index":"21","All Average Grd":"68.54%","All Cov":"61 / 89 (68.54%)","Src Start Line":"1396","Enclosing Entity":"uvmt_cv32_tb.dut_wrap.cv32e40p_wrapper_i.core_i.cs_registers_i","Source":"  assign mhpmevent_we     = csr_we_int & ( (csr_addr_i == CSR_MHPMEVENT3  )||"
,"subitems":[{"expanded":false,"expanded":false,"Exclusion Rule Type":"None","Index":"1","All Average Grd":"9.68%","All Cov":"3 / 31 (9.68%)","Source":"  assign mhpmevent_we     = csr_we_int & ( (csr_addr_i == CSR_MHPMEVENT3  )||","table_type":"cov"
,"subitems":[{"title":"1;-;-;-;-;-;-;-;-;-;-;-;-;-;-;-;-;-;-;-;-;-;-;-;-;-;-;-;-;1","expanded":false,"Exclusion Rule Type":"None","UNR":"none","Score":"0","Out":"1"}
,{"title":"1;-;-;-;-;-;-;-;-;-;-;-;-;-;-;-;-;-;-;-;-;-;-;-;-;-;-;-;1;-","expanded":false,"Exclusion Rule Type":"None","UNR":"none","Score":"0","Out":"1"}
,{"title":"1;-;-;-;-;-;-;-;-;-;-;-;-;-;-;-;-;-;-;-;-;-;-;-;-;-;-;1;-;-","expanded":false,"Exclusion Rule Type":"None","UNR":"none","Score":"0","Out":"1"}
,{"title":"1;-;-;-;-;-;-;-;-;-;-;-;-;-;-;-;-;-;-;-;-;-;-;-;-;-;1;-;-;-","expanded":false,"Exclusion Rule Type":"None","UNR":"none","Score":"0","Out":"1"}
,{"title":"1;-;-;-;-;-;-;-;-;-;-;-;-;-;-;-;-;-;-;-;-;-;-;-;-;1;-;-;-;-","expanded":false,"Exclusion Rule Type":"None","UNR":"none","Score":"0","Out":"1"}
,{"title":"1;-;-;-;-;-;-;-;-;-;-;-;-;-;-;-;-;-;-;-;-;-;-;-;1;-;-;-;-;-","expanded":false,"Exclusion Rule Type":"None","UNR":"none","Score":"0","Out":"1"}
,{"title":"1;-;-;-;-;-;-;-;-;-;-;-;-;-;-;-;-;-;-;-;-;-;-;1;-;-;-;-;-;-","expanded":false,"Exclusion Rule Type":"None","UNR":"none","Score":"0","Out":"1"}
,{"title":"1;-;-;-;-;-;-;-;-;-;-;-;-;-;-;-;-;-;-;-;-;-;1;-;-;-;-;-;-;-","expanded":false,"Exclusion Rule Type":"None","UNR":"none","Score":"0","Out":"1"}
,{"title":"1;-;-;-;-;-;-;-;-;-;-;-;-;-;-;-;-;-;-;-;-;1;-;-;-;-;-;-;-;-","expanded":false,"Exclusion Rule Type":"None","UNR":"none","Score":"0","Out":"1"}
,{"title":"1;-;-;-;-;-;-;-;-;-;-;-;-;-;-;-;-;-;-;-;1;-;-;-;-;-;-;-;-;-","expanded":false,"Exclusion Rule Type":"None","UNR":"none","Score":"0","Out":"1"}
,{"title":"1;-;-;-;-;-;-;-;-;-;-;-;-;-;-;-;-;-;-;1;-;-;-;-;-;-;-;-;-;-","expanded":false,"Exclusion Rule Type":"None","UNR":"none","Score":"0","Out":"1"}
,{"title":"1;-;-;-;-;-;-;-;-;-;-;-;-;-;-;-;-;-;1;-;-;-;-;-;-;-;-;-;-;-","expanded":false,"Exclusion Rule Type":"None","UNR":"none","Score":"0","Out":"1"}
,{"title":"1;-;-;-;-;-;-;-;-;-;-;-;-;-;-;-;-;1;-;-;-;-;-;-;-;-;-;-;-;-","expanded":false,"Exclusion Rule Type":"None","UNR":"none","Score":"0","Out":"1"}
,{"title":"1;-;-;-;-;-;-;-;-;-;-;-;-;-;-;-;1;-;-;-;-;-;-;-;-;-;-;-;-;-","expanded":false,"Exclusion Rule Type":"None","UNR":"none","Score":"0","Out":"1"}
,{"title":"1;-;-;-;-;-;-;-;-;-;-;-;-;-;-;1;-;-;-;-;-;-;-;-;-;-;-;-;-;-","expanded":false,"Exclusion Rule Type":"None","UNR":"none","Score":"0","Out":"1"}
,{"title":"1;-;-;-;-;-;-;-;-;-;-;-;-;-;1;-;-;-;-;-;-;-;-;-;-;-;-;-;-;-","expanded":false,"Exclusion Rule Type":"None","UNR":"none","Score":"0","Out":"1"}
,{"title":"1;-;-;-;-;-;-;-;-;-;-;-;-;1;-;-;-;-;-;-;-;-;-;-;-;-;-;-;-;-","expanded":false,"Exclusion Rule Type":"None","UNR":"none","Score":"0","Out":"1"}
,{"title":"1;-;-;-;-;-;-;-;-;-;-;-;1;-;-;-;-;-;-;-;-;-;-;-;-;-;-;-;-;-","expanded":false,"Exclusion Rule Type":"None","UNR":"none","Score":"0","Out":"1"}
,{"title":"1;-;-;-;-;-;-;-;-;-;-;1;-;-;-;-;-;-;-;-;-;-;-;-;-;-;-;-;-;-","expanded":false,"Exclusion Rule Type":"None","UNR":"none","Score":"0","Out":"1"}
,{"title":"1;-;-;-;-;-;-;-;-;-;1;-;-;-;-;-;-;-;-;-;-;-;-;-;-;-;-;-;-;-","expanded":false,"Exclusion Rule Type":"None","UNR":"none","Score":"0","Out":"1"}
,{"title":"1;-;-;-;-;-;-;-;-;1;-;-;-;-;-;-;-;-;-;-;-;-;-;-;-;-;-;-;-;-","expanded":false,"Exclusion Rule Type":"None","UNR":"none","Score":"0","Out":"1"}
,{"title":"1;-;-;-;-;-;-;-;1;-;-;-;-;-;-;-;-;-;-;-;-;-;-;-;-;-;-;-;-;-","expanded":false,"Exclusion Rule Type":"None","UNR":"none","Score":"0","Out":"1"}
,{"title":"1;-;-;-;-;-;-;1;-;-;-;-;-;-;-;-;-;-;-;-;-;-;-;-;-;-;-;-;-;-","expanded":false,"Exclusion Rule Type":"None","UNR":"none","Score":"0","Out":"1"}
,{"title":"1;-;-;-;-;-;1;-;-;-;-;-;-;-;-;-;-;-;-;-;-;-;-;-;-;-;-;-;-;-","expanded":false,"Exclusion Rule Type":"None","UNR":"none","Score":"0","Out":"1"}
,{"title":"1;-;-;-;-;1;-;-;-;-;-;-;-;-;-;-;-;-;-;-;-;-;-;-;-;-;-;-;-;-","expanded":false,"Exclusion Rule Type":"None","UNR":"none","Score":"0","Out":"1"}
,{"title":"1;-;-;-;1;-;-;-;-;-;-;-;-;-;-;-;-;-;-;-;-;-;-;-;-;-;-;-;-;-","expanded":false,"Exclusion Rule Type":"None","UNR":"none","Score":"0","Out":"1"}
,{"title":"1;-;-;1;-;-;-;-;-;-;-;-;-;-;-;-;-;-;-;-;-;-;-;-;-;-;-;-;-;-","expanded":false,"Exclusion Rule Type":"None","UNR":"none","Score":"0","Out":"1"}
,{"title":"1;-;1;-;-;-;-;-;-;-;-;-;-;-;-;-;-;-;-;-;-;-;-;-;-;-;-;-;-;-","expanded":false,"Exclusion Rule Type":"None","UNR":"none","Score":"0","Out":"1"}
,{"title":"1;1;-;-;-;-;-;-;-;-;-;-;-;-;-;-;-;-;-;-;-;-;-;-;-;-;-;-;-;-","expanded":false,"Exclusion Rule Type":"None","UNR":"none","Score":"1","Out":"1"}
,{"title":"-;0;0;0;0;0;0;0;0;0;0;0;0;0;0;0;0;0;0;0;0;0;0;0;0;0;0;0;0;0","expanded":false,"Exclusion Rule Type":"None","UNR":"none","Score":"1","Out":"0"}
,{"title":"0;-;-;-;-;-;-;-;-;-;-;-;-;-;-;-;-;-;-;-;-;-;-;-;-;-;-;-;-;-","expanded":false,"Exclusion Rule Type":"None","UNR":"none","Score":"1","Out":"0"}
],"cov_table_title":"Coverage Table with Output","header":"csr_we_int & (((((((((((((((((((((((((((((csr_addr_i == CSR_MHPMEVENT3) || (csr_addr_i == CSR_MHPMEVENT4)) || (csr_addr_i == CSR_MHPMEVENT5)) || (csr_addr_i == CSR_MHPMEVENT6)) || (csr_addr_i == CSR_MHPMEVENT7)) || (csr_addr_i == CSR_MHPMEVENT8)) || (csr_addr_i == CSR_MHPMEVENT9)) || (csr_addr_i == CSR_MHPMEVENT10)) || (csr_addr_i == CSR_MHPMEVENT11)) || (csr_addr_i == CSR_MHPMEVENT12)) || (csr_addr_i == CSR_MHPMEVENT13)) || (csr_addr_i == CSR_MHPMEVENT14)) || (csr_addr_i == CSR_MHPMEVENT15)) || (csr_addr_i == CSR_MHPMEVENT16)) || (csr_addr_i == CSR_MHPMEVENT17)) || (csr_addr_i == CSR_MHPMEVENT18)) || (csr_addr_i == CSR_MHPMEVENT19)) || (csr_addr_i == CSR_MHPMEVENT20)) || (csr_addr_i == CSR_MHPMEVENT21)) || (csr_addr_i == CSR_MHPMEVENT22)) || (csr_addr_i == CSR_MHPMEVENT23)) || (csr_addr_i == CSR_MHPMEVENT24)) || (csr_addr_i == CSR_MHPMEVENT25)) || (csr_addr_i == CSR_MHPMEVENT26)) || (csr_addr_i == CSR_MHPMEVENT27)) || (csr_addr_i == CSR_MHPMEVENT28)) || (csr_addr_i == CSR_MHPMEVENT29)) || (csr_addr_i == CSR_MHPMEVENT30)) || (csr_addr_i == CSR_MHPMEVENT31))","columns":"csr_we_int;(csr_addr_i == CSR_MHPMEVENT3);(csr_addr_i == CSR_MHPMEVENT4);(csr_addr_i == CSR_MHPMEVENT5);(csr_addr_i == CSR_MHPMEVENT6);(csr_addr_i == CSR_MHPMEVENT7);(csr_addr_i == CSR_MHPMEVENT8);(csr_addr_i == CSR_MHPMEVENT9);(csr_addr_i == CSR_MHPMEVENT10);(csr_addr_i == CSR_MHPMEVENT11);(csr_addr_i == CSR_MHPMEVENT12);(csr_addr_i == CSR_MHPMEVENT13);(csr_addr_i == CSR_MHPMEVENT14);(csr_addr_i == CSR_MHPMEVENT15);(csr_addr_i == CSR_MHPMEVENT16);(csr_addr_i == CSR_MHPMEVENT17);(csr_addr_i == CSR_MHPMEVENT18);(csr_addr_i == CSR_MHPMEVENT19);(csr_addr_i == CSR_MHPMEVENT20);(csr_addr_i == CSR_MHPMEVENT21);(csr_addr_i == CSR_MHPMEVENT22);(csr_addr_i == CSR_MHPMEVENT23);(csr_addr_i == CSR_MHPMEVENT24);(csr_addr_i == CSR_MHPMEVENT25);(csr_addr_i == CSR_MHPMEVENT26);(csr_addr_i == CSR_MHPMEVENT27);(csr_addr_i == CSR_MHPMEVENT28);(csr_addr_i == CSR_MHPMEVENT29);(csr_addr_i == CSR_MHPMEVENT30);(csr_addr_i == CSR_MHPMEVENT31)"}
]}
]}
