{
"block_items":[]
,"expression_items":[{"expanded":false,"expanded":false,"Exclusion Rule Type":"None","Index":"2","All Average Grd":"66.67%","All Cov":"2 / 3 (66.67%)","Src Start Line":"28","Enclosing Entity":"uvmt_cv32_tb.dut_wrap.cv32e40p_wrapper_i.core_i.sleep_unit_i.core_clock_gate_i","Source":"       clk_en <= en_i | scan_cg_en_i;"
,"subitems":[{"expanded":false,"expanded":false,"Exclusion Rule Type":"None","Index":"1","All Average Grd":"66.67%","All Cov":"2 / 3 (66.67%)","Source":"       clk_en <= en_i | scan_cg_en_i;","table_type":"cov"
,"subitems":[{"title":"1;-","expanded":false,"Exclusion Rule Type":"None","UNR":"none","Score":"1","Out":"n/a"}
,{"title":"-;1","expanded":false,"Exclusion Rule Type":"None","UNR":"none","Score":"0","Out":"n/a"}
,{"title":"0;0","expanded":false,"Exclusion Rule Type":"None","UNR":"none","Score":"1","Out":"n/a"}
],"cov_table_title":"Coverage Table","header":"en_i | scan_cg_en_i","columns":"en_i;scan_cg_en_i"}
]}
]}
