{"cover_group_items"
:[{"expanded":false,"Exclusion Rule Type":"None","UNR":"none","title":"cg_irq_entry","All Average Grd":"92.86%","All Cov":"78 / 84 (92.86%)","Enclosing Entity":"uvm_pkg.uvm_test_top.env.cov_model.interrupt_covg","Source":"    covergroup cg_irq_entry with function sample(ins_t ins);"
,"subitems":[{"expanded":false,"Exclusion Rule Type":"None","UNR":"none","title":"cp_irq","At Least":"1","All Average Grd":"92.86%","All Cov":"78 / 84 (92.86%)","Source":"        cp_irq : coverpoint ins.asm;"
,"subitems":[{"expanded":false,"Exclusion Rule Type":"None","UNR":"none","title":"auto[ADD]","All Average Grd":"100%","All Cov":"1 / 1 (100%)","Score":"406","At Least":"1","Source":"        cp_irq : coverpoint ins.asm;"}
,{"expanded":false,"Exclusion Rule Type":"None","UNR":"none","title":"auto[ADDI]","All Average Grd":"100%","All Cov":"1 / 1 (100%)","Score":"8891","At Least":"1","Source":"        cp_irq : coverpoint ins.asm;"}
,{"expanded":false,"Exclusion Rule Type":"None","UNR":"none","title":"auto[AND]","All Average Grd":"100%","All Cov":"1 / 1 (100%)","Score":"455","At Least":"1","Source":"        cp_irq : coverpoint ins.asm;"}
,{"expanded":false,"Exclusion Rule Type":"None","UNR":"none","title":"auto[ANDI]","All Average Grd":"100%","All Cov":"1 / 1 (100%)","Score":"431","At Least":"1","Source":"        cp_irq : coverpoint ins.asm;"}
,{"expanded":false,"Exclusion Rule Type":"None","UNR":"none","title":"auto[AUIPC]","All Average Grd":"100%","All Cov":"1 / 1 (100%)","Score":"651","At Least":"1","Source":"        cp_irq : coverpoint ins.asm;"}
,{"expanded":false,"Exclusion Rule Type":"None","UNR":"none","title":"auto[BEQ]","All Average Grd":"100%","All Cov":"1 / 1 (100%)","Score":"748","At Least":"1","Source":"        cp_irq : coverpoint ins.asm;"}
,{"expanded":false,"Exclusion Rule Type":"None","UNR":"none","title":"auto[BGE]","All Average Grd":"100%","All Cov":"1 / 1 (100%)","Score":"773","At Least":"1","Source":"        cp_irq : coverpoint ins.asm;"}
,{"expanded":false,"Exclusion Rule Type":"None","UNR":"none","title":"auto[BGEU]","All Average Grd":"100%","All Cov":"1 / 1 (100%)","Score":"734","At Least":"1","Source":"        cp_irq : coverpoint ins.asm;"}
,{"expanded":false,"Exclusion Rule Type":"None","UNR":"none","title":"auto[BLTU]","All Average Grd":"100%","All Cov":"1 / 1 (100%)","Score":"681","At Least":"1","Source":"        cp_irq : coverpoint ins.asm;"}
,{"expanded":false,"Exclusion Rule Type":"None","UNR":"none","title":"auto[BNE]","All Average Grd":"100%","All Cov":"1 / 1 (100%)","Score":"934","At Least":"1","Source":"        cp_irq : coverpoint ins.asm;"}
,{"expanded":false,"Exclusion Rule Type":"None","UNR":"none","title":"auto[BLT]","All Average Grd":"100%","All Cov":"1 / 1 (100%)","Score":"771","At Least":"1","Source":"        cp_irq : coverpoint ins.asm;"}
,{"expanded":false,"Exclusion Rule Type":"None","UNR":"none","title":"auto[FENCE]","All Average Grd":"100%","All Cov":"1 / 1 (100%)","Score":"1437","At Least":"1","Source":"        cp_irq : coverpoint ins.asm;"}
,{"expanded":false,"Exclusion Rule Type":"None","UNR":"none","title":"auto[FENCE_I]","All Average Grd":"100%","All Cov":"1 / 1 (100%)","Score":"1429","At Least":"1","Source":"        cp_irq : coverpoint ins.asm;"}
,{"expanded":false,"Exclusion Rule Type":"None","UNR":"none","title":"auto[EBREAK]","All Average Grd":"0%","All Cov":"0 / 1 (0%)","Score":"0","At Least":"1","Source":"        cp_irq : coverpoint ins.asm;"}
,{"expanded":false,"Exclusion Rule Type":"None","UNR":"none","title":"auto[ECALL]","All Average Grd":"0%","All Cov":"0 / 1 (0%)","Score":"0","At Least":"1","Source":"        cp_irq : coverpoint ins.asm;"}
,{"expanded":false,"Exclusion Rule Type":"None","UNR":"none","title":"auto[JAL]","All Average Grd":"100%","All Cov":"1 / 1 (100%)","Score":"105","At Least":"1","Source":"        cp_irq : coverpoint ins.asm;"}
,{"expanded":false,"Exclusion Rule Type":"None","UNR":"none","title":"auto[JALR]","All Average Grd":"0%","All Cov":"0 / 1 (0%)","Score":"0","At Least":"1","Source":"        cp_irq : coverpoint ins.asm;"}
,{"expanded":false,"Exclusion Rule Type":"None","UNR":"none","title":"auto[LB]","All Average Grd":"100%","All Cov":"1 / 1 (100%)","Score":"1492","At Least":"1","Source":"        cp_irq : coverpoint ins.asm;"}
,{"expanded":false,"Exclusion Rule Type":"None","UNR":"none","title":"auto[LBU]","All Average Grd":"100%","All Cov":"1 / 1 (100%)","Score":"1549","At Least":"1","Source":"        cp_irq : coverpoint ins.asm;"}
,{"expanded":false,"Exclusion Rule Type":"None","UNR":"none","title":"auto[LH]","All Average Grd":"100%","All Cov":"1 / 1 (100%)","Score":"457","At Least":"1","Source":"        cp_irq : coverpoint ins.asm;"}
,{"expanded":false,"Exclusion Rule Type":"None","UNR":"none","title":"auto[LHU]","All Average Grd":"100%","All Cov":"1 / 1 (100%)","Score":"479","At Least":"1","Source":"        cp_irq : coverpoint ins.asm;"}
,{"expanded":false,"Exclusion Rule Type":"None","UNR":"none","title":"auto[LUI]","All Average Grd":"100%","All Cov":"1 / 1 (100%)","Score":"537","At Least":"1","Source":"        cp_irq : coverpoint ins.asm;"}
,{"expanded":false,"Exclusion Rule Type":"None","UNR":"none","title":"auto[LW]","All Average Grd":"100%","All Cov":"1 / 1 (100%)","Score":"199","At Least":"1","Source":"        cp_irq : coverpoint ins.asm;"}
,{"expanded":false,"Exclusion Rule Type":"None","UNR":"none","title":"auto[NOP]","All Average Grd":"100%","All Cov":"1 / 1 (100%)","Score":"5","At Least":"1","Source":"        cp_irq : coverpoint ins.asm;"}
,{"expanded":false,"Exclusion Rule Type":"None","UNR":"none","title":"auto[OR]","All Average Grd":"100%","All Cov":"1 / 1 (100%)","Score":"424","At Least":"1","Source":"        cp_irq : coverpoint ins.asm;"}
,{"expanded":false,"Exclusion Rule Type":"None","UNR":"none","title":"auto[ORI]","All Average Grd":"100%","All Cov":"1 / 1 (100%)","Score":"422","At Least":"1","Source":"        cp_irq : coverpoint ins.asm;"}
,{"expanded":false,"Exclusion Rule Type":"None","UNR":"none","title":"auto[SB]","All Average Grd":"0%","All Cov":"0 / 1 (0%)","Score":"0","At Least":"1","Source":"        cp_irq : coverpoint ins.asm;"}
,{"expanded":false,"Exclusion Rule Type":"None","UNR":"none","title":"auto[SH]","All Average Grd":"100%","All Cov":"1 / 1 (100%)","Score":"1950","At Least":"1","Source":"        cp_irq : coverpoint ins.asm;"}
,{"expanded":false,"Exclusion Rule Type":"None","UNR":"none","title":"auto[SLL]","All Average Grd":"100%","All Cov":"1 / 1 (100%)","Score":"412","At Least":"1","Source":"        cp_irq : coverpoint ins.asm;"}
,{"expanded":false,"Exclusion Rule Type":"None","UNR":"none","title":"auto[SLLI]","All Average Grd":"100%","All Cov":"1 / 1 (100%)","Score":"433","At Least":"1","Source":"        cp_irq : coverpoint ins.asm;"}
,{"expanded":false,"Exclusion Rule Type":"None","UNR":"none","title":"auto[SLT]","All Average Grd":"100%","All Cov":"1 / 1 (100%)","Score":"421","At Least":"1","Source":"        cp_irq : coverpoint ins.asm;"}
,{"expanded":false,"Exclusion Rule Type":"None","UNR":"none","title":"auto[SLTI]","All Average Grd":"100%","All Cov":"1 / 1 (100%)","Score":"463","At Least":"1","Source":"        cp_irq : coverpoint ins.asm;"}
,{"expanded":false,"Exclusion Rule Type":"None","UNR":"none","title":"auto[SLTIU]","All Average Grd":"100%","All Cov":"1 / 1 (100%)","Score":"417","At Least":"1","Source":"        cp_irq : coverpoint ins.asm;"}
,{"expanded":false,"Exclusion Rule Type":"None","UNR":"none","title":"auto[SLTU]","All Average Grd":"100%","All Cov":"1 / 1 (100%)","Score":"443","At Least":"1","Source":"        cp_irq : coverpoint ins.asm;"}
,{"expanded":false,"Exclusion Rule Type":"None","UNR":"none","title":"auto[SRA]","All Average Grd":"100%","All Cov":"1 / 1 (100%)","Score":"445","At Least":"1","Source":"        cp_irq : coverpoint ins.asm;"}
,{"expanded":false,"Exclusion Rule Type":"None","UNR":"none","title":"auto[SRAI]","All Average Grd":"100%","All Cov":"1 / 1 (100%)","Score":"437","At Least":"1","Source":"        cp_irq : coverpoint ins.asm;"}
,{"expanded":false,"Exclusion Rule Type":"None","UNR":"none","title":"auto[SRL]","All Average Grd":"100%","All Cov":"1 / 1 (100%)","Score":"449","At Least":"1","Source":"        cp_irq : coverpoint ins.asm;"}
,{"expanded":false,"Exclusion Rule Type":"None","UNR":"none","title":"auto[SRLI]","All Average Grd":"100%","All Cov":"1 / 1 (100%)","Score":"448","At Least":"1","Source":"        cp_irq : coverpoint ins.asm;"}
,{"expanded":false,"Exclusion Rule Type":"None","UNR":"none","title":"auto[SUB]","All Average Grd":"100%","All Cov":"1 / 1 (100%)","Score":"442","At Least":"1","Source":"        cp_irq : coverpoint ins.asm;"}
,{"expanded":false,"Exclusion Rule Type":"None","UNR":"none","title":"auto[SW]","All Average Grd":"100%","All Cov":"1 / 1 (100%)","Score":"215","At Least":"1","Source":"        cp_irq : coverpoint ins.asm;"}
,{"expanded":false,"Exclusion Rule Type":"None","UNR":"none","title":"auto[XOR]","All Average Grd":"100%","All Cov":"1 / 1 (100%)","Score":"475","At Least":"1","Source":"        cp_irq : coverpoint ins.asm;"}
,{"expanded":false,"Exclusion Rule Type":"None","UNR":"none","title":"auto[XORI]","All Average Grd":"100%","All Cov":"1 / 1 (100%)","Score":"470","At Least":"1","Source":"        cp_irq : coverpoint ins.asm;"}
,{"expanded":false,"Exclusion Rule Type":"None","UNR":"none","title":"auto[MUL]","All Average Grd":"100%","All Cov":"1 / 1 (100%)","Score":"441","At Least":"1","Source":"        cp_irq : coverpoint ins.asm;"}
,{"expanded":false,"Exclusion Rule Type":"None","UNR":"none","title":"auto[MULH]","All Average Grd":"100%","All Cov":"1 / 1 (100%)","Score":"568","At Least":"1","Source":"        cp_irq : coverpoint ins.asm;"}
,{"expanded":false,"Exclusion Rule Type":"None","UNR":"none","title":"auto[MULHU]","All Average Grd":"100%","All Cov":"1 / 1 (100%)","Score":"549","At Least":"1","Source":"        cp_irq : coverpoint ins.asm;"}
,{"expanded":false,"Exclusion Rule Type":"None","UNR":"none","title":"auto[MULHSU]","All Average Grd":"100%","All Cov":"1 / 1 (100%)","Score":"568","At Least":"1","Source":"        cp_irq : coverpoint ins.asm;"}
,{"expanded":false,"Exclusion Rule Type":"None","UNR":"none","title":"auto[DIV]","All Average Grd":"100%","All Cov":"1 / 1 (100%)","Score":"1098","At Least":"1","Source":"        cp_irq : coverpoint ins.asm;"}
,{"expanded":false,"Exclusion Rule Type":"None","UNR":"none","title":"auto[REM]","All Average Grd":"100%","All Cov":"1 / 1 (100%)","Score":"1112","At Least":"1","Source":"        cp_irq : coverpoint ins.asm;"}
,{"expanded":false,"Exclusion Rule Type":"None","UNR":"none","title":"auto[DIVU]","All Average Grd":"100%","All Cov":"1 / 1 (100%)","Score":"1024","At Least":"1","Source":"        cp_irq : coverpoint ins.asm;"}
,{"expanded":false,"Exclusion Rule Type":"None","UNR":"none","title":"auto[REMU]","All Average Grd":"100%","All Cov":"1 / 1 (100%)","Score":"1036","At Least":"1","Source":"        cp_irq : coverpoint ins.asm;"}
,{"expanded":false,"Exclusion Rule Type":"None","UNR":"none","title":"auto[WFI]","All Average Grd":"100%","All Cov":"1 / 1 (100%)","Score":"89370","At Least":"1","Source":"        cp_irq : coverpoint ins.asm;"}
,{"expanded":false,"Exclusion Rule Type":"None","UNR":"none","title":"auto[MRET]","All Average Grd":"100%","All Cov":"1 / 1 (100%)","Score":"982927","At Least":"1","Source":"        cp_irq : coverpoint ins.asm;"}
,{"expanded":false,"Exclusion Rule Type":"None","UNR":"none","title":"auto[DRET]","All Average Grd":"100%","All Cov":"1 / 1 (100%)","Score":"6","At Least":"1","Source":"        cp_irq : coverpoint ins.asm;"}
,{"expanded":false,"Exclusion Rule Type":"None","UNR":"none","title":"auto[CSRRW]","All Average Grd":"100%","All Cov":"1 / 1 (100%)","Score":"3807","At Least":"1","Source":"        cp_irq : coverpoint ins.asm;"}
,{"expanded":false,"Exclusion Rule Type":"None","UNR":"none","title":"auto[CSRRC]","All Average Grd":"100%","All Cov":"1 / 1 (100%)","Score":"438","At Least":"1","Source":"        cp_irq : coverpoint ins.asm;"}
,{"expanded":false,"Exclusion Rule Type":"None","UNR":"none","title":"auto[CSRRS]","All Average Grd":"100%","All Cov":"1 / 1 (100%)","Score":"4388","At Least":"1","Source":"        cp_irq : coverpoint ins.asm;"}
,{"expanded":false,"Exclusion Rule Type":"None","UNR":"none","title":"auto[CSRRCI]","All Average Grd":"100%","All Cov":"1 / 1 (100%)","Score":"506","At Least":"1","Source":"        cp_irq : coverpoint ins.asm;"}
,{"expanded":false,"Exclusion Rule Type":"None","UNR":"none","title":"auto[CSRRSI]","All Average Grd":"100%","All Cov":"1 / 1 (100%)","Score":"585332","At Least":"1","Source":"        cp_irq : coverpoint ins.asm;"}
,{"expanded":false,"Exclusion Rule Type":"None","UNR":"none","title":"auto[CSRRWI]","All Average Grd":"100%","All Cov":"1 / 1 (100%)","Score":"495","At Least":"1","Source":"        cp_irq : coverpoint ins.asm;"}
,{"expanded":false,"Exclusion Rule Type":"None","UNR":"none","title":"auto[C_LWSP]","All Average Grd":"100%","All Cov":"1 / 1 (100%)","Score":"15","At Least":"1","Source":"        cp_irq : coverpoint ins.asm;"}
,{"expanded":false,"Exclusion Rule Type":"None","UNR":"none","title":"auto[C_SWSP]","All Average Grd":"100%","All Cov":"1 / 1 (100%)","Score":"13","At Least":"1","Source":"        cp_irq : coverpoint ins.asm;"}
,{"expanded":false,"Exclusion Rule Type":"None","UNR":"none","title":"auto[C_LW]","All Average Grd":"100%","All Cov":"1 / 1 (100%)","Score":"2","At Least":"1","Source":"        cp_irq : coverpoint ins.asm;"}
,{"expanded":false,"Exclusion Rule Type":"None","UNR":"none","title":"auto[C_SW]","All Average Grd":"100%","All Cov":"1 / 1 (100%)","Score":"5","At Least":"1","Source":"        cp_irq : coverpoint ins.asm;"}
,{"expanded":false,"Exclusion Rule Type":"None","UNR":"none","title":"auto[C_BEQZ]","All Average Grd":"100%","All Cov":"1 / 1 (100%)","Score":"599","At Least":"1","Source":"        cp_irq : coverpoint ins.asm;"}
,{"expanded":false,"Exclusion Rule Type":"None","UNR":"none","title":"auto[C_BNEZ]","All Average Grd":"100%","All Cov":"1 / 1 (100%)","Score":"801","At Least":"1","Source":"        cp_irq : coverpoint ins.asm;"}
,{"expanded":false,"Exclusion Rule Type":"None","UNR":"none","title":"auto[C_J]","All Average Grd":"100%","All Cov":"1 / 1 (100%)","Score":"2","At Least":"1","Source":"        cp_irq : coverpoint ins.asm;"}
,{"expanded":false,"Exclusion Rule Type":"None","UNR":"none","title":"auto[C_JR]","All Average Grd":"100%","All Cov":"1 / 1 (100%)","Score":"19","At Least":"1","Source":"        cp_irq : coverpoint ins.asm;"}
,{"expanded":false,"Exclusion Rule Type":"None","UNR":"none","title":"auto[C_JAL]","All Average Grd":"0%","All Cov":"0 / 1 (0%)","Score":"0","At Least":"1","Source":"        cp_irq : coverpoint ins.asm;"}
,{"expanded":false,"Exclusion Rule Type":"None","UNR":"none","title":"auto[C_JALR]","All Average Grd":"100%","All Cov":"1 / 1 (100%)","Score":"7","At Least":"1","Source":"        cp_irq : coverpoint ins.asm;"}
,{"expanded":false,"Exclusion Rule Type":"None","UNR":"none","title":"auto[C_LI]","All Average Grd":"100%","All Cov":"1 / 1 (100%)","Score":"462","At Least":"1","Source":"        cp_irq : coverpoint ins.asm;"}
,{"expanded":false,"Exclusion Rule Type":"None","UNR":"none","title":"auto[C_LUI]","All Average Grd":"100%","All Cov":"1 / 1 (100%)","Score":"387","At Least":"1","Source":"        cp_irq : coverpoint ins.asm;"}
,{"expanded":false,"Exclusion Rule Type":"None","UNR":"none","title":"auto[C_ADDI]","All Average Grd":"100%","All Cov":"1 / 1 (100%)","Score":"1764","At Least":"1","Source":"        cp_irq : coverpoint ins.asm;"}
,{"expanded":false,"Exclusion Rule Type":"None","UNR":"none","title":"auto[C_ADDI16SP]","All Average Grd":"100%","All Cov":"1 / 1 (100%)","Score":"298","At Least":"1","Source":"        cp_irq : coverpoint ins.asm;"}
,{"expanded":false,"Exclusion Rule Type":"None","UNR":"none","title":"auto[C_ADDI4SPN]","All Average Grd":"100%","All Cov":"1 / 1 (100%)","Score":"340","At Least":"1","Source":"        cp_irq : coverpoint ins.asm;"}
,{"expanded":false,"Exclusion Rule Type":"None","UNR":"none","title":"auto[C_SLLI]","All Average Grd":"100%","All Cov":"1 / 1 (100%)","Score":"378","At Least":"1","Source":"        cp_irq : coverpoint ins.asm;"}
,{"expanded":false,"Exclusion Rule Type":"None","UNR":"none","title":"auto[C_SRLI]","All Average Grd":"100%","All Cov":"1 / 1 (100%)","Score":"416","At Least":"1","Source":"        cp_irq : coverpoint ins.asm;"}
,{"expanded":false,"Exclusion Rule Type":"None","UNR":"none","title":"auto[C_SRAI]","All Average Grd":"100%","All Cov":"1 / 1 (100%)","Score":"433","At Least":"1","Source":"        cp_irq : coverpoint ins.asm;"}
,{"expanded":false,"Exclusion Rule Type":"None","UNR":"none","title":"auto[C_ANDI]","All Average Grd":"100%","All Cov":"1 / 1 (100%)","Score":"371","At Least":"1","Source":"        cp_irq : coverpoint ins.asm;"}
,{"expanded":false,"Exclusion Rule Type":"None","UNR":"none","title":"auto[C_ADD]","All Average Grd":"100%","All Cov":"1 / 1 (100%)","Score":"862","At Least":"1","Source":"        cp_irq : coverpoint ins.asm;"}
,{"expanded":false,"Exclusion Rule Type":"None","UNR":"none","title":"auto[C_AND]","All Average Grd":"100%","All Cov":"1 / 1 (100%)","Score":"436","At Least":"1","Source":"        cp_irq : coverpoint ins.asm;"}
,{"expanded":false,"Exclusion Rule Type":"None","UNR":"none","title":"auto[C_OR]","All Average Grd":"100%","All Cov":"1 / 1 (100%)","Score":"392","At Least":"1","Source":"        cp_irq : coverpoint ins.asm;"}
,{"expanded":false,"Exclusion Rule Type":"None","UNR":"none","title":"auto[C_XOR]","All Average Grd":"100%","All Cov":"1 / 1 (100%)","Score":"400","At Least":"1","Source":"        cp_irq : coverpoint ins.asm;"}
,{"expanded":false,"Exclusion Rule Type":"None","UNR":"none","title":"auto[C_SUB]","All Average Grd":"100%","All Cov":"1 / 1 (100%)","Score":"432","At Least":"1","Source":"        cp_irq : coverpoint ins.asm;"}
,{"expanded":false,"Exclusion Rule Type":"None","UNR":"none","title":"auto[C_EBREAK]","All Average Grd":"0%","All Cov":"0 / 1 (0%)","Score":"0","At Least":"1","Source":"        cp_irq : coverpoint ins.asm;"}
],"columns":""}
]}
,{"expanded":false,"Exclusion Rule Type":"None","UNR":"none","title":"cg_wfi_entry","All Average Grd":"91.67%","All Cov":"77 / 84 (91.67%)","Enclosing Entity":"uvm_pkg.uvm_test_top.env.cov_model.interrupt_covg","Source":"    covergroup cg_wfi_entry with function sample(ins_t ins);"
,"subitems":[{"expanded":false,"Exclusion Rule Type":"None","UNR":"none","title":"cp_wfi","At Least":"1","All Average Grd":"91.67%","All Cov":"77 / 84 (91.67%)","Source":"        cp_wfi : coverpoint ins.asm;"
,"subitems":[{"expanded":false,"Exclusion Rule Type":"None","UNR":"none","title":"auto[ADD]","All Average Grd":"100%","All Cov":"1 / 1 (100%)","Score":"2393","At Least":"1","Source":"        cp_wfi : coverpoint ins.asm;"}
,{"expanded":false,"Exclusion Rule Type":"None","UNR":"none","title":"auto[ADDI]","All Average Grd":"100%","All Cov":"1 / 1 (100%)","Score":"6218","At Least":"1","Source":"        cp_wfi : coverpoint ins.asm;"}
,{"expanded":false,"Exclusion Rule Type":"None","UNR":"none","title":"auto[AND]","All Average Grd":"100%","All Cov":"1 / 1 (100%)","Score":"3227","At Least":"1","Source":"        cp_wfi : coverpoint ins.asm;"}
,{"expanded":false,"Exclusion Rule Type":"None","UNR":"none","title":"auto[ANDI]","All Average Grd":"100%","All Cov":"1 / 1 (100%)","Score":"2745","At Least":"1","Source":"        cp_wfi : coverpoint ins.asm;"}
,{"expanded":false,"Exclusion Rule Type":"None","UNR":"none","title":"auto[AUIPC]","All Average Grd":"100%","All Cov":"1 / 1 (100%)","Score":"2831","At Least":"1","Source":"        cp_wfi : coverpoint ins.asm;"}
,{"expanded":false,"Exclusion Rule Type":"None","UNR":"none","title":"auto[BEQ]","All Average Grd":"100%","All Cov":"1 / 1 (100%)","Score":"2100","At Least":"1","Source":"        cp_wfi : coverpoint ins.asm;"}
,{"expanded":false,"Exclusion Rule Type":"None","UNR":"none","title":"auto[BGE]","All Average Grd":"100%","All Cov":"1 / 1 (100%)","Score":"2524","At Least":"1","Source":"        cp_wfi : coverpoint ins.asm;"}
,{"expanded":false,"Exclusion Rule Type":"None","UNR":"none","title":"auto[BGEU]","All Average Grd":"100%","All Cov":"1 / 1 (100%)","Score":"2148","At Least":"1","Source":"        cp_wfi : coverpoint ins.asm;"}
,{"expanded":false,"Exclusion Rule Type":"None","UNR":"none","title":"auto[BLTU]","All Average Grd":"100%","All Cov":"1 / 1 (100%)","Score":"2238","At Least":"1","Source":"        cp_wfi : coverpoint ins.asm;"}
,{"expanded":false,"Exclusion Rule Type":"None","UNR":"none","title":"auto[BNE]","All Average Grd":"100%","All Cov":"1 / 1 (100%)","Score":"2303","At Least":"1","Source":"        cp_wfi : coverpoint ins.asm;"}
,{"expanded":false,"Exclusion Rule Type":"None","UNR":"none","title":"auto[BLT]","All Average Grd":"100%","All Cov":"1 / 1 (100%)","Score":"2336","At Least":"1","Source":"        cp_wfi : coverpoint ins.asm;"}
,{"expanded":false,"Exclusion Rule Type":"None","UNR":"none","title":"auto[FENCE]","All Average Grd":"100%","All Cov":"1 / 1 (100%)","Score":"2262","At Least":"1","Source":"        cp_wfi : coverpoint ins.asm;"}
,{"expanded":false,"Exclusion Rule Type":"None","UNR":"none","title":"auto[FENCE_I]","All Average Grd":"100%","All Cov":"1 / 1 (100%)","Score":"2300","At Least":"1","Source":"        cp_wfi : coverpoint ins.asm;"}
,{"expanded":false,"Exclusion Rule Type":"None","UNR":"none","title":"auto[EBREAK]","All Average Grd":"0%","All Cov":"0 / 1 (0%)","Score":"0","At Least":"1","Source":"        cp_wfi : coverpoint ins.asm;"}
,{"expanded":false,"Exclusion Rule Type":"None","UNR":"none","title":"auto[ECALL]","All Average Grd":"0%","All Cov":"0 / 1 (0%)","Score":"0","At Least":"1","Source":"        cp_wfi : coverpoint ins.asm;"}
,{"expanded":false,"Exclusion Rule Type":"None","UNR":"none","title":"auto[JAL]","All Average Grd":"100%","All Cov":"1 / 1 (100%)","Score":"20","At Least":"1","Source":"        cp_wfi : coverpoint ins.asm;"}
,{"expanded":false,"Exclusion Rule Type":"None","UNR":"none","title":"auto[JALR]","All Average Grd":"0%","All Cov":"0 / 1 (0%)","Score":"0","At Least":"1","Source":"        cp_wfi : coverpoint ins.asm;"}
,{"expanded":false,"Exclusion Rule Type":"None","UNR":"none","title":"auto[LB]","All Average Grd":"100%","All Cov":"1 / 1 (100%)","Score":"5097","At Least":"1","Source":"        cp_wfi : coverpoint ins.asm;"}
,{"expanded":false,"Exclusion Rule Type":"None","UNR":"none","title":"auto[LBU]","All Average Grd":"100%","All Cov":"1 / 1 (100%)","Score":"5084","At Least":"1","Source":"        cp_wfi : coverpoint ins.asm;"}
,{"expanded":false,"Exclusion Rule Type":"None","UNR":"none","title":"auto[LH]","All Average Grd":"100%","All Cov":"1 / 1 (100%)","Score":"1484","At Least":"1","Source":"        cp_wfi : coverpoint ins.asm;"}
,{"expanded":false,"Exclusion Rule Type":"None","UNR":"none","title":"auto[LHU]","All Average Grd":"100%","All Cov":"1 / 1 (100%)","Score":"1514","At Least":"1","Source":"        cp_wfi : coverpoint ins.asm;"}
,{"expanded":false,"Exclusion Rule Type":"None","UNR":"none","title":"auto[LUI]","All Average Grd":"100%","All Cov":"1 / 1 (100%)","Score":"2730","At Least":"1","Source":"        cp_wfi : coverpoint ins.asm;"}
,{"expanded":false,"Exclusion Rule Type":"None","UNR":"none","title":"auto[LW]","All Average Grd":"100%","All Cov":"1 / 1 (100%)","Score":"633","At Least":"1","Source":"        cp_wfi : coverpoint ins.asm;"}
,{"expanded":false,"Exclusion Rule Type":"None","UNR":"none","title":"auto[NOP]","All Average Grd":"100%","All Cov":"1 / 1 (100%)","Score":"6","At Least":"1","Source":"        cp_wfi : coverpoint ins.asm;"}
,{"expanded":false,"Exclusion Rule Type":"None","UNR":"none","title":"auto[OR]","All Average Grd":"100%","All Cov":"1 / 1 (100%)","Score":"3659","At Least":"1","Source":"        cp_wfi : coverpoint ins.asm;"}
,{"expanded":false,"Exclusion Rule Type":"None","UNR":"none","title":"auto[ORI]","All Average Grd":"100%","All Cov":"1 / 1 (100%)","Score":"2549","At Least":"1","Source":"        cp_wfi : coverpoint ins.asm;"}
,{"expanded":false,"Exclusion Rule Type":"None","UNR":"none","title":"auto[SB]","All Average Grd":"0%","All Cov":"0 / 1 (0%)","Score":"0","At Least":"1","Source":"        cp_wfi : coverpoint ins.asm;"}
,{"expanded":false,"Exclusion Rule Type":"None","UNR":"none","title":"auto[SH]","All Average Grd":"100%","All Cov":"1 / 1 (100%)","Score":"6810","At Least":"1","Source":"        cp_wfi : coverpoint ins.asm;"}
,{"expanded":false,"Exclusion Rule Type":"None","UNR":"none","title":"auto[SLL]","All Average Grd":"100%","All Cov":"1 / 1 (100%)","Score":"2817","At Least":"1","Source":"        cp_wfi : coverpoint ins.asm;"}
,{"expanded":false,"Exclusion Rule Type":"None","UNR":"none","title":"auto[SLLI]","All Average Grd":"100%","All Cov":"1 / 1 (100%)","Score":"2542","At Least":"1","Source":"        cp_wfi : coverpoint ins.asm;"}
,{"expanded":false,"Exclusion Rule Type":"None","UNR":"none","title":"auto[SLT]","All Average Grd":"100%","All Cov":"1 / 1 (100%)","Score":"2546","At Least":"1","Source":"        cp_wfi : coverpoint ins.asm;"}
,{"expanded":false,"Exclusion Rule Type":"None","UNR":"none","title":"auto[SLTI]","All Average Grd":"100%","All Cov":"1 / 1 (100%)","Score":"3222","At Least":"1","Source":"        cp_wfi : coverpoint ins.asm;"}
,{"expanded":false,"Exclusion Rule Type":"None","UNR":"none","title":"auto[SLTIU]","All Average Grd":"100%","All Cov":"1 / 1 (100%)","Score":"2946","At Least":"1","Source":"        cp_wfi : coverpoint ins.asm;"}
,{"expanded":false,"Exclusion Rule Type":"None","UNR":"none","title":"auto[SLTU]","All Average Grd":"100%","All Cov":"1 / 1 (100%)","Score":"2589","At Least":"1","Source":"        cp_wfi : coverpoint ins.asm;"}
,{"expanded":false,"Exclusion Rule Type":"None","UNR":"none","title":"auto[SRA]","All Average Grd":"100%","All Cov":"1 / 1 (100%)","Score":"2896","At Least":"1","Source":"        cp_wfi : coverpoint ins.asm;"}
,{"expanded":false,"Exclusion Rule Type":"None","UNR":"none","title":"auto[SRAI]","All Average Grd":"100%","All Cov":"1 / 1 (100%)","Score":"2845","At Least":"1","Source":"        cp_wfi : coverpoint ins.asm;"}
,{"expanded":false,"Exclusion Rule Type":"None","UNR":"none","title":"auto[SRL]","All Average Grd":"100%","All Cov":"1 / 1 (100%)","Score":"2591","At Least":"1","Source":"        cp_wfi : coverpoint ins.asm;"}
,{"expanded":false,"Exclusion Rule Type":"None","UNR":"none","title":"auto[SRLI]","All Average Grd":"100%","All Cov":"1 / 1 (100%)","Score":"2701","At Least":"1","Source":"        cp_wfi : coverpoint ins.asm;"}
,{"expanded":false,"Exclusion Rule Type":"None","UNR":"none","title":"auto[SUB]","All Average Grd":"100%","All Cov":"1 / 1 (100%)","Score":"2456","At Least":"1","Source":"        cp_wfi : coverpoint ins.asm;"}
,{"expanded":false,"Exclusion Rule Type":"None","UNR":"none","title":"auto[SW]","All Average Grd":"100%","All Cov":"1 / 1 (100%)","Score":"790","At Least":"1","Source":"        cp_wfi : coverpoint ins.asm;"}
,{"expanded":false,"Exclusion Rule Type":"None","UNR":"none","title":"auto[XOR]","All Average Grd":"100%","All Cov":"1 / 1 (100%)","Score":"2666","At Least":"1","Source":"        cp_wfi : coverpoint ins.asm;"}
,{"expanded":false,"Exclusion Rule Type":"None","UNR":"none","title":"auto[XORI]","All Average Grd":"100%","All Cov":"1 / 1 (100%)","Score":"3833","At Least":"1","Source":"        cp_wfi : coverpoint ins.asm;"}
,{"expanded":false,"Exclusion Rule Type":"None","UNR":"none","title":"auto[MUL]","All Average Grd":"100%","All Cov":"1 / 1 (100%)","Score":"3036","At Least":"1","Source":"        cp_wfi : coverpoint ins.asm;"}
,{"expanded":false,"Exclusion Rule Type":"None","UNR":"none","title":"auto[MULH]","All Average Grd":"100%","All Cov":"1 / 1 (100%)","Score":"3105","At Least":"1","Source":"        cp_wfi : coverpoint ins.asm;"}
,{"expanded":false,"Exclusion Rule Type":"None","UNR":"none","title":"auto[MULHU]","All Average Grd":"100%","All Cov":"1 / 1 (100%)","Score":"2941","At Least":"1","Source":"        cp_wfi : coverpoint ins.asm;"}
,{"expanded":false,"Exclusion Rule Type":"None","UNR":"none","title":"auto[MULHSU]","All Average Grd":"100%","All Cov":"1 / 1 (100%)","Score":"2662","At Least":"1","Source":"        cp_wfi : coverpoint ins.asm;"}
,{"expanded":false,"Exclusion Rule Type":"None","UNR":"none","title":"auto[DIV]","All Average Grd":"100%","All Cov":"1 / 1 (100%)","Score":"3261","At Least":"1","Source":"        cp_wfi : coverpoint ins.asm;"}
,{"expanded":false,"Exclusion Rule Type":"None","UNR":"none","title":"auto[REM]","All Average Grd":"100%","All Cov":"1 / 1 (100%)","Score":"2602","At Least":"1","Source":"        cp_wfi : coverpoint ins.asm;"}
,{"expanded":false,"Exclusion Rule Type":"None","UNR":"none","title":"auto[DIVU]","All Average Grd":"100%","All Cov":"1 / 1 (100%)","Score":"2508","At Least":"1","Source":"        cp_wfi : coverpoint ins.asm;"}
,{"expanded":false,"Exclusion Rule Type":"None","UNR":"none","title":"auto[REMU]","All Average Grd":"100%","All Cov":"1 / 1 (100%)","Score":"3158","At Least":"1","Source":"        cp_wfi : coverpoint ins.asm;"}
,{"expanded":false,"Exclusion Rule Type":"None","UNR":"none","title":"auto[WFI]","All Average Grd":"100%","All Cov":"1 / 1 (100%)","Score":"1731","At Least":"1","Source":"        cp_wfi : coverpoint ins.asm;"}
,{"expanded":false,"Exclusion Rule Type":"None","UNR":"none","title":"auto[MRET]","All Average Grd":"100%","All Cov":"1 / 1 (100%)","Score":"1695","At Least":"1","Source":"        cp_wfi : coverpoint ins.asm;"}
,{"expanded":false,"Exclusion Rule Type":"None","UNR":"none","title":"auto[DRET]","All Average Grd":"100%","All Cov":"1 / 1 (100%)","Score":"182","At Least":"1","Source":"        cp_wfi : coverpoint ins.asm;"}
,{"expanded":false,"Exclusion Rule Type":"None","UNR":"none","title":"auto[CSRRW]","All Average Grd":"100%","All Cov":"1 / 1 (100%)","Score":"2571","At Least":"1","Source":"        cp_wfi : coverpoint ins.asm;"}
,{"expanded":false,"Exclusion Rule Type":"None","UNR":"none","title":"auto[CSRRC]","All Average Grd":"100%","All Cov":"1 / 1 (100%)","Score":"2436","At Least":"1","Source":"        cp_wfi : coverpoint ins.asm;"}
,{"expanded":false,"Exclusion Rule Type":"None","UNR":"none","title":"auto[CSRRS]","All Average Grd":"100%","All Cov":"1 / 1 (100%)","Score":"2519","At Least":"1","Source":"        cp_wfi : coverpoint ins.asm;"}
,{"expanded":false,"Exclusion Rule Type":"None","UNR":"none","title":"auto[CSRRCI]","All Average Grd":"100%","All Cov":"1 / 1 (100%)","Score":"2417","At Least":"1","Source":"        cp_wfi : coverpoint ins.asm;"}
,{"expanded":false,"Exclusion Rule Type":"None","UNR":"none","title":"auto[CSRRSI]","All Average Grd":"100%","All Cov":"1 / 1 (100%)","Score":"2424","At Least":"1","Source":"        cp_wfi : coverpoint ins.asm;"}
,{"expanded":false,"Exclusion Rule Type":"None","UNR":"none","title":"auto[CSRRWI]","All Average Grd":"100%","All Cov":"1 / 1 (100%)","Score":"5175","At Least":"1","Source":"        cp_wfi : coverpoint ins.asm;"}
,{"expanded":false,"Exclusion Rule Type":"None","UNR":"none","title":"auto[C_LWSP]","All Average Grd":"100%","All Cov":"1 / 1 (100%)","Score":"79","At Least":"1","Source":"        cp_wfi : coverpoint ins.asm;"}
,{"expanded":false,"Exclusion Rule Type":"None","UNR":"none","title":"auto[C_SWSP]","All Average Grd":"100%","All Cov":"1 / 1 (100%)","Score":"91","At Least":"1","Source":"        cp_wfi : coverpoint ins.asm;"}
,{"expanded":false,"Exclusion Rule Type":"None","UNR":"none","title":"auto[C_LW]","All Average Grd":"100%","All Cov":"1 / 1 (100%)","Score":"14","At Least":"1","Source":"        cp_wfi : coverpoint ins.asm;"}
,{"expanded":false,"Exclusion Rule Type":"None","UNR":"none","title":"auto[C_SW]","All Average Grd":"100%","All Cov":"1 / 1 (100%)","Score":"44","At Least":"1","Source":"        cp_wfi : coverpoint ins.asm;"}
,{"expanded":false,"Exclusion Rule Type":"None","UNR":"none","title":"auto[C_BEQZ]","All Average Grd":"100%","All Cov":"1 / 1 (100%)","Score":"2341","At Least":"1","Source":"        cp_wfi : coverpoint ins.asm;"}
,{"expanded":false,"Exclusion Rule Type":"None","UNR":"none","title":"auto[C_BNEZ]","All Average Grd":"100%","All Cov":"1 / 1 (100%)","Score":"2304","At Least":"1","Source":"        cp_wfi : coverpoint ins.asm;"}
,{"expanded":false,"Exclusion Rule Type":"None","UNR":"none","title":"auto[C_J]","All Average Grd":"0%","All Cov":"0 / 1 (0%)","Score":"0","At Least":"1","Source":"        cp_wfi : coverpoint ins.asm;"}
,{"expanded":false,"Exclusion Rule Type":"None","UNR":"none","title":"auto[C_JR]","All Average Grd":"100%","All Cov":"1 / 1 (100%)","Score":"7","At Least":"1","Source":"        cp_wfi : coverpoint ins.asm;"}
,{"expanded":false,"Exclusion Rule Type":"None","UNR":"none","title":"auto[C_JAL]","All Average Grd":"0%","All Cov":"0 / 1 (0%)","Score":"0","At Least":"1","Source":"        cp_wfi : coverpoint ins.asm;"}
,{"expanded":false,"Exclusion Rule Type":"None","UNR":"none","title":"auto[C_JALR]","All Average Grd":"100%","All Cov":"1 / 1 (100%)","Score":"17","At Least":"1","Source":"        cp_wfi : coverpoint ins.asm;"}
,{"expanded":false,"Exclusion Rule Type":"None","UNR":"none","title":"auto[C_LI]","All Average Grd":"100%","All Cov":"1 / 1 (100%)","Score":"2622","At Least":"1","Source":"        cp_wfi : coverpoint ins.asm;"}
,{"expanded":false,"Exclusion Rule Type":"None","UNR":"none","title":"auto[C_LUI]","All Average Grd":"100%","All Cov":"1 / 1 (100%)","Score":"3028","At Least":"1","Source":"        cp_wfi : coverpoint ins.asm;"}
,{"expanded":false,"Exclusion Rule Type":"None","UNR":"none","title":"auto[C_ADDI]","All Average Grd":"100%","All Cov":"1 / 1 (100%)","Score":"10734","At Least":"1","Source":"        cp_wfi : coverpoint ins.asm;"}
,{"expanded":false,"Exclusion Rule Type":"None","UNR":"none","title":"auto[C_ADDI16SP]","All Average Grd":"100%","All Cov":"1 / 1 (100%)","Score":"2324","At Least":"1","Source":"        cp_wfi : coverpoint ins.asm;"}
,{"expanded":false,"Exclusion Rule Type":"None","UNR":"none","title":"auto[C_ADDI4SPN]","All Average Grd":"100%","All Cov":"1 / 1 (100%)","Score":"2261","At Least":"1","Source":"        cp_wfi : coverpoint ins.asm;"}
,{"expanded":false,"Exclusion Rule Type":"None","UNR":"none","title":"auto[C_SLLI]","All Average Grd":"100%","All Cov":"1 / 1 (100%)","Score":"2910","At Least":"1","Source":"        cp_wfi : coverpoint ins.asm;"}
,{"expanded":false,"Exclusion Rule Type":"None","UNR":"none","title":"auto[C_SRLI]","All Average Grd":"100%","All Cov":"1 / 1 (100%)","Score":"2825","At Least":"1","Source":"        cp_wfi : coverpoint ins.asm;"}
,{"expanded":false,"Exclusion Rule Type":"None","UNR":"none","title":"auto[C_SRAI]","All Average Grd":"100%","All Cov":"1 / 1 (100%)","Score":"2831","At Least":"1","Source":"        cp_wfi : coverpoint ins.asm;"}
,{"expanded":false,"Exclusion Rule Type":"None","UNR":"none","title":"auto[C_ANDI]","All Average Grd":"100%","All Cov":"1 / 1 (100%)","Score":"2813","At Least":"1","Source":"        cp_wfi : coverpoint ins.asm;"}
,{"expanded":false,"Exclusion Rule Type":"None","UNR":"none","title":"auto[C_ADD]","All Average Grd":"100%","All Cov":"1 / 1 (100%)","Score":"5800","At Least":"1","Source":"        cp_wfi : coverpoint ins.asm;"}
,{"expanded":false,"Exclusion Rule Type":"None","UNR":"none","title":"auto[C_AND]","All Average Grd":"100%","All Cov":"1 / 1 (100%)","Score":"2932","At Least":"1","Source":"        cp_wfi : coverpoint ins.asm;"}
,{"expanded":false,"Exclusion Rule Type":"None","UNR":"none","title":"auto[C_OR]","All Average Grd":"100%","All Cov":"1 / 1 (100%)","Score":"2858","At Least":"1","Source":"        cp_wfi : coverpoint ins.asm;"}
,{"expanded":false,"Exclusion Rule Type":"None","UNR":"none","title":"auto[C_XOR]","All Average Grd":"100%","All Cov":"1 / 1 (100%)","Score":"5238","At Least":"1","Source":"        cp_wfi : coverpoint ins.asm;"}
,{"expanded":false,"Exclusion Rule Type":"None","UNR":"none","title":"auto[C_SUB]","All Average Grd":"100%","All Cov":"1 / 1 (100%)","Score":"3368","At Least":"1","Source":"        cp_wfi : coverpoint ins.asm;"}
,{"expanded":false,"Exclusion Rule Type":"None","UNR":"none","title":"auto[C_EBREAK]","All Average Grd":"0%","All Cov":"0 / 1 (0%)","Score":"0","At Least":"1","Source":"        cp_wfi : coverpoint ins.asm;"}
],"columns":""}
]}
,{"expanded":false,"Exclusion Rule Type":"None","UNR":"none","title":"cg_irq_exit","All Average Grd":"90.48%","All Cov":"76 / 84 (90.48%)","Enclosing Entity":"uvm_pkg.uvm_test_top.env.cov_model.interrupt_covg","Source":"    covergroup cg_irq_exit with function sample(ins_t ins);"
,"subitems":[{"expanded":false,"Exclusion Rule Type":"None","UNR":"none","title":"cp_irq","At Least":"1","All Average Grd":"90.48%","All Cov":"76 / 84 (90.48%)","Source":"        cp_irq : coverpoint ins.asm;"
,"subitems":[{"expanded":false,"Exclusion Rule Type":"None","UNR":"none","title":"auto[ADD]","All Average Grd":"100%","All Cov":"1 / 1 (100%)","Score":"1916","At Least":"1","Source":"        cp_irq : coverpoint ins.asm;"}
,{"expanded":false,"Exclusion Rule Type":"None","UNR":"none","title":"auto[ADDI]","All Average Grd":"100%","All Cov":"1 / 1 (100%)","Score":"3603","At Least":"1","Source":"        cp_irq : coverpoint ins.asm;"}
,{"expanded":false,"Exclusion Rule Type":"None","UNR":"none","title":"auto[AND]","All Average Grd":"100%","All Cov":"1 / 1 (100%)","Score":"2002","At Least":"1","Source":"        cp_irq : coverpoint ins.asm;"}
,{"expanded":false,"Exclusion Rule Type":"None","UNR":"none","title":"auto[ANDI]","All Average Grd":"100%","All Cov":"1 / 1 (100%)","Score":"2020","At Least":"1","Source":"        cp_irq : coverpoint ins.asm;"}
,{"expanded":false,"Exclusion Rule Type":"None","UNR":"none","title":"auto[AUIPC]","All Average Grd":"100%","All Cov":"1 / 1 (100%)","Score":"2804","At Least":"1","Source":"        cp_irq : coverpoint ins.asm;"}
,{"expanded":false,"Exclusion Rule Type":"None","UNR":"none","title":"auto[BEQ]","All Average Grd":"100%","All Cov":"1 / 1 (100%)","Score":"1516","At Least":"1","Source":"        cp_irq : coverpoint ins.asm;"}
,{"expanded":false,"Exclusion Rule Type":"None","UNR":"none","title":"auto[BGE]","All Average Grd":"100%","All Cov":"1 / 1 (100%)","Score":"1580","At Least":"1","Source":"        cp_irq : coverpoint ins.asm;"}
,{"expanded":false,"Exclusion Rule Type":"None","UNR":"none","title":"auto[BGEU]","All Average Grd":"100%","All Cov":"1 / 1 (100%)","Score":"1403","At Least":"1","Source":"        cp_irq : coverpoint ins.asm;"}
,{"expanded":false,"Exclusion Rule Type":"None","UNR":"none","title":"auto[BLTU]","All Average Grd":"100%","All Cov":"1 / 1 (100%)","Score":"1462","At Least":"1","Source":"        cp_irq : coverpoint ins.asm;"}
,{"expanded":false,"Exclusion Rule Type":"None","UNR":"none","title":"auto[BNE]","All Average Grd":"100%","All Cov":"1 / 1 (100%)","Score":"1455","At Least":"1","Source":"        cp_irq : coverpoint ins.asm;"}
,{"expanded":false,"Exclusion Rule Type":"None","UNR":"none","title":"auto[BLT]","All Average Grd":"100%","All Cov":"1 / 1 (100%)","Score":"1607","At Least":"1","Source":"        cp_irq : coverpoint ins.asm;"}
,{"expanded":false,"Exclusion Rule Type":"None","UNR":"none","title":"auto[FENCE]","All Average Grd":"100%","All Cov":"1 / 1 (100%)","Score":"1908","At Least":"1","Source":"        cp_irq : coverpoint ins.asm;"}
,{"expanded":false,"Exclusion Rule Type":"None","UNR":"none","title":"auto[FENCE_I]","All Average Grd":"100%","All Cov":"1 / 1 (100%)","Score":"2041","At Least":"1","Source":"        cp_irq : coverpoint ins.asm;"}
,{"expanded":false,"Exclusion Rule Type":"None","UNR":"none","title":"auto[EBREAK]","All Average Grd":"0%","All Cov":"0 / 1 (0%)","Score":"0","At Least":"1","Source":"        cp_irq : coverpoint ins.asm;"}
,{"expanded":false,"Exclusion Rule Type":"None","UNR":"none","title":"auto[ECALL]","All Average Grd":"0%","All Cov":"0 / 1 (0%)","Score":"0","At Least":"1","Source":"        cp_irq : coverpoint ins.asm;"}
,{"expanded":false,"Exclusion Rule Type":"None","UNR":"none","title":"auto[JAL]","All Average Grd":"100%","All Cov":"1 / 1 (100%)","Score":"909305","At Least":"1","Source":"        cp_irq : coverpoint ins.asm;"}
,{"expanded":false,"Exclusion Rule Type":"None","UNR":"none","title":"auto[JALR]","All Average Grd":"0%","All Cov":"0 / 1 (0%)","Score":"0","At Least":"1","Source":"        cp_irq : coverpoint ins.asm;"}
,{"expanded":false,"Exclusion Rule Type":"None","UNR":"none","title":"auto[LB]","All Average Grd":"100%","All Cov":"1 / 1 (100%)","Score":"6841","At Least":"1","Source":"        cp_irq : coverpoint ins.asm;"}
,{"expanded":false,"Exclusion Rule Type":"None","UNR":"none","title":"auto[LBU]","All Average Grd":"100%","All Cov":"1 / 1 (100%)","Score":"6843","At Least":"1","Source":"        cp_irq : coverpoint ins.asm;"}
,{"expanded":false,"Exclusion Rule Type":"None","UNR":"none","title":"auto[LH]","All Average Grd":"100%","All Cov":"1 / 1 (100%)","Score":"2095","At Least":"1","Source":"        cp_irq : coverpoint ins.asm;"}
,{"expanded":false,"Exclusion Rule Type":"None","UNR":"none","title":"auto[LHU]","All Average Grd":"100%","All Cov":"1 / 1 (100%)","Score":"2230","At Least":"1","Source":"        cp_irq : coverpoint ins.asm;"}
,{"expanded":false,"Exclusion Rule Type":"None","UNR":"none","title":"auto[LUI]","All Average Grd":"100%","All Cov":"1 / 1 (100%)","Score":"2137","At Least":"1","Source":"        cp_irq : coverpoint ins.asm;"}
,{"expanded":false,"Exclusion Rule Type":"None","UNR":"none","title":"auto[LW]","All Average Grd":"100%","All Cov":"1 / 1 (100%)","Score":"1058","At Least":"1","Source":"        cp_irq : coverpoint ins.asm;"}
,{"expanded":false,"Exclusion Rule Type":"None","UNR":"none","title":"auto[NOP]","All Average Grd":"100%","All Cov":"1 / 1 (100%)","Score":"3","At Least":"1","Source":"        cp_irq : coverpoint ins.asm;"}
,{"expanded":false,"Exclusion Rule Type":"None","UNR":"none","title":"auto[OR]","All Average Grd":"100%","All Cov":"1 / 1 (100%)","Score":"1965","At Least":"1","Source":"        cp_irq : coverpoint ins.asm;"}
,{"expanded":false,"Exclusion Rule Type":"None","UNR":"none","title":"auto[ORI]","All Average Grd":"100%","All Cov":"1 / 1 (100%)","Score":"1990","At Least":"1","Source":"        cp_irq : coverpoint ins.asm;"}
,{"expanded":false,"Exclusion Rule Type":"None","UNR":"none","title":"auto[SB]","All Average Grd":"0%","All Cov":"0 / 1 (0%)","Score":"0","At Least":"1","Source":"        cp_irq : coverpoint ins.asm;"}
,{"expanded":false,"Exclusion Rule Type":"None","UNR":"none","title":"auto[SH]","All Average Grd":"100%","All Cov":"1 / 1 (100%)","Score":"9152","At Least":"1","Source":"        cp_irq : coverpoint ins.asm;"}
,{"expanded":false,"Exclusion Rule Type":"None","UNR":"none","title":"auto[SLL]","All Average Grd":"100%","All Cov":"1 / 1 (100%)","Score":"1944","At Least":"1","Source":"        cp_irq : coverpoint ins.asm;"}
,{"expanded":false,"Exclusion Rule Type":"None","UNR":"none","title":"auto[SLLI]","All Average Grd":"100%","All Cov":"1 / 1 (100%)","Score":"1877","At Least":"1","Source":"        cp_irq : coverpoint ins.asm;"}
,{"expanded":false,"Exclusion Rule Type":"None","UNR":"none","title":"auto[SLT]","All Average Grd":"100%","All Cov":"1 / 1 (100%)","Score":"1924","At Least":"1","Source":"        cp_irq : coverpoint ins.asm;"}
,{"expanded":false,"Exclusion Rule Type":"None","UNR":"none","title":"auto[SLTI]","All Average Grd":"100%","All Cov":"1 / 1 (100%)","Score":"2061","At Least":"1","Source":"        cp_irq : coverpoint ins.asm;"}
,{"expanded":false,"Exclusion Rule Type":"None","UNR":"none","title":"auto[SLTIU]","All Average Grd":"100%","All Cov":"1 / 1 (100%)","Score":"2028","At Least":"1","Source":"        cp_irq : coverpoint ins.asm;"}
,{"expanded":false,"Exclusion Rule Type":"None","UNR":"none","title":"auto[SLTU]","All Average Grd":"100%","All Cov":"1 / 1 (100%)","Score":"1952","At Least":"1","Source":"        cp_irq : coverpoint ins.asm;"}
,{"expanded":false,"Exclusion Rule Type":"None","UNR":"none","title":"auto[SRA]","All Average Grd":"100%","All Cov":"1 / 1 (100%)","Score":"1961","At Least":"1","Source":"        cp_irq : coverpoint ins.asm;"}
,{"expanded":false,"Exclusion Rule Type":"None","UNR":"none","title":"auto[SRAI]","All Average Grd":"100%","All Cov":"1 / 1 (100%)","Score":"1983","At Least":"1","Source":"        cp_irq : coverpoint ins.asm;"}
,{"expanded":false,"Exclusion Rule Type":"None","UNR":"none","title":"auto[SRL]","All Average Grd":"100%","All Cov":"1 / 1 (100%)","Score":"2027","At Least":"1","Source":"        cp_irq : coverpoint ins.asm;"}
,{"expanded":false,"Exclusion Rule Type":"None","UNR":"none","title":"auto[SRLI]","All Average Grd":"100%","All Cov":"1 / 1 (100%)","Score":"1886","At Least":"1","Source":"        cp_irq : coverpoint ins.asm;"}
,{"expanded":false,"Exclusion Rule Type":"None","UNR":"none","title":"auto[SUB]","All Average Grd":"100%","All Cov":"1 / 1 (100%)","Score":"2008","At Least":"1","Source":"        cp_irq : coverpoint ins.asm;"}
,{"expanded":false,"Exclusion Rule Type":"None","UNR":"none","title":"auto[SW]","All Average Grd":"100%","All Cov":"1 / 1 (100%)","Score":"928","At Least":"1","Source":"        cp_irq : coverpoint ins.asm;"}
,{"expanded":false,"Exclusion Rule Type":"None","UNR":"none","title":"auto[XOR]","All Average Grd":"100%","All Cov":"1 / 1 (100%)","Score":"2062","At Least":"1","Source":"        cp_irq : coverpoint ins.asm;"}
,{"expanded":false,"Exclusion Rule Type":"None","UNR":"none","title":"auto[XORI]","All Average Grd":"100%","All Cov":"1 / 1 (100%)","Score":"1913","At Least":"1","Source":"        cp_irq : coverpoint ins.asm;"}
,{"expanded":false,"Exclusion Rule Type":"None","UNR":"none","title":"auto[MUL]","All Average Grd":"100%","All Cov":"1 / 1 (100%)","Score":"2019","At Least":"1","Source":"        cp_irq : coverpoint ins.asm;"}
,{"expanded":false,"Exclusion Rule Type":"None","UNR":"none","title":"auto[MULH]","All Average Grd":"100%","All Cov":"1 / 1 (100%)","Score":"2034","At Least":"1","Source":"        cp_irq : coverpoint ins.asm;"}
,{"expanded":false,"Exclusion Rule Type":"None","UNR":"none","title":"auto[MULHU]","All Average Grd":"100%","All Cov":"1 / 1 (100%)","Score":"2016","At Least":"1","Source":"        cp_irq : coverpoint ins.asm;"}
,{"expanded":false,"Exclusion Rule Type":"None","UNR":"none","title":"auto[MULHSU]","All Average Grd":"100%","All Cov":"1 / 1 (100%)","Score":"2046","At Least":"1","Source":"        cp_irq : coverpoint ins.asm;"}
,{"expanded":false,"Exclusion Rule Type":"None","UNR":"none","title":"auto[DIV]","All Average Grd":"100%","All Cov":"1 / 1 (100%)","Score":"1942","At Least":"1","Source":"        cp_irq : coverpoint ins.asm;"}
,{"expanded":false,"Exclusion Rule Type":"None","UNR":"none","title":"auto[REM]","All Average Grd":"100%","All Cov":"1 / 1 (100%)","Score":"1958","At Least":"1","Source":"        cp_irq : coverpoint ins.asm;"}
,{"expanded":false,"Exclusion Rule Type":"None","UNR":"none","title":"auto[DIVU]","All Average Grd":"100%","All Cov":"1 / 1 (100%)","Score":"2029","At Least":"1","Source":"        cp_irq : coverpoint ins.asm;"}
,{"expanded":false,"Exclusion Rule Type":"None","UNR":"none","title":"auto[REMU]","All Average Grd":"100%","All Cov":"1 / 1 (100%)","Score":"2042","At Least":"1","Source":"        cp_irq : coverpoint ins.asm;"}
,{"expanded":false,"Exclusion Rule Type":"None","UNR":"none","title":"auto[WFI]","All Average Grd":"100%","All Cov":"1 / 1 (100%)","Score":"1695","At Least":"1","Source":"        cp_irq : coverpoint ins.asm;"}
,{"expanded":false,"Exclusion Rule Type":"None","UNR":"none","title":"auto[MRET]","All Average Grd":"0%","All Cov":"0 / 1 (0%)","Score":"0","At Least":"1","Source":"        cp_irq : coverpoint ins.asm;"}
,{"expanded":false,"Exclusion Rule Type":"None","UNR":"none","title":"auto[DRET]","All Average Grd":"0%","All Cov":"0 / 1 (0%)","Score":"0","At Least":"1","Source":"        cp_irq : coverpoint ins.asm;"}
,{"expanded":false,"Exclusion Rule Type":"None","UNR":"none","title":"auto[CSRRW]","All Average Grd":"100%","All Cov":"1 / 1 (100%)","Score":"73623","At Least":"1","Source":"        cp_irq : coverpoint ins.asm;"}
,{"expanded":false,"Exclusion Rule Type":"None","UNR":"none","title":"auto[CSRRC]","All Average Grd":"100%","All Cov":"1 / 1 (100%)","Score":"1952","At Least":"1","Source":"        cp_irq : coverpoint ins.asm;"}
,{"expanded":false,"Exclusion Rule Type":"None","UNR":"none","title":"auto[CSRRS]","All Average Grd":"100%","All Cov":"1 / 1 (100%)","Score":"580067","At Least":"1","Source":"        cp_irq : coverpoint ins.asm;"}
,{"expanded":false,"Exclusion Rule Type":"None","UNR":"none","title":"auto[CSRRCI]","All Average Grd":"100%","All Cov":"1 / 1 (100%)","Score":"2768","At Least":"1","Source":"        cp_irq : coverpoint ins.asm;"}
,{"expanded":false,"Exclusion Rule Type":"None","UNR":"none","title":"auto[CSRRSI]","All Average Grd":"100%","All Cov":"1 / 1 (100%)","Score":"2278","At Least":"1","Source":"        cp_irq : coverpoint ins.asm;"}
,{"expanded":false,"Exclusion Rule Type":"None","UNR":"none","title":"auto[CSRRWI]","All Average Grd":"100%","All Cov":"1 / 1 (100%)","Score":"1945","At Least":"1","Source":"        cp_irq : coverpoint ins.asm;"}
,{"expanded":false,"Exclusion Rule Type":"None","UNR":"none","title":"auto[C_LWSP]","All Average Grd":"100%","All Cov":"1 / 1 (100%)","Score":"93","At Least":"1","Source":"        cp_irq : coverpoint ins.asm;"}
,{"expanded":false,"Exclusion Rule Type":"None","UNR":"none","title":"auto[C_SWSP]","All Average Grd":"100%","All Cov":"1 / 1 (100%)","Score":"105","At Least":"1","Source":"        cp_irq : coverpoint ins.asm;"}
,{"expanded":false,"Exclusion Rule Type":"None","UNR":"none","title":"auto[C_LW]","All Average Grd":"100%","All Cov":"1 / 1 (100%)","Score":"8","At Least":"1","Source":"        cp_irq : coverpoint ins.asm;"}
,{"expanded":false,"Exclusion Rule Type":"None","UNR":"none","title":"auto[C_SW]","All Average Grd":"100%","All Cov":"1 / 1 (100%)","Score":"15","At Least":"1","Source":"        cp_irq : coverpoint ins.asm;"}
,{"expanded":false,"Exclusion Rule Type":"None","UNR":"none","title":"auto[C_BEQZ]","All Average Grd":"100%","All Cov":"1 / 1 (100%)","Score":"1346","At Least":"1","Source":"        cp_irq : coverpoint ins.asm;"}
,{"expanded":false,"Exclusion Rule Type":"None","UNR":"none","title":"auto[C_BNEZ]","All Average Grd":"100%","All Cov":"1 / 1 (100%)","Score":"1365","At Least":"1","Source":"        cp_irq : coverpoint ins.asm;"}
,{"expanded":false,"Exclusion Rule Type":"None","UNR":"none","title":"auto[C_J]","All Average Grd":"100%","All Cov":"1 / 1 (100%)","Score":"9","At Least":"1","Source":"        cp_irq : coverpoint ins.asm;"}
,{"expanded":false,"Exclusion Rule Type":"None","UNR":"none","title":"auto[C_JR]","All Average Grd":"100%","All Cov":"1 / 1 (100%)","Score":"484","At Least":"1","Source":"        cp_irq : coverpoint ins.asm;"}
,{"expanded":false,"Exclusion Rule Type":"None","UNR":"none","title":"auto[C_JAL]","All Average Grd":"0%","All Cov":"0 / 1 (0%)","Score":"0","At Least":"1","Source":"        cp_irq : coverpoint ins.asm;"}
,{"expanded":false,"Exclusion Rule Type":"None","UNR":"none","title":"auto[C_JALR]","All Average Grd":"100%","All Cov":"1 / 1 (100%)","Score":"1","At Least":"1","Source":"        cp_irq : coverpoint ins.asm;"}
,{"expanded":false,"Exclusion Rule Type":"None","UNR":"none","title":"auto[C_LI]","All Average Grd":"100%","All Cov":"1 / 1 (100%)","Score":"2026","At Least":"1","Source":"        cp_irq : coverpoint ins.asm;"}
,{"expanded":false,"Exclusion Rule Type":"None","UNR":"none","title":"auto[C_LUI]","All Average Grd":"100%","All Cov":"1 / 1 (100%)","Score":"1943","At Least":"1","Source":"        cp_irq : coverpoint ins.asm;"}
,{"expanded":false,"Exclusion Rule Type":"None","UNR":"none","title":"auto[C_ADDI]","All Average Grd":"100%","All Cov":"1 / 1 (100%)","Score":"8057","At Least":"1","Source":"        cp_irq : coverpoint ins.asm;"}
,{"expanded":false,"Exclusion Rule Type":"None","UNR":"none","title":"auto[C_ADDI16SP]","All Average Grd":"100%","All Cov":"1 / 1 (100%)","Score":"1584","At Least":"1","Source":"        cp_irq : coverpoint ins.asm;"}
,{"expanded":false,"Exclusion Rule Type":"None","UNR":"none","title":"auto[C_ADDI4SPN]","All Average Grd":"100%","All Cov":"1 / 1 (100%)","Score":"1492","At Least":"1","Source":"        cp_irq : coverpoint ins.asm;"}
,{"expanded":false,"Exclusion Rule Type":"None","UNR":"none","title":"auto[C_SLLI]","All Average Grd":"100%","All Cov":"1 / 1 (100%)","Score":"1995","At Least":"1","Source":"        cp_irq : coverpoint ins.asm;"}
,{"expanded":false,"Exclusion Rule Type":"None","UNR":"none","title":"auto[C_SRLI]","All Average Grd":"100%","All Cov":"1 / 1 (100%)","Score":"1928","At Least":"1","Source":"        cp_irq : coverpoint ins.asm;"}
,{"expanded":false,"Exclusion Rule Type":"None","UNR":"none","title":"auto[C_SRAI]","All Average Grd":"100%","All Cov":"1 / 1 (100%)","Score":"1964","At Least":"1","Source":"        cp_irq : coverpoint ins.asm;"}
,{"expanded":false,"Exclusion Rule Type":"None","UNR":"none","title":"auto[C_ANDI]","All Average Grd":"100%","All Cov":"1 / 1 (100%)","Score":"1909","At Least":"1","Source":"        cp_irq : coverpoint ins.asm;"}
,{"expanded":false,"Exclusion Rule Type":"None","UNR":"none","title":"auto[C_ADD]","All Average Grd":"100%","All Cov":"1 / 1 (100%)","Score":"4218","At Least":"1","Source":"        cp_irq : coverpoint ins.asm;"}
,{"expanded":false,"Exclusion Rule Type":"None","UNR":"none","title":"auto[C_AND]","All Average Grd":"100%","All Cov":"1 / 1 (100%)","Score":"1964","At Least":"1","Source":"        cp_irq : coverpoint ins.asm;"}
,{"expanded":false,"Exclusion Rule Type":"None","UNR":"none","title":"auto[C_OR]","All Average Grd":"100%","All Cov":"1 / 1 (100%)","Score":"2025","At Least":"1","Source":"        cp_irq : coverpoint ins.asm;"}
,{"expanded":false,"Exclusion Rule Type":"None","UNR":"none","title":"auto[C_XOR]","All Average Grd":"100%","All Cov":"1 / 1 (100%)","Score":"1981","At Least":"1","Source":"        cp_irq : coverpoint ins.asm;"}
,{"expanded":false,"Exclusion Rule Type":"None","UNR":"none","title":"auto[C_SUB]","All Average Grd":"100%","All Cov":"1 / 1 (100%)","Score":"2013","At Least":"1","Source":"        cp_irq : coverpoint ins.asm;"}
,{"expanded":false,"Exclusion Rule Type":"None","UNR":"none","title":"auto[C_EBREAK]","All Average Grd":"0%","All Cov":"0 / 1 (0%)","Score":"0","At Least":"1","Source":"        cp_irq : coverpoint ins.asm;"}
],"columns":""}
]}
,{"expanded":false,"Exclusion Rule Type":"None","UNR":"none","title":"cg_wfi_exit","All Average Grd":"89.29%","All Cov":"75 / 84 (89.29%)","Enclosing Entity":"uvm_pkg.uvm_test_top.env.cov_model.interrupt_covg","Source":"    covergroup cg_wfi_exit with function sample(ins_t ins);"
,"subitems":[{"expanded":false,"Exclusion Rule Type":"None","UNR":"none","title":"cp_wfi","At Least":"1","All Average Grd":"89.29%","All Cov":"75 / 84 (89.29%)","Source":"        cp_wfi : coverpoint ins.asm;"
,"subitems":[{"expanded":false,"Exclusion Rule Type":"None","UNR":"none","title":"auto[ADD]","All Average Grd":"100%","All Cov":"1 / 1 (100%)","Score":"1327","At Least":"1","Source":"        cp_wfi : coverpoint ins.asm;"}
,{"expanded":false,"Exclusion Rule Type":"None","UNR":"none","title":"auto[ADDI]","All Average Grd":"100%","All Cov":"1 / 1 (100%)","Score":"2804","At Least":"1","Source":"        cp_wfi : coverpoint ins.asm;"}
,{"expanded":false,"Exclusion Rule Type":"None","UNR":"none","title":"auto[AND]","All Average Grd":"100%","All Cov":"1 / 1 (100%)","Score":"1635","At Least":"1","Source":"        cp_wfi : coverpoint ins.asm;"}
,{"expanded":false,"Exclusion Rule Type":"None","UNR":"none","title":"auto[ANDI]","All Average Grd":"100%","All Cov":"1 / 1 (100%)","Score":"1304","At Least":"1","Source":"        cp_wfi : coverpoint ins.asm;"}
,{"expanded":false,"Exclusion Rule Type":"None","UNR":"none","title":"auto[AUIPC]","All Average Grd":"100%","All Cov":"1 / 1 (100%)","Score":"2320","At Least":"1","Source":"        cp_wfi : coverpoint ins.asm;"}
,{"expanded":false,"Exclusion Rule Type":"None","UNR":"none","title":"auto[BEQ]","All Average Grd":"100%","All Cov":"1 / 1 (100%)","Score":"1096","At Least":"1","Source":"        cp_wfi : coverpoint ins.asm;"}
,{"expanded":false,"Exclusion Rule Type":"None","UNR":"none","title":"auto[BGE]","All Average Grd":"100%","All Cov":"1 / 1 (100%)","Score":"1400","At Least":"1","Source":"        cp_wfi : coverpoint ins.asm;"}
,{"expanded":false,"Exclusion Rule Type":"None","UNR":"none","title":"auto[BGEU]","All Average Grd":"100%","All Cov":"1 / 1 (100%)","Score":"1152","At Least":"1","Source":"        cp_wfi : coverpoint ins.asm;"}
,{"expanded":false,"Exclusion Rule Type":"None","UNR":"none","title":"auto[BLTU]","All Average Grd":"100%","All Cov":"1 / 1 (100%)","Score":"1112","At Least":"1","Source":"        cp_wfi : coverpoint ins.asm;"}
,{"expanded":false,"Exclusion Rule Type":"None","UNR":"none","title":"auto[BNE]","All Average Grd":"100%","All Cov":"1 / 1 (100%)","Score":"1604","At Least":"1","Source":"        cp_wfi : coverpoint ins.asm;"}
,{"expanded":false,"Exclusion Rule Type":"None","UNR":"none","title":"auto[BLT]","All Average Grd":"100%","All Cov":"1 / 1 (100%)","Score":"1247","At Least":"1","Source":"        cp_wfi : coverpoint ins.asm;"}
,{"expanded":false,"Exclusion Rule Type":"None","UNR":"none","title":"auto[FENCE]","All Average Grd":"100%","All Cov":"1 / 1 (100%)","Score":"1074","At Least":"1","Source":"        cp_wfi : coverpoint ins.asm;"}
,{"expanded":false,"Exclusion Rule Type":"None","UNR":"none","title":"auto[FENCE_I]","All Average Grd":"100%","All Cov":"1 / 1 (100%)","Score":"1065","At Least":"1","Source":"        cp_wfi : coverpoint ins.asm;"}
,{"expanded":false,"Exclusion Rule Type":"None","UNR":"none","title":"auto[EBREAK]","All Average Grd":"0%","All Cov":"0 / 1 (0%)","Score":"0","At Least":"1","Source":"        cp_wfi : coverpoint ins.asm;"}
,{"expanded":false,"Exclusion Rule Type":"None","UNR":"none","title":"auto[ECALL]","All Average Grd":"0%","All Cov":"0 / 1 (0%)","Score":"0","At Least":"1","Source":"        cp_wfi : coverpoint ins.asm;"}
,{"expanded":false,"Exclusion Rule Type":"None","UNR":"none","title":"auto[JAL]","All Average Grd":"100%","All Cov":"1 / 1 (100%)","Score":"78719","At Least":"1","Source":"        cp_wfi : coverpoint ins.asm;"}
,{"expanded":false,"Exclusion Rule Type":"None","UNR":"none","title":"auto[JALR]","All Average Grd":"0%","All Cov":"0 / 1 (0%)","Score":"0","At Least":"1","Source":"        cp_wfi : coverpoint ins.asm;"}
,{"expanded":false,"Exclusion Rule Type":"None","UNR":"none","title":"auto[LB]","All Average Grd":"100%","All Cov":"1 / 1 (100%)","Score":"2617","At Least":"1","Source":"        cp_wfi : coverpoint ins.asm;"}
,{"expanded":false,"Exclusion Rule Type":"None","UNR":"none","title":"auto[LBU]","All Average Grd":"100%","All Cov":"1 / 1 (100%)","Score":"2556","At Least":"1","Source":"        cp_wfi : coverpoint ins.asm;"}
,{"expanded":false,"Exclusion Rule Type":"None","UNR":"none","title":"auto[LH]","All Average Grd":"100%","All Cov":"1 / 1 (100%)","Score":"808","At Least":"1","Source":"        cp_wfi : coverpoint ins.asm;"}
,{"expanded":false,"Exclusion Rule Type":"None","UNR":"none","title":"auto[LHU]","All Average Grd":"100%","All Cov":"1 / 1 (100%)","Score":"819","At Least":"1","Source":"        cp_wfi : coverpoint ins.asm;"}
,{"expanded":false,"Exclusion Rule Type":"None","UNR":"none","title":"auto[LUI]","All Average Grd":"100%","All Cov":"1 / 1 (100%)","Score":"1502","At Least":"1","Source":"        cp_wfi : coverpoint ins.asm;"}
,{"expanded":false,"Exclusion Rule Type":"None","UNR":"none","title":"auto[LW]","All Average Grd":"100%","All Cov":"1 / 1 (100%)","Score":"365","At Least":"1","Source":"        cp_wfi : coverpoint ins.asm;"}
,{"expanded":false,"Exclusion Rule Type":"None","UNR":"none","title":"auto[NOP]","All Average Grd":"100%","All Cov":"1 / 1 (100%)","Score":"2","At Least":"1","Source":"        cp_wfi : coverpoint ins.asm;"}
,{"expanded":false,"Exclusion Rule Type":"None","UNR":"none","title":"auto[OR]","All Average Grd":"100%","All Cov":"1 / 1 (100%)","Score":"1867","At Least":"1","Source":"        cp_wfi : coverpoint ins.asm;"}
,{"expanded":false,"Exclusion Rule Type":"None","UNR":"none","title":"auto[ORI]","All Average Grd":"100%","All Cov":"1 / 1 (100%)","Score":"1610","At Least":"1","Source":"        cp_wfi : coverpoint ins.asm;"}
,{"expanded":false,"Exclusion Rule Type":"None","UNR":"none","title":"auto[SB]","All Average Grd":"0%","All Cov":"0 / 1 (0%)","Score":"0","At Least":"1","Source":"        cp_wfi : coverpoint ins.asm;"}
,{"expanded":false,"Exclusion Rule Type":"None","UNR":"none","title":"auto[SH]","All Average Grd":"100%","All Cov":"1 / 1 (100%)","Score":"3306","At Least":"1","Source":"        cp_wfi : coverpoint ins.asm;"}
,{"expanded":false,"Exclusion Rule Type":"None","UNR":"none","title":"auto[SLL]","All Average Grd":"100%","All Cov":"1 / 1 (100%)","Score":"1404","At Least":"1","Source":"        cp_wfi : coverpoint ins.asm;"}
,{"expanded":false,"Exclusion Rule Type":"None","UNR":"none","title":"auto[SLLI]","All Average Grd":"100%","All Cov":"1 / 1 (100%)","Score":"1335","At Least":"1","Source":"        cp_wfi : coverpoint ins.asm;"}
,{"expanded":false,"Exclusion Rule Type":"None","UNR":"none","title":"auto[SLT]","All Average Grd":"100%","All Cov":"1 / 1 (100%)","Score":"1534","At Least":"1","Source":"        cp_wfi : coverpoint ins.asm;"}
,{"expanded":false,"Exclusion Rule Type":"None","UNR":"none","title":"auto[SLTI]","All Average Grd":"100%","All Cov":"1 / 1 (100%)","Score":"1265","At Least":"1","Source":"        cp_wfi : coverpoint ins.asm;"}
,{"expanded":false,"Exclusion Rule Type":"None","UNR":"none","title":"auto[SLTIU]","All Average Grd":"100%","All Cov":"1 / 1 (100%)","Score":"1752","At Least":"1","Source":"        cp_wfi : coverpoint ins.asm;"}
,{"expanded":false,"Exclusion Rule Type":"None","UNR":"none","title":"auto[SLTU]","All Average Grd":"100%","All Cov":"1 / 1 (100%)","Score":"1631","At Least":"1","Source":"        cp_wfi : coverpoint ins.asm;"}
,{"expanded":false,"Exclusion Rule Type":"None","UNR":"none","title":"auto[SRA]","All Average Grd":"100%","All Cov":"1 / 1 (100%)","Score":"1556","At Least":"1","Source":"        cp_wfi : coverpoint ins.asm;"}
,{"expanded":false,"Exclusion Rule Type":"None","UNR":"none","title":"auto[SRAI]","All Average Grd":"100%","All Cov":"1 / 1 (100%)","Score":"1601","At Least":"1","Source":"        cp_wfi : coverpoint ins.asm;"}
,{"expanded":false,"Exclusion Rule Type":"None","UNR":"none","title":"auto[SRL]","All Average Grd":"100%","All Cov":"1 / 1 (100%)","Score":"1519","At Least":"1","Source":"        cp_wfi : coverpoint ins.asm;"}
,{"expanded":false,"Exclusion Rule Type":"None","UNR":"none","title":"auto[SRLI]","All Average Grd":"100%","All Cov":"1 / 1 (100%)","Score":"1413","At Least":"1","Source":"        cp_wfi : coverpoint ins.asm;"}
,{"expanded":false,"Exclusion Rule Type":"None","UNR":"none","title":"auto[SUB]","All Average Grd":"100%","All Cov":"1 / 1 (100%)","Score":"1294","At Least":"1","Source":"        cp_wfi : coverpoint ins.asm;"}
,{"expanded":false,"Exclusion Rule Type":"None","UNR":"none","title":"auto[SW]","All Average Grd":"100%","All Cov":"1 / 1 (100%)","Score":"368","At Least":"1","Source":"        cp_wfi : coverpoint ins.asm;"}
,{"expanded":false,"Exclusion Rule Type":"None","UNR":"none","title":"auto[XOR]","All Average Grd":"100%","All Cov":"1 / 1 (100%)","Score":"1464","At Least":"1","Source":"        cp_wfi : coverpoint ins.asm;"}
,{"expanded":false,"Exclusion Rule Type":"None","UNR":"none","title":"auto[XORI]","All Average Grd":"100%","All Cov":"1 / 1 (100%)","Score":"1577","At Least":"1","Source":"        cp_wfi : coverpoint ins.asm;"}
,{"expanded":false,"Exclusion Rule Type":"None","UNR":"none","title":"auto[MUL]","All Average Grd":"100%","All Cov":"1 / 1 (100%)","Score":"1239","At Least":"1","Source":"        cp_wfi : coverpoint ins.asm;"}
,{"expanded":false,"Exclusion Rule Type":"None","UNR":"none","title":"auto[MULH]","All Average Grd":"100%","All Cov":"1 / 1 (100%)","Score":"1730","At Least":"1","Source":"        cp_wfi : coverpoint ins.asm;"}
,{"expanded":false,"Exclusion Rule Type":"None","UNR":"none","title":"auto[MULHU]","All Average Grd":"100%","All Cov":"1 / 1 (100%)","Score":"1101","At Least":"1","Source":"        cp_wfi : coverpoint ins.asm;"}
,{"expanded":false,"Exclusion Rule Type":"None","UNR":"none","title":"auto[MULHSU]","All Average Grd":"100%","All Cov":"1 / 1 (100%)","Score":"1478","At Least":"1","Source":"        cp_wfi : coverpoint ins.asm;"}
,{"expanded":false,"Exclusion Rule Type":"None","UNR":"none","title":"auto[DIV]","All Average Grd":"100%","All Cov":"1 / 1 (100%)","Score":"1672","At Least":"1","Source":"        cp_wfi : coverpoint ins.asm;"}
,{"expanded":false,"Exclusion Rule Type":"None","UNR":"none","title":"auto[REM]","All Average Grd":"100%","All Cov":"1 / 1 (100%)","Score":"1168","At Least":"1","Source":"        cp_wfi : coverpoint ins.asm;"}
,{"expanded":false,"Exclusion Rule Type":"None","UNR":"none","title":"auto[DIVU]","All Average Grd":"100%","All Cov":"1 / 1 (100%)","Score":"1503","At Least":"1","Source":"        cp_wfi : coverpoint ins.asm;"}
,{"expanded":false,"Exclusion Rule Type":"None","UNR":"none","title":"auto[REMU]","All Average Grd":"100%","All Cov":"1 / 1 (100%)","Score":"1697","At Least":"1","Source":"        cp_wfi : coverpoint ins.asm;"}
,{"expanded":false,"Exclusion Rule Type":"None","UNR":"none","title":"auto[WFI]","All Average Grd":"100%","All Cov":"1 / 1 (100%)","Score":"1731","At Least":"1","Source":"        cp_wfi : coverpoint ins.asm;"}
,{"expanded":false,"Exclusion Rule Type":"None","UNR":"none","title":"auto[MRET]","All Average Grd":"0%","All Cov":"0 / 1 (0%)","Score":"0","At Least":"1","Source":"        cp_wfi : coverpoint ins.asm;"}
,{"expanded":false,"Exclusion Rule Type":"None","UNR":"none","title":"auto[DRET]","All Average Grd":"0%","All Cov":"0 / 1 (0%)","Score":"0","At Least":"1","Source":"        cp_wfi : coverpoint ins.asm;"}
,{"expanded":false,"Exclusion Rule Type":"None","UNR":"none","title":"auto[CSRRW]","All Average Grd":"100%","All Cov":"1 / 1 (100%)","Score":"18102","At Least":"1","Source":"        cp_wfi : coverpoint ins.asm;"}
,{"expanded":false,"Exclusion Rule Type":"None","UNR":"none","title":"auto[CSRRC]","All Average Grd":"100%","All Cov":"1 / 1 (100%)","Score":"1121","At Least":"1","Source":"        cp_wfi : coverpoint ins.asm;"}
,{"expanded":false,"Exclusion Rule Type":"None","UNR":"none","title":"auto[CSRRS]","All Average Grd":"100%","All Cov":"1 / 1 (100%)","Score":"1187","At Least":"1","Source":"        cp_wfi : coverpoint ins.asm;"}
,{"expanded":false,"Exclusion Rule Type":"None","UNR":"none","title":"auto[CSRRCI]","All Average Grd":"100%","All Cov":"1 / 1 (100%)","Score":"1198","At Least":"1","Source":"        cp_wfi : coverpoint ins.asm;"}
,{"expanded":false,"Exclusion Rule Type":"None","UNR":"none","title":"auto[CSRRSI]","All Average Grd":"100%","All Cov":"1 / 1 (100%)","Score":"1152","At Least":"1","Source":"        cp_wfi : coverpoint ins.asm;"}
,{"expanded":false,"Exclusion Rule Type":"None","UNR":"none","title":"auto[CSRRWI]","All Average Grd":"100%","All Cov":"1 / 1 (100%)","Score":"1428","At Least":"1","Source":"        cp_wfi : coverpoint ins.asm;"}
,{"expanded":false,"Exclusion Rule Type":"None","UNR":"none","title":"auto[C_LWSP]","All Average Grd":"100%","All Cov":"1 / 1 (100%)","Score":"31","At Least":"1","Source":"        cp_wfi : coverpoint ins.asm;"}
,{"expanded":false,"Exclusion Rule Type":"None","UNR":"none","title":"auto[C_SWSP]","All Average Grd":"100%","All Cov":"1 / 1 (100%)","Score":"29","At Least":"1","Source":"        cp_wfi : coverpoint ins.asm;"}
,{"expanded":false,"Exclusion Rule Type":"None","UNR":"none","title":"auto[C_LW]","All Average Grd":"100%","All Cov":"1 / 1 (100%)","Score":"4","At Least":"1","Source":"        cp_wfi : coverpoint ins.asm;"}
,{"expanded":false,"Exclusion Rule Type":"None","UNR":"none","title":"auto[C_SW]","All Average Grd":"100%","All Cov":"1 / 1 (100%)","Score":"9","At Least":"1","Source":"        cp_wfi : coverpoint ins.asm;"}
,{"expanded":false,"Exclusion Rule Type":"None","UNR":"none","title":"auto[C_BEQZ]","All Average Grd":"100%","All Cov":"1 / 1 (100%)","Score":"1276","At Least":"1","Source":"        cp_wfi : coverpoint ins.asm;"}
,{"expanded":false,"Exclusion Rule Type":"None","UNR":"none","title":"auto[C_BNEZ]","All Average Grd":"100%","All Cov":"1 / 1 (100%)","Score":"1387","At Least":"1","Source":"        cp_wfi : coverpoint ins.asm;"}
,{"expanded":false,"Exclusion Rule Type":"None","UNR":"none","title":"auto[C_J]","All Average Grd":"100%","All Cov":"1 / 1 (100%)","Score":"7","At Least":"1","Source":"        cp_wfi : coverpoint ins.asm;"}
,{"expanded":false,"Exclusion Rule Type":"None","UNR":"none","title":"auto[C_JR]","All Average Grd":"0%","All Cov":"0 / 1 (0%)","Score":"0","At Least":"1","Source":"        cp_wfi : coverpoint ins.asm;"}
,{"expanded":false,"Exclusion Rule Type":"None","UNR":"none","title":"auto[C_JAL]","All Average Grd":"0%","All Cov":"0 / 1 (0%)","Score":"0","At Least":"1","Source":"        cp_wfi : coverpoint ins.asm;"}
,{"expanded":false,"Exclusion Rule Type":"None","UNR":"none","title":"auto[C_JALR]","All Average Grd":"100%","All Cov":"1 / 1 (100%)","Score":"1","At Least":"1","Source":"        cp_wfi : coverpoint ins.asm;"}
,{"expanded":false,"Exclusion Rule Type":"None","UNR":"none","title":"auto[C_LI]","All Average Grd":"100%","All Cov":"1 / 1 (100%)","Score":"1646","At Least":"1","Source":"        cp_wfi : coverpoint ins.asm;"}
,{"expanded":false,"Exclusion Rule Type":"None","UNR":"none","title":"auto[C_LUI]","All Average Grd":"100%","All Cov":"1 / 1 (100%)","Score":"1482","At Least":"1","Source":"        cp_wfi : coverpoint ins.asm;"}
,{"expanded":false,"Exclusion Rule Type":"None","UNR":"none","title":"auto[C_ADDI]","All Average Grd":"100%","All Cov":"1 / 1 (100%)","Score":"5720","At Least":"1","Source":"        cp_wfi : coverpoint ins.asm;"}
,{"expanded":false,"Exclusion Rule Type":"None","UNR":"none","title":"auto[C_ADDI16SP]","All Average Grd":"100%","All Cov":"1 / 1 (100%)","Score":"1146","At Least":"1","Source":"        cp_wfi : coverpoint ins.asm;"}
,{"expanded":false,"Exclusion Rule Type":"None","UNR":"none","title":"auto[C_ADDI4SPN]","All Average Grd":"100%","All Cov":"1 / 1 (100%)","Score":"1031","At Least":"1","Source":"        cp_wfi : coverpoint ins.asm;"}
,{"expanded":false,"Exclusion Rule Type":"None","UNR":"none","title":"auto[C_SLLI]","All Average Grd":"100%","All Cov":"1 / 1 (100%)","Score":"1658","At Least":"1","Source":"        cp_wfi : coverpoint ins.asm;"}
,{"expanded":false,"Exclusion Rule Type":"None","UNR":"none","title":"auto[C_SRLI]","All Average Grd":"100%","All Cov":"1 / 1 (100%)","Score":"1719","At Least":"1","Source":"        cp_wfi : coverpoint ins.asm;"}
,{"expanded":false,"Exclusion Rule Type":"None","UNR":"none","title":"auto[C_SRAI]","All Average Grd":"100%","All Cov":"1 / 1 (100%)","Score":"1900","At Least":"1","Source":"        cp_wfi : coverpoint ins.asm;"}
,{"expanded":false,"Exclusion Rule Type":"None","UNR":"none","title":"auto[C_ANDI]","All Average Grd":"100%","All Cov":"1 / 1 (100%)","Score":"1609","At Least":"1","Source":"        cp_wfi : coverpoint ins.asm;"}
,{"expanded":false,"Exclusion Rule Type":"None","UNR":"none","title":"auto[C_ADD]","All Average Grd":"100%","All Cov":"1 / 1 (100%)","Score":"2849","At Least":"1","Source":"        cp_wfi : coverpoint ins.asm;"}
,{"expanded":false,"Exclusion Rule Type":"None","UNR":"none","title":"auto[C_AND]","All Average Grd":"100%","All Cov":"1 / 1 (100%)","Score":"1650","At Least":"1","Source":"        cp_wfi : coverpoint ins.asm;"}
,{"expanded":false,"Exclusion Rule Type":"None","UNR":"none","title":"auto[C_OR]","All Average Grd":"100%","All Cov":"1 / 1 (100%)","Score":"1435","At Least":"1","Source":"        cp_wfi : coverpoint ins.asm;"}
,{"expanded":false,"Exclusion Rule Type":"None","UNR":"none","title":"auto[C_XOR]","All Average Grd":"100%","All Cov":"1 / 1 (100%)","Score":"1488","At Least":"1","Source":"        cp_wfi : coverpoint ins.asm;"}
,{"expanded":false,"Exclusion Rule Type":"None","UNR":"none","title":"auto[C_SUB]","All Average Grd":"100%","All Cov":"1 / 1 (100%)","Score":"3044","At Least":"1","Source":"        cp_wfi : coverpoint ins.asm;"}
,{"expanded":false,"Exclusion Rule Type":"None","UNR":"none","title":"auto[C_EBREAK]","All Average Grd":"0%","All Cov":"0 / 1 (0%)","Score":"0","At Least":"1","Source":"        cp_wfi : coverpoint ins.asm;"}
],"columns":""}
]}
]
}
