{
"block_items":[],"assertion_items"
:[{"expanded":false,"Exclusion Rule Type":"None","UNR":"none","title":"a_illegal_2","All Average Grd":"100%","Assertion Status Grd":"100%","Enclosing Entity":"uvmt_cv32_tb.dut_wrap.cv32e40p_wrapper_i.core_i.id_stage_i","Source":"    a_illegal_2 : assert property(p_illegal_2);"}
,{"expanded":false,"Exclusion Rule Type":"None","UNR":"none","title":"a_xret_csr","All Average Grd":"100%","Assertion Status Grd":"100%","Enclosing Entity":"uvmt_cv32_tb.dut_wrap.cv32e40p_wrapper_i.core_i.id_stage_i","Source":"    a_xret_csr : assert property(p_xret_csr);"}
,{"expanded":false,"Exclusion Rule Type":"None","UNR":"none","title":"a_irq_csr","All Average Grd":"100%","Assertion Status Grd":"100%","Enclosing Entity":"uvmt_cv32_tb.dut_wrap.cv32e40p_wrapper_i.core_i.id_stage_i","Source":"    a_irq_csr : assert property(p_irq_csr);"}
,{"expanded":false,"Exclusion Rule Type":"None","UNR":"none","title":"a_branch_taken_ex","All Average Grd":"100%","Assertion Status Grd":"100%","Enclosing Entity":"uvmt_cv32_tb.dut_wrap.cv32e40p_wrapper_i.core_i.id_stage_i","Source":"    a_branch_taken_ex : assert property(p_branch_taken_ex);"}
,{"expanded":false,"Exclusion Rule Type":"None","UNR":"none","title":"a_valid_instr","All Average Grd":"100%","Assertion Status Grd":"100%","Enclosing Entity":"uvmt_cv32_tb.dut_wrap.cv32e40p_wrapper_i.core_i.id_stage_i","Source":"    a_valid_instr : assert property ("}
,{"expanded":false,"Exclusion Rule Type":"None","UNR":"none","title":"a_br_decision","All Average Grd":"100%","Assertion Status Grd":"100%","Enclosing Entity":"uvmt_cv32_tb.dut_wrap.cv32e40p_wrapper_i.core_i.id_stage_i","Source":"    a_br_decision : assert property ("}
,{"expanded":false,"Exclusion Rule Type":"None","UNR":"none","title":"__assert_1","All Average Grd":"0%","Assertion Status Grd":"0%","Enclosing Entity":"uvmt_cv32_tb.dut_wrap.cv32e40p_wrapper_i.core_i.id_stage_i","Source":"        assert (APU_NDSFLAGS_CPU >= C_RM+2*C_FPNEW_FMTBITS+C_FPNEW_IFMTBITS)"}
]
,"expression_items":[]}
