{
"block_items":[{"expanded":false,"Exclusion Rule Type":"None","UNR":"none","Index":"49","Blk Type":"true part of","Src Start Line":"482","Score":"0","All Average Grd":"0%","Enclosing Entity":"uvmt_cv32_tb.dut_wrap.cv32e40p_wrapper_i.core_i.id_stage_i.decoder_i","Source":"          if (instr_rdata_i[14:12] == 3'b110) begin"}
,{"expanded":false,"Exclusion Rule Type":"None","UNR":"none","Index":"51","Blk Type":"false part of","Src Start Line":"485","Score":"0","All Average Grd":"0%","Enclosing Entity":"uvmt_cv32_tb.dut_wrap.cv32e40p_wrapper_i.core_i.id_stage_i.decoder_i","Source":"            end else begin"}
,{"expanded":false,"Exclusion Rule Type":"None","UNR":"none","Index":"579","Blk Type":"a case item of","Src Start Line":"2307","Score":"0","All Average Grd":"0%","Enclosing Entity":"uvmt_cv32_tb.dut_wrap.cv32e40p_wrapper_i.core_i.id_stage_i.decoder_i","Source":"              begin"}
,{"expanded":false,"Exclusion Rule Type":"None","UNR":"none","Index":"584","Blk Type":"a case item of","Src Start Line":"2336","Score":"0","All Average Grd":"0%","Enclosing Entity":"uvmt_cv32_tb.dut_wrap.cv32e40p_wrapper_i.core_i.id_stage_i.decoder_i","Source":"              begin"}
,{"expanded":false,"Exclusion Rule Type":"None","UNR":"none","Index":"602","Blk Type":"true part of","Src Start Line":"2391","Score":"0","All Average Grd":"0%","Enclosing Entity":"uvmt_cv32_tb.dut_wrap.cv32e40p_wrapper_i.core_i.id_stage_i.decoder_i","Source":"                if(csr_op != CSR_OP_READ) csr_illegal = 1'b1;"}
,{"expanded":false,"Exclusion Rule Type":"None","UNR":"none","Index":"607","Blk Type":"true part of","Src Start Line":"2464","Score":"0","All Average Grd":"0%","Enclosing Entity":"uvmt_cv32_tb.dut_wrap.cv32e40p_wrapper_i.core_i.id_stage_i.decoder_i","Source":"                if((csr_op != CSR_OP_READ) || (PULP_SECURE && (current_priv_lvl_i != PRIV_LVL_M) && !mcounteren_i[instr_rdata_i[24:20]])) begin"}
,{"expanded":false,"Exclusion Rule Type":"None","UNR":"none","Index":"609","Blk Type":"a case item of","Src Start Line":"2472","Score":"0","All Average Grd":"0%","Enclosing Entity":"uvmt_cv32_tb.dut_wrap.cv32e40p_wrapper_i.core_i.id_stage_i.decoder_i","Source":"              if(!PULP_SECURE) begin"}
,{"expanded":false,"Exclusion Rule Type":"None","UNR":"none","Index":"610","Blk Type":"true part of","Src Start Line":"2472","Score":"0","All Average Grd":"0%","Enclosing Entity":"uvmt_cv32_tb.dut_wrap.cv32e40p_wrapper_i.core_i.id_stage_i.decoder_i","Source":"              if(!PULP_SECURE) begin"}
]
,"expression_items":[{"expanded":false,"expanded":false,"Exclusion Rule Type":"None","Index":"10","All Average Grd":"50%","All Cov":"1 / 2 (50%)","Src Start Line":"482","Enclosing Entity":"uvmt_cv32_tb.dut_wrap.cv32e40p_wrapper_i.core_i.id_stage_i.decoder_i","Source":"          if (instr_rdata_i[14:12] == 3'b110) begin"
,"subitems":[{"expanded":false,"expanded":false,"Exclusion Rule Type":"None","Index":"1","All Average Grd":"50%","All Cov":"1 / 2 (50%)","Source":"          if (instr_rdata_i[14:12] == 3'b110) begin","table_type":"cov"
,"subitems":[{"title":"lhs == rhs","expanded":false,"Exclusion Rule Type":"None","UNR":"none","Score":"0","Out":"n/a"}
,{"title":"lhs != rhs","expanded":false,"Exclusion Rule Type":"None","UNR":"none","Score":"1","Out":"n/a"}
],"cov_table_title":"Coverage Equality Table","header":"instr_rdata_i[14:12] == 3'b110","columns":"instr_rdata_i[14:12];3'b110"}
]}
,{"expanded":false,"expanded":false,"Exclusion Rule Type":"None","Index":"105","All Average Grd":"0%","All Cov":"0 / 1 (0%)","Src Start Line":"2309","Enclosing Entity":"uvmt_cv32_tb.dut_wrap.cv32e40p_wrapper_i.core_i.id_stage_i.decoder_i","Source":"                uret_insn_o    = ~illegal_insn_o;"
,"subitems":[{"expanded":false,"expanded":false,"Exclusion Rule Type":"None","Index":"1","All Average Grd":"0%","All Cov":"0 / 1 (0%)","Source":"                uret_insn_o    = ~illegal_insn_o;","table_type":"cov"
,"subitems":[{"title":"1","expanded":false,"Exclusion Rule Type":"None","UNR":"none","Score":"0","Out":"n/a"}
,{"title":"0","expanded":false,"Exclusion Rule Type":"Analysis Time","UNR":"none","Score":"0","Out":"n/a","excluded":"1"}
],"cov_table_title":"Coverage Table","header":"~ illegal_insn_o","columns":"illegal_insn_o"}
]}
,{"expanded":false,"expanded":false,"Exclusion Rule Type":"None","Index":"113","All Average Grd":"50%","All Cov":"1 / 2 (50%)","Src Start Line":"2391","Enclosing Entity":"uvmt_cv32_tb.dut_wrap.cv32e40p_wrapper_i.core_i.id_stage_i.decoder_i","Source":"                if(csr_op != CSR_OP_READ) csr_illegal = 1'b1;"
,"subitems":[{"expanded":false,"expanded":false,"Exclusion Rule Type":"None","Index":"1","All Average Grd":"50%","All Cov":"1 / 2 (50%)","Source":"                if(csr_op != CSR_OP_READ) csr_illegal = 1'b1;","table_type":"cov"
,"subitems":[{"title":"lhs == rhs","expanded":false,"Exclusion Rule Type":"None","UNR":"none","Score":"1","Out":"n/a"}
,{"title":"lhs != rhs","expanded":false,"Exclusion Rule Type":"None","UNR":"none","Score":"0","Out":"n/a"}
],"cov_table_title":"Coverage Equality Table","header":"csr_op != CSR_OP_READ","columns":"csr_op;CSR_OP_READ"}
]}
,{"expanded":false,"expanded":false,"Exclusion Rule Type":"None","Index":"114","All Average Grd":"66.67%","All Cov":"4 / 6 (66.67%)","Src Start Line":"2464","Enclosing Entity":"uvmt_cv32_tb.dut_wrap.cv32e40p_wrapper_i.core_i.id_stage_i.decoder_i","Source":"                if((csr_op != CSR_OP_READ) || (PULP_SECURE && (current_priv_lvl_i != PRIV_LVL_M) && !mcounteren_i[instr_rdata_i[24:20]])) begin"
,"subitems":[{"expanded":false,"expanded":false,"Exclusion Rule Type":"None","Index":"1","All Average Grd":"66.67%","All Cov":"2 / 3 (66.67%)","Source":"                if((csr_op != CSR_OP_READ) || (PULP_SECURE && (current_priv_lvl_i != PRIV_LVL_M) && !mcounteren_i[instr_rdata_i[24:20]])) begin","table_type":"cov"
,"subitems":[{"title":"-;1;1;0","expanded":false,"Exclusion Rule Type":"Simulation-Const","UNR":"none","Score":"0","Out":"1","excluded":"1"}
,{"title":"1;-;-;-","expanded":false,"Exclusion Rule Type":"None","UNR":"none","Score":"0","Out":"1"}
,{"title":"0;-;-;1","expanded":false,"Exclusion Rule Type":"Analysis Time","UNR":"none","Score":"0","Out":"0","excluded":"1"}
,{"title":"0;-;0;-","expanded":false,"Exclusion Rule Type":"None","UNR":"none","Score":"1","Out":"0"}
,{"title":"0;0;-;-","expanded":false,"Exclusion Rule Type":"None","UNR":"none","Score":"1","Out":"0"}
],"cov_table_title":"Coverage Table with Output","header":"(csr_op != CSR_OP_READ) || ((PULP_SECURE && (current_priv_lvl_i != PRIV_LVL_M)) && (! mcounteren_i[instr_rdata_i[24:20]]))","columns":"(csr_op != CSR_OP_READ);PULP_SECURE;(current_priv_lvl_i != PRIV_LVL_M);mcounteren_i[instr_rdata_i[24:20]]"}
,{"expanded":false,"expanded":false,"Exclusion Rule Type":"None","Index":"2","All Average Grd":"50%","All Cov":"1 / 2 (50%)","Source":"                if((csr_op != CSR_OP_READ) || (PULP_SECURE && (current_priv_lvl_i != PRIV_LVL_M) && !mcounteren_i[instr_rdata_i[24:20]])) begin","table_type":"cov"
,"subitems":[{"title":"lhs == rhs","expanded":false,"Exclusion Rule Type":"None","UNR":"none","Score":"1","Out":"n/a"}
,{"title":"lhs != rhs","expanded":false,"Exclusion Rule Type":"None","UNR":"none","Score":"0","Out":"n/a"}
],"cov_table_title":"Coverage Equality Table","header":"(csr_op != CSR_OP_READ)","columns":"csr_op;CSR_OP_READ"}
]}
]}
