{
"block_items":[],"assertion_items"
:[{"expanded":false,"Exclusion Rule Type":"None","UNR":"none","title":"a_clock_en_2","All Average Grd":"100%","Assertion Status Grd":"100%","Enclosing Entity":"uvmt_cv32_tb.dut_wrap.cv32e40p_wrapper_i.core_i.sleep_unit_i","Source":"  a_clock_en_2 : assert property(p_clock_en_2);"}
,{"expanded":false,"Exclusion Rule Type":"None","UNR":"none","title":"a_clock_en_1","All Average Grd":"100%","Assertion Status Grd":"100%","Enclosing Entity":"uvmt_cv32_tb.dut_wrap.cv32e40p_wrapper_i.core_i.sleep_unit_i","Source":"  a_clock_en_1 : assert property(p_clock_en_1);"}
,{"expanded":false,"Exclusion Rule Type":"None","UNR":"none","title":"a_clock_en_0","All Average Grd":"100%","Assertion Status Grd":"100%","Enclosing Entity":"uvmt_cv32_tb.dut_wrap.cv32e40p_wrapper_i.core_i.sleep_unit_i","Source":"  a_clock_en_0 : assert property(p_clock_en_0);"}
]
,"expression_items":[{"expanded":false,"expanded":false,"Exclusion Rule Type":"None","Index":"1","All Average Grd":"66.67%","All Cov":"2 / 3 (66.67%)","Src Start Line":"104","Enclosing Entity":"uvmt_cv32_tb.dut_wrap.cv32e40p_wrapper_i.core_i.sleep_unit_i","Source":"  assign fetch_enable_d = fetch_enable_i ? 1'b1 : fetch_enable_q;"
,"subitems":[{"expanded":false,"expanded":false,"Exclusion Rule Type":"None","Index":"1","All Average Grd":"66.67%","All Cov":"2 / 3 (66.67%)","Source":"  assign fetch_enable_d = fetch_enable_i ? 1'b1 : fetch_enable_q;","table_type":"cov"
,"subitems":[{"title":"-;1","expanded":false,"Exclusion Rule Type":"None","UNR":"none","Score":"0","Out":"1"}
,{"title":"1;-","expanded":false,"Exclusion Rule Type":"None","UNR":"none","Score":"1","Out":"1"}
,{"title":"0;0","expanded":false,"Exclusion Rule Type":"None","UNR":"none","Score":"1","Out":"0"}
],"cov_table_title":"Coverage Table with Output","header":"fetch_enable_i ? 1'b1 : fetch_enable_q","columns":"fetch_enable_i;fetch_enable_q"}
]}
]}
