{"cover_group_items"
:[{"expanded":false,"Exclusion Rule Type":"None","UNR":"none","title":"cg_debug_mode_ext","All Average Grd":"37.5%","All Cov":"6 / 16 (37.5%)","Enclosing Entity":"uvm_pkg.uvm_test_top.env.cov_model.debug_covg","Source":"  covergroup cg_debug_mode_ext ;"
,"subitems":[{"expanded":false,"Exclusion Rule Type":"None","UNR":"none","title":"state","At Least":"1","All Average Grd":"37.5%","All Cov":"6 / 16 (37.5%)","Source":"          state: coverpoint cntxt.debug_cntxt.vif_cov.mon_cb.ctrl_fsm_cs;"
,"subitems":[{"expanded":false,"Exclusion Rule Type":"None","UNR":"none","title":"auto[RESET]","All Average Grd":"0%","All Cov":"0 / 1 (0%)","Score":"0","At Least":"1","Source":"          state: coverpoint cntxt.debug_cntxt.vif_cov.mon_cb.ctrl_fsm_cs;"}
,{"expanded":false,"Exclusion Rule Type":"None","UNR":"none","title":"auto[BOOT_SET]","All Average Grd":"0%","All Cov":"0 / 1 (0%)","Score":"0","At Least":"1","Source":"          state: coverpoint cntxt.debug_cntxt.vif_cov.mon_cb.ctrl_fsm_cs;"}
,{"expanded":false,"Exclusion Rule Type":"None","UNR":"none","title":"auto[SLEEP]","All Average Grd":"100%","All Cov":"1 / 1 (100%)","Score":"6249","At Least":"1","Source":"          state: coverpoint cntxt.debug_cntxt.vif_cov.mon_cb.ctrl_fsm_cs;"}
,{"expanded":false,"Exclusion Rule Type":"None","UNR":"none","title":"auto[WAIT_SLEEP]","All Average Grd":"100%","All Cov":"1 / 1 (100%)","Score":"15","At Least":"1","Source":"          state: coverpoint cntxt.debug_cntxt.vif_cov.mon_cb.ctrl_fsm_cs;"}
,{"expanded":false,"Exclusion Rule Type":"None","UNR":"none","title":"auto[FIRST_FETCH]","All Average Grd":"0%","All Cov":"0 / 1 (0%)","Score":"0","At Least":"1","Source":"          state: coverpoint cntxt.debug_cntxt.vif_cov.mon_cb.ctrl_fsm_cs;"}
,{"expanded":false,"Exclusion Rule Type":"None","UNR":"none","title":"auto[DECODE]","All Average Grd":"100%","All Cov":"1 / 1 (100%)","Score":"4521","At Least":"1","Source":"          state: coverpoint cntxt.debug_cntxt.vif_cov.mon_cb.ctrl_fsm_cs;"}
,{"expanded":false,"Exclusion Rule Type":"None","UNR":"none","title":"auto[IRQ_FLUSH_ELW]","All Average Grd":"0%","All Cov":"0 / 1 (0%)","Score":"0","At Least":"1","Source":"          state: coverpoint cntxt.debug_cntxt.vif_cov.mon_cb.ctrl_fsm_cs;"}
,{"expanded":false,"Exclusion Rule Type":"None","UNR":"none","title":"auto[ELW_EXE]","All Average Grd":"0%","All Cov":"0 / 1 (0%)","Score":"0","At Least":"1","Source":"          state: coverpoint cntxt.debug_cntxt.vif_cov.mon_cb.ctrl_fsm_cs;"}
,{"expanded":false,"Exclusion Rule Type":"None","UNR":"none","title":"auto[FLUSH_EX]","All Average Grd":"100%","All Cov":"1 / 1 (100%)","Score":"48","At Least":"1","Source":"          state: coverpoint cntxt.debug_cntxt.vif_cov.mon_cb.ctrl_fsm_cs;"}
,{"expanded":false,"Exclusion Rule Type":"None","UNR":"none","title":"auto[FLUSH_WB]","All Average Grd":"100%","All Cov":"1 / 1 (100%)","Score":"62","At Least":"1","Source":"          state: coverpoint cntxt.debug_cntxt.vif_cov.mon_cb.ctrl_fsm_cs;"}
,{"expanded":false,"Exclusion Rule Type":"None","UNR":"none","title":"auto[XRET_JUMP]","All Average Grd":"100%","All Cov":"1 / 1 (100%)","Score":"6","At Least":"1","Source":"          state: coverpoint cntxt.debug_cntxt.vif_cov.mon_cb.ctrl_fsm_cs;"}
,{"expanded":false,"Exclusion Rule Type":"None","UNR":"none","title":"auto[DBG_TAKEN_ID]","All Average Grd":"0%","All Cov":"0 / 1 (0%)","Score":"0","At Least":"1","Source":"          state: coverpoint cntxt.debug_cntxt.vif_cov.mon_cb.ctrl_fsm_cs;"}
,{"expanded":false,"Exclusion Rule Type":"None","UNR":"none","title":"auto[DBG_TAKEN_IF]","All Average Grd":"0%","All Cov":"0 / 1 (0%)","Score":"0","At Least":"1","Source":"          state: coverpoint cntxt.debug_cntxt.vif_cov.mon_cb.ctrl_fsm_cs;"}
,{"expanded":false,"Exclusion Rule Type":"None","UNR":"none","title":"auto[DBG_FLUSH]","All Average Grd":"0%","All Cov":"0 / 1 (0%)","Score":"0","At Least":"1","Source":"          state: coverpoint cntxt.debug_cntxt.vif_cov.mon_cb.ctrl_fsm_cs;"}
,{"expanded":false,"Exclusion Rule Type":"None","UNR":"none","title":"auto[DBG_WAIT_BRANCH]","All Average Grd":"0%","All Cov":"0 / 1 (0%)","Score":"0","At Least":"1","Source":"          state: coverpoint cntxt.debug_cntxt.vif_cov.mon_cb.ctrl_fsm_cs;"}
,{"expanded":false,"Exclusion Rule Type":"None","UNR":"none","title":"auto[DECODE_HWLOOP]","All Average Grd":"0%","All Cov":"0 / 1 (0%)","Score":"0","At Least":"1","Source":"          state: coverpoint cntxt.debug_cntxt.vif_cov.mon_cb.ctrl_fsm_cs;"}
],"columns":""}
]}
,{"expanded":false,"Exclusion Rule Type":"None","UNR":"none","title":"cg_ebreak_execute_with_ebreakm","All Average Grd":"60%","All Cov":"3 / 5 (60%)","Enclosing Entity":"uvm_pkg.uvm_test_top.env.cov_model.debug_covg","Source":"  covergroup cg_ebreak_execute_with_ebreakm;"
,"subitems":[{"expanded":false,"Exclusion Rule Type":"None","UNR":"none","title":"ex","At Least":"1","All Average Grd":"100%","All Cov":"1 / 1 (100%)","Source":"          ex: coverpoint cntxt.debug_cntxt.vif_cov.mon_cb.is_ebreak {"
,"subitems":[{"expanded":false,"Exclusion Rule Type":"None","UNR":"none","title":"active","All Average Grd":"100%","All Cov":"1 / 1 (100%)","Score":"186","At Least":"1","Source":"                  bins active = {1};"}
],"columns":""}
,{"expanded":false,"Exclusion Rule Type":"None","UNR":"none","title":"ebreakm_set","At Least":"1","All Average Grd":"100%","All Cov":"1 / 1 (100%)","Source":"          ebreakm_set: coverpoint cntxt.debug_cntxt.vif_cov.mon_cb.dcsr_q[15] {"
,"subitems":[{"expanded":false,"Exclusion Rule Type":"None","UNR":"none","title":"active","All Average Grd":"100%","All Cov":"1 / 1 (100%)","Score":"12457066","At Least":"1","Source":"                  bins active = {1};"}
],"columns":""}
,{"expanded":false,"Exclusion Rule Type":"None","UNR":"none","title":"dm","At Least":"1","All Average Grd":"100%","All Cov":"1 / 1 (100%)","Source":"          dm : coverpoint cntxt.debug_cntxt.vif_cov.mon_cb.debug_mode_q {"
,"subitems":[{"expanded":false,"Exclusion Rule Type":"None","UNR":"none","title":"active","All Average Grd":"100%","All Cov":"1 / 1 (100%)","Score":"5271945","At Least":"1","Source":"                  bins active = {1};"}
],"columns":""}
,{"expanded":false,"Exclusion Rule Type":"None","UNR":"none","title":"ebreak_with_ebreakm","At Least":"1","All Average Grd":"0%","All Cov":"0 / 1 (0%)","Source":"          ebreak_with_ebreakm: cross ex, ebreakm_set;  "
,"subitems":[{"expanded":false,"Exclusion Rule Type":"None","UNR":"none","title":"active;active","All Average Grd":"0%","All Cov":"0 / 1 (0%)","Score":"0","At Least":"1","Source":"          ebreak_with_ebreakm: cross ex, ebreakm_set;  "}
],"columns":"ex;ebreakm_set"}
,{"expanded":false,"Exclusion Rule Type":"None","UNR":"none","title":"ebreak_in_debug","At Least":"1","All Average Grd":"0%","All Cov":"0 / 1 (0%)","Source":"          ebreak_in_debug : cross ex, dm;"
,"subitems":[{"expanded":false,"Exclusion Rule Type":"None","UNR":"none","title":"active;active","All Average Grd":"0%","All Cov":"0 / 1 (0%)","Score":"0","At Least":"1","Source":"          ebreak_in_debug : cross ex, dm;"}
],"columns":"ex;dm"}
]}
,{"expanded":false,"Exclusion Rule Type":"None","UNR":"none","title":"cg_cebreak_execute_with_ebreakm","All Average Grd":"100%","All Cov":"5 / 5 (100%)","Enclosing Entity":"uvm_pkg.uvm_test_top.env.cov_model.debug_covg","Source":"  covergroup cg_cebreak_execute_with_ebreakm;"
,"subitems":[{"expanded":false,"Exclusion Rule Type":"None","UNR":"none","title":"ex","At Least":"1","All Average Grd":"100%","All Cov":"1 / 1 (100%)","Source":"          ex: coverpoint cntxt.debug_cntxt.vif_cov.mon_cb.is_cebreak {"
,"subitems":[{"expanded":false,"Exclusion Rule Type":"None","UNR":"none","title":"active","All Average Grd":"100%","All Cov":"1 / 1 (100%)","Score":"190","At Least":"1","Source":"                  bins active = {1};"}
],"columns":""}
,{"expanded":false,"Exclusion Rule Type":"None","UNR":"none","title":"ebreakm_set","At Least":"1","All Average Grd":"100%","All Cov":"1 / 1 (100%)","Source":"          ebreakm_set: coverpoint cntxt.debug_cntxt.vif_cov.mon_cb.dcsr_q[15] {"
,"subitems":[{"expanded":false,"Exclusion Rule Type":"None","UNR":"none","title":"active","All Average Grd":"100%","All Cov":"1 / 1 (100%)","Score":"12457066","At Least":"1","Source":"                  bins active = {1};"}
],"columns":""}
,{"expanded":false,"Exclusion Rule Type":"None","UNR":"none","title":"dm","At Least":"1","All Average Grd":"100%","All Cov":"1 / 1 (100%)","Source":"          dm : coverpoint cntxt.debug_cntxt.vif_cov.mon_cb.debug_mode_q {"
,"subitems":[{"expanded":false,"Exclusion Rule Type":"None","UNR":"none","title":"active","All Average Grd":"100%","All Cov":"1 / 1 (100%)","Score":"5271945","At Least":"1","Source":"                  bins active = {1};"}
],"columns":""}
,{"expanded":false,"Exclusion Rule Type":"None","UNR":"none","title":"cebreak_with_ebreakm","At Least":"1","All Average Grd":"100%","All Cov":"1 / 1 (100%)","Source":"          cebreak_with_ebreakm: cross ex, ebreakm_set;  "
,"subitems":[{"expanded":false,"Exclusion Rule Type":"None","UNR":"none","title":"active;active","All Average Grd":"100%","All Cov":"1 / 1 (100%)","Score":"6","At Least":"1","Source":"          cebreak_with_ebreakm: cross ex, ebreakm_set;  "}
],"columns":"ex;ebreakm_set"}
,{"expanded":false,"Exclusion Rule Type":"None","UNR":"none","title":"cebreak_in_debug","At Least":"1","All Average Grd":"100%","All Cov":"1 / 1 (100%)","Source":"          cebreak_in_debug : cross ex, dm;"
,"subitems":[{"expanded":false,"Exclusion Rule Type":"None","UNR":"none","title":"active;active","All Average Grd":"100%","All Cov":"1 / 1 (100%)","Score":"6","At Least":"1","Source":"          cebreak_in_debug : cross ex, dm;"}
],"columns":"ex;dm"}
]}
,{"expanded":false,"Exclusion Rule Type":"None","UNR":"none","title":"cg_ebreak_execute_without_ebreakm","All Average Grd":"100%","All Cov":"3 / 3 (100%)","Enclosing Entity":"uvm_pkg.uvm_test_top.env.cov_model.debug_covg","Source":"  covergroup cg_ebreak_execute_without_ebreakm;"
,"subitems":[{"expanded":false,"Exclusion Rule Type":"None","UNR":"none","title":"ex","At Least":"1","All Average Grd":"100%","All Cov":"1 / 1 (100%)","Source":"          ex: coverpoint cntxt.debug_cntxt.vif_cov.mon_cb.is_ebreak {"
,"subitems":[{"expanded":false,"Exclusion Rule Type":"None","UNR":"none","title":"active","All Average Grd":"100%","All Cov":"1 / 1 (100%)","Score":"186","At Least":"1","Source":"                  bins active = {1};"}
],"columns":""}
,{"expanded":false,"Exclusion Rule Type":"None","UNR":"none","title":"ebreakm_clear","At Least":"1","All Average Grd":"100%","All Cov":"1 / 1 (100%)","Source":"          ebreakm_clear: coverpoint cntxt.debug_cntxt.vif_cov.mon_cb.dcsr_q[15] {"
,"subitems":[{"expanded":false,"Exclusion Rule Type":"None","UNR":"none","title":"active","All Average Grd":"100%","All Cov":"1 / 1 (100%)","Score":"771243631","At Least":"1","Source":"                  bins active = {0};"}
],"columns":""}
,{"expanded":false,"Exclusion Rule Type":"None","UNR":"none","title":"test","At Least":"1","All Average Grd":"100%","All Cov":"1 / 1 (100%)","Source":"          test: cross ex, ebreakm_clear;  "
,"subitems":[{"expanded":false,"Exclusion Rule Type":"None","UNR":"none","title":"active;active","All Average Grd":"100%","All Cov":"1 / 1 (100%)","Score":"186","At Least":"1","Source":"          test: cross ex, ebreakm_clear;  "}
],"columns":"ex;ebreakm_clear"}
]}
,{"expanded":false,"Exclusion Rule Type":"None","UNR":"none","title":"cg_cebreak_execute_without_ebreakm","All Average Grd":"100%","All Cov":"3 / 3 (100%)","Enclosing Entity":"uvm_pkg.uvm_test_top.env.cov_model.debug_covg","Source":"  covergroup cg_cebreak_execute_without_ebreakm;"
,"subitems":[{"expanded":false,"Exclusion Rule Type":"None","UNR":"none","title":"ex","At Least":"1","All Average Grd":"100%","All Cov":"1 / 1 (100%)","Source":"          ex: coverpoint cntxt.debug_cntxt.vif_cov.mon_cb.is_cebreak {"
,"subitems":[{"expanded":false,"Exclusion Rule Type":"None","UNR":"none","title":"active","All Average Grd":"100%","All Cov":"1 / 1 (100%)","Score":"190","At Least":"1","Source":"                  bins active = {1};"}
],"columns":""}
,{"expanded":false,"Exclusion Rule Type":"None","UNR":"none","title":"ebreakm_clear","At Least":"1","All Average Grd":"100%","All Cov":"1 / 1 (100%)","Source":"          ebreakm_clear: coverpoint cntxt.debug_cntxt.vif_cov.mon_cb.dcsr_q[15] {"
,"subitems":[{"expanded":false,"Exclusion Rule Type":"None","UNR":"none","title":"active","All Average Grd":"100%","All Cov":"1 / 1 (100%)","Score":"771243631","At Least":"1","Source":"                  bins active = {0};"}
],"columns":""}
,{"expanded":false,"Exclusion Rule Type":"None","UNR":"none","title":"test","At Least":"1","All Average Grd":"100%","All Cov":"1 / 1 (100%)","Source":"          test: cross ex, ebreakm_clear;  "
,"subitems":[{"expanded":false,"Exclusion Rule Type":"None","UNR":"none","title":"active;active","All Average Grd":"100%","All Cov":"1 / 1 (100%)","Score":"184","At Least":"1","Source":"          test: cross ex, ebreakm_clear;  "}
],"columns":"ex;ebreakm_clear"}
]}
,{"expanded":false,"Exclusion Rule Type":"None","UNR":"none","title":"cg_trigger_match","All Average Grd":"100%","All Cov":"3 / 3 (100%)","Enclosing Entity":"uvm_pkg.uvm_test_top.env.cov_model.debug_covg","Source":"    covergroup cg_trigger_match;"
,"subitems":[{"expanded":false,"Exclusion Rule Type":"None","UNR":"none","title":"en","At Least":"1","All Average Grd":"100%","All Cov":"1 / 1 (100%)","Source":"        en : coverpoint cntxt.debug_cntxt.vif_cov.mon_cb.tdata1[2] {"
,"subitems":[{"expanded":false,"Exclusion Rule Type":"None","UNR":"none","title":"active","All Average Grd":"100%","All Cov":"1 / 1 (100%)","Score":"364492","At Least":"1","Source":"            bins active = {1};"}
],"columns":""}
,{"expanded":false,"Exclusion Rule Type":"None","UNR":"none","title":"match","At Least":"1","All Average Grd":"100%","All Cov":"1 / 1 (100%)","Source":"        match: coverpoint cntxt.debug_cntxt.vif_cov.mon_cb.trigger_match_i {"
,"subitems":[{"expanded":false,"Exclusion Rule Type":"None","UNR":"none","title":"hit","All Average Grd":"100%","All Cov":"1 / 1 (100%)","Score":"18","At Least":"1","Source":"            bins hit = {1};"}
],"columns":""}
,{"expanded":false,"Exclusion Rule Type":"None","UNR":"none","title":"ok_match","At Least":"1","All Average Grd":"100%","All Cov":"1 / 1 (100%)","Source":"        ok_match: cross en, match;"
,"subitems":[{"expanded":false,"Exclusion Rule Type":"None","UNR":"none","title":"active;hit","All Average Grd":"100%","All Cov":"1 / 1 (100%)","Score":"18","At Least":"1","Source":"        ok_match: cross en, match;"}
],"columns":"en;match"}
]}
,{"expanded":false,"Exclusion Rule Type":"None","UNR":"none","title":"cg_trigger_match_disabled","All Average Grd":"87.5%","All Cov":"7 / 8 (87.5%)","Enclosing Entity":"uvm_pkg.uvm_test_top.env.cov_model.debug_covg","Source":"    covergroup cg_trigger_match_disabled;"
,"subitems":[{"expanded":false,"Exclusion Rule Type":"None","UNR":"none","title":"dis","At Least":"1","All Average Grd":"100%","All Cov":"1 / 1 (100%)","Source":"        dis : coverpoint cntxt.debug_cntxt.vif_cov.mon_cb.tdata1[2] {"
,"subitems":[{"expanded":false,"Exclusion Rule Type":"None","UNR":"none","title":"hit","All Average Grd":"100%","All Cov":"1 / 1 (100%)","Score":"783336205","At Least":"1","Source":"            bins hit = {0};"}
],"columns":""}
,{"expanded":false,"Exclusion Rule Type":"None","UNR":"none","title":"en","At Least":"1","All Average Grd":"100%","All Cov":"1 / 1 (100%)","Source":"        en : coverpoint cntxt.debug_cntxt.vif_cov.mon_cb.tdata1[2] {"
,"subitems":[{"expanded":false,"Exclusion Rule Type":"None","UNR":"none","title":"hit","All Average Grd":"100%","All Cov":"1 / 1 (100%)","Score":"364492","At Least":"1","Source":"            bins hit = {1};"}
],"columns":""}
,{"expanded":false,"Exclusion Rule Type":"None","UNR":"none","title":"match","At Least":"1","All Average Grd":"100%","All Cov":"1 / 1 (100%)","Source":"        match: coverpoint cntxt.debug_cntxt.vif_cov.mon_cb.addr_match {"
,"subitems":[{"expanded":false,"Exclusion Rule Type":"None","UNR":"none","title":"hit","All Average Grd":"100%","All Cov":"1 / 1 (100%)","Score":"106753","At Least":"1","Source":"           bins hit = {1};"}
],"columns":""}
,{"expanded":false,"Exclusion Rule Type":"None","UNR":"none","title":"mmode","At Least":"1","All Average Grd":"100%","All Cov":"1 / 1 (100%)","Source":"        mmode : coverpoint cntxt.debug_cntxt.vif_cov.mon_cb.debug_mode_q {"
,"subitems":[{"expanded":false,"Exclusion Rule Type":"None","UNR":"none","title":"m","All Average Grd":"100%","All Cov":"1 / 1 (100%)","Score":"778428752","At Least":"1","Source":"           bins m = {0};"}
],"columns":""}
,{"expanded":false,"Exclusion Rule Type":"None","UNR":"none","title":"dmode","At Least":"1","All Average Grd":"100%","All Cov":"1 / 1 (100%)","Source":"        dmode : coverpoint cntxt.debug_cntxt.vif_cov.mon_cb.debug_mode_q {"
,"subitems":[{"expanded":false,"Exclusion Rule Type":"None","UNR":"none","title":"m","All Average Grd":"100%","All Cov":"1 / 1 (100%)","Score":"5271945","At Least":"1","Source":"           bins m = {1};"}
],"columns":""}
,{"expanded":false,"Exclusion Rule Type":"None","UNR":"none","title":"m_match_without_en","At Least":"1","All Average Grd":"100%","All Cov":"1 / 1 (100%)","Source":"        m_match_without_en : cross dis, match, mmode;"
,"subitems":[{"expanded":false,"Exclusion Rule Type":"None","UNR":"none","title":"hit;hit;m","All Average Grd":"100%","All Cov":"1 / 1 (100%)","Score":"106735","At Least":"1","Source":"        m_match_without_en : cross dis, match, mmode;"}
],"columns":"dis;match;mmode"}
,{"expanded":false,"Exclusion Rule Type":"None","UNR":"none","title":"d_match_without_en","At Least":"1","All Average Grd":"0%","All Cov":"0 / 1 (0%)","Source":"        d_match_without_en : cross dis, match, dmode;"
,"subitems":[{"expanded":false,"Exclusion Rule Type":"None","UNR":"none","title":"hit;hit;m","All Average Grd":"0%","All Cov":"0 / 1 (0%)","Score":"0","At Least":"1","Source":"        d_match_without_en : cross dis, match, dmode;"}
],"columns":"dis;match;dmode"}
,{"expanded":false,"Exclusion Rule Type":"None","UNR":"none","title":"d_match_with_en","At Least":"1","All Average Grd":"100%","All Cov":"1 / 1 (100%)","Source":"        d_match_with_en    : cross en, match, dmode;"
,"subitems":[{"expanded":false,"Exclusion Rule Type":"None","UNR":"none","title":"hit;hit;m","All Average Grd":"100%","All Cov":"1 / 1 (100%)","Score":"6","At Least":"1","Source":"        d_match_with_en    : cross en, match, dmode;"}
],"columns":"en;match;dmode"}
]}
,{"expanded":false,"Exclusion Rule Type":"None","UNR":"none","title":"cg_debug_mode_exception","All Average Grd":"100%","All Cov":"3 / 3 (100%)","Enclosing Entity":"uvm_pkg.uvm_test_top.env.cov_model.debug_covg","Source":"    covergroup cg_debug_mode_exception;"
,"subitems":[{"expanded":false,"Exclusion Rule Type":"None","UNR":"none","title":"dm","At Least":"1","All Average Grd":"100%","All Cov":"1 / 1 (100%)","Source":"        dm : coverpoint cntxt.debug_cntxt.vif_cov.mon_cb.debug_mode_q {"
,"subitems":[{"expanded":false,"Exclusion Rule Type":"None","UNR":"none","title":"hit","All Average Grd":"100%","All Cov":"1 / 1 (100%)","Score":"5271945","At Least":"1","Source":"            bins hit  = {1};"}
],"columns":""}
,{"expanded":false,"Exclusion Rule Type":"None","UNR":"none","title":"ill","At Least":"1","All Average Grd":"100%","All Cov":"1 / 1 (100%)","Source":"        ill : coverpoint cntxt.debug_cntxt.vif_cov.mon_cb.illegal_insn_i {"
,"subitems":[{"expanded":false,"Exclusion Rule Type":"None","UNR":"none","title":"hit","All Average Grd":"100%","All Cov":"1 / 1 (100%)","Score":"698345","At Least":"1","Source":"            bins hit = {1};"}
],"columns":""}
,{"expanded":false,"Exclusion Rule Type":"None","UNR":"none","title":"ex_in_debug","At Least":"1","All Average Grd":"100%","All Cov":"1 / 1 (100%)","Source":"        ex_in_debug : cross dm, ill;"
,"subitems":[{"expanded":false,"Exclusion Rule Type":"None","UNR":"none","title":"hit;hit","All Average Grd":"100%","All Cov":"1 / 1 (100%)","Score":"8","At Least":"1","Source":"        ex_in_debug : cross dm, ill;"}
],"columns":"dm;ill"}
]}
,{"expanded":false,"Exclusion Rule Type":"None","UNR":"none","title":"cg_debug_mode_ecall","All Average Grd":"100%","All Cov":"3 / 3 (100%)","Enclosing Entity":"uvm_pkg.uvm_test_top.env.cov_model.debug_covg","Source":"    covergroup cg_debug_mode_ecall;"
,"subitems":[{"expanded":false,"Exclusion Rule Type":"None","UNR":"none","title":"dm","At Least":"1","All Average Grd":"100%","All Cov":"1 / 1 (100%)","Source":"        dm : coverpoint cntxt.debug_cntxt.vif_cov.mon_cb.debug_mode_q {"
,"subitems":[{"expanded":false,"Exclusion Rule Type":"None","UNR":"none","title":"hit","All Average Grd":"100%","All Cov":"1 / 1 (100%)","Score":"5271945","At Least":"1","Source":"            bins hit  = {1};"}
],"columns":""}
,{"expanded":false,"Exclusion Rule Type":"None","UNR":"none","title":"ill","At Least":"1","All Average Grd":"100%","All Cov":"1 / 1 (100%)","Source":"        ill : coverpoint cntxt.debug_cntxt.vif_cov.mon_cb.ecall_insn_i {"
,"subitems":[{"expanded":false,"Exclusion Rule Type":"None","UNR":"none","title":"hit","All Average Grd":"100%","All Cov":"1 / 1 (100%)","Score":"46","At Least":"1","Source":"            bins hit = {1};"}
],"columns":""}
,{"expanded":false,"Exclusion Rule Type":"None","UNR":"none","title":"ex_in_debug","At Least":"1","All Average Grd":"100%","All Cov":"1 / 1 (100%)","Source":"        ex_in_debug : cross dm, ill;"
,"subitems":[{"expanded":false,"Exclusion Rule Type":"None","UNR":"none","title":"hit;hit","All Average Grd":"100%","All Cov":"1 / 1 (100%)","Score":"8","At Least":"1","Source":"        ex_in_debug : cross dm, ill;"}
],"columns":"dm;ill"}
]}
,{"expanded":false,"Exclusion Rule Type":"None","UNR":"none","title":"cg_irq_in_debug","All Average Grd":"100%","All Cov":"3 / 3 (100%)","Enclosing Entity":"uvm_pkg.uvm_test_top.env.cov_model.debug_covg","Source":"    covergroup cg_irq_in_debug;"
,"subitems":[{"expanded":false,"Exclusion Rule Type":"None","UNR":"none","title":"dm","At Least":"1","All Average Grd":"100%","All Cov":"1 / 1 (100%)","Source":"        dm : coverpoint cntxt.debug_cntxt.vif_cov.mon_cb.debug_mode_q {"
,"subitems":[{"expanded":false,"Exclusion Rule Type":"None","UNR":"none","title":"hit","All Average Grd":"100%","All Cov":"1 / 1 (100%)","Score":"5271945","At Least":"1","Source":"            bins hit  = {1};"}
],"columns":""}
,{"expanded":false,"Exclusion Rule Type":"None","UNR":"none","title":"irq","At Least":"1","All Average Grd":"100%","All Cov":"1 / 1 (100%)","Source":"        irq : coverpoint |cntxt.debug_cntxt.vif_cov.mon_cb.irq_i {"
,"subitems":[{"expanded":false,"Exclusion Rule Type":"None","UNR":"none","title":"hit","All Average Grd":"100%","All Cov":"1 / 1 (100%)","Score":"595719137","At Least":"1","Source":"            bins hit = {1};"}
],"columns":""}
,{"expanded":false,"Exclusion Rule Type":"None","UNR":"none","title":"ex_in_debug","At Least":"1","All Average Grd":"100%","All Cov":"1 / 1 (100%)","Source":"        ex_in_debug : cross dm, irq;"
,"subitems":[{"expanded":false,"Exclusion Rule Type":"None","UNR":"none","title":"hit;hit","All Average Grd":"100%","All Cov":"1 / 1 (100%)","Score":"20174","At Least":"1","Source":"        ex_in_debug : cross dm, irq;"}
],"columns":"dm;irq"}
]}
,{"expanded":false,"Exclusion Rule Type":"None","UNR":"none","title":"cg_wfi_in_debug","All Average Grd":"100%","All Cov":"3 / 3 (100%)","Enclosing Entity":"uvm_pkg.uvm_test_top.env.cov_model.debug_covg","Source":"    covergroup cg_wfi_in_debug;"
,"subitems":[{"expanded":false,"Exclusion Rule Type":"None","UNR":"none","title":"iswfi","At Least":"1","All Average Grd":"100%","All Cov":"1 / 1 (100%)","Source":"        iswfi : coverpoint cntxt.debug_cntxt.vif_cov.mon_cb.is_wfi {"
,"subitems":[{"expanded":false,"Exclusion Rule Type":"None","UNR":"none","title":"hit","All Average Grd":"100%","All Cov":"1 / 1 (100%)","Score":"455256","At Least":"1","Source":"                bins hit  = {1};"}
],"columns":""}
,{"expanded":false,"Exclusion Rule Type":"None","UNR":"none","title":"dm","At Least":"1","All Average Grd":"100%","All Cov":"1 / 1 (100%)","Source":"        dm : coverpoint cntxt.debug_cntxt.vif_cov.mon_cb.debug_mode_q {"
,"subitems":[{"expanded":false,"Exclusion Rule Type":"None","UNR":"none","title":"hit","All Average Grd":"100%","All Cov":"1 / 1 (100%)","Score":"5271945","At Least":"1","Source":"            bins hit = {1};"}
],"columns":""}
,{"expanded":false,"Exclusion Rule Type":"None","UNR":"none","title":"dm_wfi","At Least":"1","All Average Grd":"100%","All Cov":"1 / 1 (100%)","Source":"        dm_wfi : cross iswfi, dm;"
,"subitems":[{"expanded":false,"Exclusion Rule Type":"None","UNR":"none","title":"hit;hit","All Average Grd":"100%","All Cov":"1 / 1 (100%)","Score":"65360","At Least":"1","Source":"        dm_wfi : cross iswfi, dm;"}
],"columns":"iswfi;dm"}
]}
,{"expanded":false,"Exclusion Rule Type":"None","UNR":"none","title":"cg_wfi_debug_req","All Average Grd":"100%","All Cov":"3 / 3 (100%)","Enclosing Entity":"uvm_pkg.uvm_test_top.env.cov_model.debug_covg","Source":"    covergroup cg_wfi_debug_req;"
,"subitems":[{"expanded":false,"Exclusion Rule Type":"None","UNR":"none","title":"inwfi","At Least":"1","All Average Grd":"100%","All Cov":"1 / 1 (100%)","Source":"        inwfi : coverpoint cntxt.debug_cntxt.vif_cov.mon_cb.in_wfi {"
,"subitems":[{"expanded":false,"Exclusion Rule Type":"None","UNR":"none","title":"hit","All Average Grd":"100%","All Cov":"1 / 1 (100%)","Score":"39526311","At Least":"1","Source":"                bins hit  = {1};"}
],"columns":""}
,{"expanded":false,"Exclusion Rule Type":"None","UNR":"none","title":"dreq","At Least":"1","All Average Grd":"100%","All Cov":"1 / 1 (100%)","Source":"        dreq: coverpoint cntxt.debug_cntxt.vif_cov.mon_cb.debug_req_i {"
,"subitems":[{"expanded":false,"Exclusion Rule Type":"None","UNR":"none","title":"hit","All Average Grd":"100%","All Cov":"1 / 1 (100%)","Score":"537588","At Least":"1","Source":"            bins hit = {1};"}
],"columns":""}
,{"expanded":false,"Exclusion Rule Type":"None","UNR":"none","title":"dm_wfi","At Least":"1","All Average Grd":"100%","All Cov":"1 / 1 (100%)","Source":"        dm_wfi : cross inwfi, dreq;"
,"subitems":[{"expanded":false,"Exclusion Rule Type":"None","UNR":"none","title":"hit;hit","All Average Grd":"100%","All Cov":"1 / 1 (100%)","Score":"6521","At Least":"1","Source":"        dm_wfi : cross inwfi, dreq;"}
],"columns":"inwfi;dreq"}
]}
,{"expanded":false,"Exclusion Rule Type":"None","UNR":"none","title":"cg_single_step","All Average Grd":"100%","All Cov":"15 / 15 (100%)","Enclosing Entity":"uvm_pkg.uvm_test_top.env.cov_model.debug_covg","Source":"    covergroup cg_single_step;"
,"subitems":[{"expanded":false,"Exclusion Rule Type":"None","UNR":"none","title":"step","At Least":"1","All Average Grd":"100%","All Cov":"1 / 1 (100%)","Source":"        step : coverpoint cntxt.debug_cntxt.vif_cov.mon_cb.dcsr_q[2] {"
,"subitems":[{"expanded":false,"Exclusion Rule Type":"None","UNR":"none","title":"en","All Average Grd":"100%","All Cov":"1 / 1 (100%)","Score":"1396834","At Least":"1","Source":"                bins en  = {1};"}
],"columns":""}
,{"expanded":false,"Exclusion Rule Type":"None","UNR":"none","title":"mmode","At Least":"1","All Average Grd":"100%","All Cov":"1 / 1 (100%)","Source":"        mmode: coverpoint cntxt.debug_cntxt.vif_cov.mon_cb.debug_mode_q {"
,"subitems":[{"expanded":false,"Exclusion Rule Type":"None","UNR":"none","title":"hit","All Average Grd":"100%","All Cov":"1 / 1 (100%)","Score":"778428752","At Least":"1","Source":"            bins hit = {0};"}
],"columns":""}
,{"expanded":false,"Exclusion Rule Type":"None","UNR":"none","title":"trigger","At Least":"1","All Average Grd":"100%","All Cov":"1 / 1 (100%)","Source":"        trigger : coverpoint cntxt.debug_cntxt.vif_cov.mon_cb.trigger_match_i {"
,"subitems":[{"expanded":false,"Exclusion Rule Type":"None","UNR":"none","title":"hit","All Average Grd":"100%","All Cov":"1 / 1 (100%)","Score":"18","At Least":"1","Source":"            bins hit = {1};"}
],"columns":""}
,{"expanded":false,"Exclusion Rule Type":"None","UNR":"none","title":"wfi","At Least":"1","All Average Grd":"100%","All Cov":"1 / 1 (100%)","Source":"        wfi : coverpoint cntxt.debug_cntxt.vif_cov.mon_cb.is_wfi {"
,"subitems":[{"expanded":false,"Exclusion Rule Type":"None","UNR":"none","title":"hit","All Average Grd":"100%","All Cov":"1 / 1 (100%)","Score":"455256","At Least":"1","Source":"            bins hit = {1};"}
],"columns":""}
,{"expanded":false,"Exclusion Rule Type":"None","UNR":"none","title":"ill","At Least":"1","All Average Grd":"100%","All Cov":"1 / 1 (100%)","Source":"        ill : coverpoint cntxt.debug_cntxt.vif_cov.mon_cb.illegal_insn_i {"
,"subitems":[{"expanded":false,"Exclusion Rule Type":"None","UNR":"none","title":"hit","All Average Grd":"100%","All Cov":"1 / 1 (100%)","Score":"698345","At Least":"1","Source":"            bins hit = {1};"}
],"columns":""}
,{"expanded":false,"Exclusion Rule Type":"None","UNR":"none","title":"pc_will_trig","At Least":"1","All Average Grd":"100%","All Cov":"1 / 1 (100%)","Source":"        pc_will_trig : coverpoint cntxt.debug_cntxt.vif_cov.mon_cb.dpc_will_hit {"
,"subitems":[{"expanded":false,"Exclusion Rule Type":"None","UNR":"none","title":"hit","All Average Grd":"100%","All Cov":"1 / 1 (100%)","Score":"770000525","At Least":"1","Source":"            bins hit = {1};"}
],"columns":""}
,{"expanded":false,"Exclusion Rule Type":"None","UNR":"none","title":"stepie","At Least":"1","All Average Grd":"100%","All Cov":"2 / 2 (100%)","Source":"        stepie : coverpoint cntxt.debug_cntxt.vif_cov.mon_cb.dcsr_q[11];"
,"subitems":[{"expanded":false,"Exclusion Rule Type":"None","UNR":"none","title":"auto[0]","All Average Grd":"100%","All Cov":"1 / 1 (100%)","Score":"783392653","At Least":"1","Source":"        stepie : coverpoint cntxt.debug_cntxt.vif_cov.mon_cb.dcsr_q[11];"}
,{"expanded":false,"Exclusion Rule Type":"None","UNR":"none","title":"auto[1]","All Average Grd":"100%","All Cov":"1 / 1 (100%)","Score":"308044","At Least":"1","Source":"        stepie : coverpoint cntxt.debug_cntxt.vif_cov.mon_cb.dcsr_q[11];"}
],"columns":""}
,{"expanded":false,"Exclusion Rule Type":"None","UNR":"none","title":"mmode_step","At Least":"1","All Average Grd":"100%","All Cov":"1 / 1 (100%)","Source":"        mmode_step : cross step, mmode;"
,"subitems":[{"expanded":false,"Exclusion Rule Type":"None","UNR":"none","title":"en;hit","All Average Grd":"100%","All Cov":"1 / 1 (100%)","Score":"25176","At Least":"1","Source":"        mmode_step : cross step, mmode;"}
],"columns":"step;mmode"}
,{"expanded":false,"Exclusion Rule Type":"None","UNR":"none","title":"mmode_step_trigger_match","At Least":"1","All Average Grd":"100%","All Cov":"1 / 1 (100%)","Source":"        mmode_step_trigger_match : cross step, mmode, trigger;"
,"subitems":[{"expanded":false,"Exclusion Rule Type":"None","UNR":"none","title":"en;hit;hit","All Average Grd":"100%","All Cov":"1 / 1 (100%)","Score":"6","At Least":"1","Source":"        mmode_step_trigger_match : cross step, mmode, trigger;"}
],"columns":"step;mmode;trigger"}
,{"expanded":false,"Exclusion Rule Type":"None","UNR":"none","title":"mmode_step_wfi","At Least":"1","All Average Grd":"100%","All Cov":"1 / 1 (100%)","Source":"        mmode_step_wfi : cross step, mmode, wfi;"
,"subitems":[{"expanded":false,"Exclusion Rule Type":"None","UNR":"none","title":"en;hit;hit","All Average Grd":"100%","All Cov":"1 / 1 (100%)","Score":"38","At Least":"1","Source":"        mmode_step_wfi : cross step, mmode, wfi;"}
],"columns":"step;mmode;wfi"}
,{"expanded":false,"Exclusion Rule Type":"None","UNR":"none","title":"mmode_step_stepie","At Least":"1","All Average Grd":"100%","All Cov":"2 / 2 (100%)","Source":"        mmode_step_stepie : cross step, mmode, stepie;"
,"subitems":[{"expanded":false,"Exclusion Rule Type":"None","UNR":"none","title":"en;hit;auto[0]","All Average Grd":"100%","All Cov":"1 / 1 (100%)","Score":"16968","At Least":"1","Source":"        mmode_step_stepie : cross step, mmode, stepie;"}
,{"expanded":false,"Exclusion Rule Type":"None","UNR":"none","title":"en;hit;auto[1]","All Average Grd":"100%","All Cov":"1 / 1 (100%)","Score":"8208","At Least":"1","Source":"        mmode_step_stepie : cross step, mmode, stepie;"}
],"columns":"step;mmode;stepie"}
,{"expanded":false,"Exclusion Rule Type":"None","UNR":"none","title":"mmode_step_illegal","At Least":"1","All Average Grd":"100%","All Cov":"1 / 1 (100%)","Source":"        mmode_step_illegal : cross step, mmode, ill;"
,"subitems":[{"expanded":false,"Exclusion Rule Type":"None","UNR":"none","title":"en;hit;hit","All Average Grd":"100%","All Cov":"1 / 1 (100%)","Score":"6744","At Least":"1","Source":"        mmode_step_illegal : cross step, mmode, ill;"}
],"columns":"step;mmode;ill"}
,{"expanded":false,"Exclusion Rule Type":"None","UNR":"none","title":"mmode_step_next_pc_will_match","At Least":"1","All Average Grd":"100%","All Cov":"1 / 1 (100%)","Source":"        mmode_step_next_pc_will_match : cross step, mmode, pc_will_trig;"
,"subitems":[{"expanded":false,"Exclusion Rule Type":"None","UNR":"none","title":"en;hit;hit","All Average Grd":"100%","All Cov":"1 / 1 (100%)","Score":"10","At Least":"1","Source":"        mmode_step_next_pc_will_match : cross step, mmode, pc_will_trig;"}
],"columns":"step;mmode;pc_will_trig"}
]}
,{"expanded":false,"Exclusion Rule Type":"None","UNR":"none","title":"cg_mmode_dret","All Average Grd":"100%","All Cov":"5 / 5 (100%)","Enclosing Entity":"uvm_pkg.uvm_test_top.env.cov_model.debug_covg","Source":"    covergroup cg_mmode_dret;"
,"subitems":[{"expanded":false,"Exclusion Rule Type":"None","UNR":"none","title":"mmode","At Least":"1","All Average Grd":"100%","All Cov":"2 / 2 (100%)","Source":"        mmode : coverpoint cntxt.debug_cntxt.vif_cov.mon_cb.debug_mode_q;"
,"subitems":[{"expanded":false,"Exclusion Rule Type":"None","UNR":"none","title":"auto[0]","All Average Grd":"100%","All Cov":"1 / 1 (100%)","Score":"778428752","At Least":"1","Source":"        mmode : coverpoint cntxt.debug_cntxt.vif_cov.mon_cb.debug_mode_q;"}
,{"expanded":false,"Exclusion Rule Type":"None","UNR":"none","title":"auto[1]","All Average Grd":"100%","All Cov":"1 / 1 (100%)","Score":"5271945","At Least":"1","Source":"        mmode : coverpoint cntxt.debug_cntxt.vif_cov.mon_cb.debug_mode_q;"}
],"columns":""}
,{"expanded":false,"Exclusion Rule Type":"None","UNR":"none","title":"dret_ins","At Least":"1","All Average Grd":"100%","All Cov":"1 / 1 (100%)","Source":"        dret_ins : coverpoint cntxt.debug_cntxt.vif_cov.mon_cb.is_dret {"
,"subitems":[{"expanded":false,"Exclusion Rule Type":"None","UNR":"none","title":"hit","All Average Grd":"100%","All Cov":"1 / 1 (100%)","Score":"13803","At Least":"1","Source":"            bins hit = {1};"}
],"columns":""}
,{"expanded":false,"Exclusion Rule Type":"None","UNR":"none","title":"dret_ex","At Least":"1","All Average Grd":"100%","All Cov":"2 / 2 (100%)","Source":"        dret_ex : cross mmode, dret_ins;"
,"subitems":[{"expanded":false,"Exclusion Rule Type":"None","UNR":"none","title":"auto[0];hit","All Average Grd":"100%","All Cov":"1 / 1 (100%)","Score":"2","At Least":"1","Source":"        dret_ex : cross mmode, dret_ins;"}
,{"expanded":false,"Exclusion Rule Type":"None","UNR":"none","title":"auto[1];hit","All Average Grd":"100%","All Cov":"1 / 1 (100%)","Score":"13801","At Least":"1","Source":"        dret_ex : cross mmode, dret_ins;"}
],"columns":"mmode;dret_ins"}
]}
,{"expanded":false,"Exclusion Rule Type":"None","UNR":"none","title":"cg_irq_dreq","All Average Grd":"100%","All Cov":"3 / 3 (100%)","Enclosing Entity":"uvm_pkg.uvm_test_top.env.cov_model.debug_covg","Source":"    covergroup cg_irq_dreq;"
,"subitems":[{"expanded":false,"Exclusion Rule Type":"None","UNR":"none","title":"dreq","At Least":"1","All Average Grd":"100%","All Cov":"1 / 1 (100%)","Source":"        dreq : coverpoint cntxt.debug_cntxt.vif_cov.mon_cb.debug_req_i {"
,"subitems":[{"expanded":false,"Exclusion Rule Type":"None","UNR":"none","title":"trans_active","All Average Grd":"100%","All Cov":"1 / 1 (100%)","Score":"10901","At Least":"1","Source":"                bins trans_active  = (1'b0 => 1'b1);"}
],"columns":""}
,{"expanded":false,"Exclusion Rule Type":"None","UNR":"none","title":"irq","At Least":"1","All Average Grd":"100%","All Cov":"1 / 1 (100%)","Source":"        irq  : coverpoint |cntxt.debug_cntxt.vif_cov.mon_cb.irq_i {"
,"subitems":[{"expanded":false,"Exclusion Rule Type":"None","UNR":"none","title":"trans_active","All Average Grd":"100%","All Cov":"1 / 1 (100%)","Score":"2569","At Least":"1","Source":"                bins trans_active = (1'b0 => 1'b1);"}
],"columns":""}
,{"expanded":false,"Exclusion Rule Type":"None","UNR":"none","title":"irq_and_dreq","At Least":"1","All Average Grd":"100%","All Cov":"1 / 1 (100%)","Source":"        irq_and_dreq : cross dreq, irq;"
,"subitems":[{"expanded":false,"Exclusion Rule Type":"None","UNR":"none","title":"trans_active;trans_active","All Average Grd":"100%","All Cov":"1 / 1 (100%)","Score":"2","At Least":"1","Source":"        irq_and_dreq : cross dreq, irq;"}
],"columns":"dreq;irq"}
]}
,{"expanded":false,"Exclusion Rule Type":"None","UNR":"none","title":"cg_debug_regs","All Average Grd":"95%","All Cov":"21 / 25 (84%)","Enclosing Entity":"uvm_pkg.uvm_test_top.env.cov_model.debug_covg","Source":"    covergroup cg_debug_regs;"
,"subitems":[{"expanded":false,"Exclusion Rule Type":"None","UNR":"none","title":"mode","At Least":"1","All Average Grd":"100%","All Cov":"2 / 2 (100%)","Source":"        mode : coverpoint cntxt.debug_cntxt.vif_cov.mon_cb.debug_mode_q; // Only M and D supported"
,"subitems":[{"expanded":false,"Exclusion Rule Type":"None","UNR":"none","title":"auto[0]","All Average Grd":"100%","All Cov":"1 / 1 (100%)","Score":"778428752","At Least":"1","Source":"        mode : coverpoint cntxt.debug_cntxt.vif_cov.mon_cb.debug_mode_q; // Only M and D supported"}
,{"expanded":false,"Exclusion Rule Type":"None","UNR":"none","title":"auto[1]","All Average Grd":"100%","All Cov":"1 / 1 (100%)","Score":"5271945","At Least":"1","Source":"        mode : coverpoint cntxt.debug_cntxt.vif_cov.mon_cb.debug_mode_q; // Only M and D supported"}
],"columns":""}
,{"expanded":false,"Exclusion Rule Type":"None","UNR":"none","title":"access","At Least":"1","All Average Grd":"100%","All Cov":"1 / 1 (100%)","Source":"        access : coverpoint cntxt.debug_cntxt.vif_cov.mon_cb.csr_access {"
,"subitems":[{"expanded":false,"Exclusion Rule Type":"None","UNR":"none","title":"hit","All Average Grd":"100%","All Cov":"1 / 1 (100%)","Score":"64036726","At Least":"1","Source":"            bins hit = {1};"}
],"columns":""}
,{"expanded":false,"Exclusion Rule Type":"None","UNR":"none","title":"op","At Least":"1","All Average Grd":"100%","All Cov":"2 / 2 (100%)","Source":"        op : coverpoint cntxt.debug_cntxt.vif_cov.mon_cb.csr_op {"
,"subitems":[{"expanded":false,"Exclusion Rule Type":"None","UNR":"none","title":"read","All Average Grd":"100%","All Cov":"1 / 1 (100%)","Score":"765049947","At Least":"1","Source":"            bins read = {'h0};"}
,{"expanded":false,"Exclusion Rule Type":"None","UNR":"none","title":"write","All Average Grd":"100%","All Cov":"1 / 1 (100%)","Score":"10071997","At Least":"1","Source":"            bins write = {'h1};"}
],"columns":""}
,{"expanded":false,"Exclusion Rule Type":"None","UNR":"none","title":"addr","At Least":"1","All Average Grd":"100%","All Cov":"4 / 4 (100%)","Source":"        addr  : coverpoint cntxt.debug_cntxt.vif_cov.mon_cb.id_stage_instr_rdata_i[31:20] { // csr addr not updated if illegal access"
,"subitems":[{"expanded":false,"Exclusion Rule Type":"None","UNR":"none","title":"dcsr","All Average Grd":"100%","All Cov":"1 / 1 (100%)","Score":"103265","At Least":"1","Source":"            bins dcsr = {'h7B0};"}
,{"expanded":false,"Exclusion Rule Type":"None","UNR":"none","title":"dpc","All Average Grd":"100%","All Cov":"1 / 1 (100%)","Score":"51677","At Least":"1","Source":"            bins dpc = {'h7B1};"}
,{"expanded":false,"Exclusion Rule Type":"None","UNR":"none","title":"dscratch0","All Average Grd":"100%","All Cov":"1 / 1 (100%)","Score":"261153","At Least":"1","Source":"            bins dscratch0 = {'h7B2};"}
,{"expanded":false,"Exclusion Rule Type":"None","UNR":"none","title":"dscratch1","All Average Grd":"100%","All Cov":"1 / 1 (100%)","Score":"179341","At Least":"1","Source":"            bins dscratch1 = {'h7B3};"}
],"columns":""}
,{"expanded":false,"Exclusion Rule Type":"None","UNR":"none","title":"dregs_access","At Least":"1","All Average Grd":"75%","All Cov":"12 / 16 (75%)","Source":"        dregs_access : cross mode, access, op,addr;"
,"subitems":[{"expanded":false,"Exclusion Rule Type":"None","UNR":"none","title":"auto[0];hit;read;dcsr","All Average Grd":"100%","All Cov":"1 / 1 (100%)","Score":"60","At Least":"1","Source":"        dregs_access : cross mode, access, op,addr;"}
,{"expanded":false,"Exclusion Rule Type":"None","UNR":"none","title":"auto[0];hit;read;dpc","All Average Grd":"100%","All Cov":"1 / 1 (100%)","Score":"32","At Least":"1","Source":"        dregs_access : cross mode, access, op,addr;"}
,{"expanded":false,"Exclusion Rule Type":"None","UNR":"none","title":"auto[0];hit;read;dscratch0","All Average Grd":"100%","All Cov":"1 / 1 (100%)","Score":"16","At Least":"1","Source":"        dregs_access : cross mode, access, op,addr;"}
,{"expanded":false,"Exclusion Rule Type":"None","UNR":"none","title":"auto[0];hit;read;dscratch1","All Average Grd":"100%","All Cov":"1 / 1 (100%)","Score":"16","At Least":"1","Source":"        dregs_access : cross mode, access, op,addr;"}
,{"expanded":false,"Exclusion Rule Type":"None","UNR":"none","title":"auto[0];hit;write;dcsr","All Average Grd":"0%","All Cov":"0 / 1 (0%)","Score":"0","At Least":"1","Source":"        dregs_access : cross mode, access, op,addr;"}
,{"expanded":false,"Exclusion Rule Type":"None","UNR":"none","title":"auto[0];hit;write;dpc","All Average Grd":"0%","All Cov":"0 / 1 (0%)","Score":"0","At Least":"1","Source":"        dregs_access : cross mode, access, op,addr;"}
,{"expanded":false,"Exclusion Rule Type":"None","UNR":"none","title":"auto[0];hit;write;dscratch0","All Average Grd":"0%","All Cov":"0 / 1 (0%)","Score":"0","At Least":"1","Source":"        dregs_access : cross mode, access, op,addr;"}
,{"expanded":false,"Exclusion Rule Type":"None","UNR":"none","title":"auto[0];hit;write;dscratch1","All Average Grd":"0%","All Cov":"0 / 1 (0%)","Score":"0","At Least":"1","Source":"        dregs_access : cross mode, access, op,addr;"}
,{"expanded":false,"Exclusion Rule Type":"None","UNR":"none","title":"auto[1];hit;read;dcsr","All Average Grd":"100%","All Cov":"1 / 1 (100%)","Score":"87940","At Least":"1","Source":"        dregs_access : cross mode, access, op,addr;"}
,{"expanded":false,"Exclusion Rule Type":"None","UNR":"none","title":"auto[1];hit;read;dpc","All Average Grd":"100%","All Cov":"1 / 1 (100%)","Score":"45949","At Least":"1","Source":"        dregs_access : cross mode, access, op,addr;"}
,{"expanded":false,"Exclusion Rule Type":"None","UNR":"none","title":"auto[1];hit;read;dscratch0","All Average Grd":"100%","All Cov":"1 / 1 (100%)","Score":"156536","At Least":"1","Source":"        dregs_access : cross mode, access, op,addr;"}
,{"expanded":false,"Exclusion Rule Type":"None","UNR":"none","title":"auto[1];hit;read;dscratch1","All Average Grd":"100%","All Cov":"1 / 1 (100%)","Score":"160090","At Least":"1","Source":"        dregs_access : cross mode, access, op,addr;"}
,{"expanded":false,"Exclusion Rule Type":"None","UNR":"none","title":"auto[1];hit;write;dcsr","All Average Grd":"100%","All Cov":"1 / 1 (100%)","Score":"1974","At Least":"1","Source":"        dregs_access : cross mode, access, op,addr;"}
,{"expanded":false,"Exclusion Rule Type":"None","UNR":"none","title":"auto[1];hit;write;dpc","All Average Grd":"100%","All Cov":"1 / 1 (100%)","Score":"10","At Least":"1","Source":"        dregs_access : cross mode, access, op,addr;"}
,{"expanded":false,"Exclusion Rule Type":"None","UNR":"none","title":"auto[1];hit;write;dscratch0","All Average Grd":"100%","All Cov":"1 / 1 (100%)","Score":"27197","At Least":"1","Source":"        dregs_access : cross mode, access, op,addr;"}
,{"expanded":false,"Exclusion Rule Type":"None","UNR":"none","title":"auto[1];hit;write;dscratch1","All Average Grd":"100%","All Cov":"1 / 1 (100%)","Score":"13811","At Least":"1","Source":"        dregs_access : cross mode, access, op,addr;"}
],"columns":"mode;access;op;addr"}
]}
,{"expanded":false,"Exclusion Rule Type":"None","UNR":"none","title":"cg_trigger_regs","All Average Grd":"96%","All Cov":"26 / 30 (86.67%)","Enclosing Entity":"uvm_pkg.uvm_test_top.env.cov_model.debug_covg","Source":"    covergroup cg_trigger_regs;"
,"subitems":[{"expanded":false,"Exclusion Rule Type":"None","UNR":"none","title":"mode","At Least":"1","All Average Grd":"100%","All Cov":"2 / 2 (100%)","Source":"        mode : coverpoint cntxt.debug_cntxt.vif_cov.mon_cb.debug_mode_q; // Only M and D supported"
,"subitems":[{"expanded":false,"Exclusion Rule Type":"None","UNR":"none","title":"auto[0]","All Average Grd":"100%","All Cov":"1 / 1 (100%)","Score":"778428752","At Least":"1","Source":"        mode : coverpoint cntxt.debug_cntxt.vif_cov.mon_cb.debug_mode_q; // Only M and D supported"}
,{"expanded":false,"Exclusion Rule Type":"None","UNR":"none","title":"auto[1]","All Average Grd":"100%","All Cov":"1 / 1 (100%)","Score":"5271945","At Least":"1","Source":"        mode : coverpoint cntxt.debug_cntxt.vif_cov.mon_cb.debug_mode_q; // Only M and D supported"}
],"columns":""}
,{"expanded":false,"Exclusion Rule Type":"None","UNR":"none","title":"access","At Least":"1","All Average Grd":"100%","All Cov":"1 / 1 (100%)","Source":"        access : coverpoint cntxt.debug_cntxt.vif_cov.mon_cb.csr_access {"
,"subitems":[{"expanded":false,"Exclusion Rule Type":"None","UNR":"none","title":"hit","All Average Grd":"100%","All Cov":"1 / 1 (100%)","Score":"64036726","At Least":"1","Source":"            bins hit = {1};"}
],"columns":""}
,{"expanded":false,"Exclusion Rule Type":"None","UNR":"none","title":"op","At Least":"1","All Average Grd":"100%","All Cov":"2 / 2 (100%)","Source":"        op : coverpoint cntxt.debug_cntxt.vif_cov.mon_cb.csr_op {"
,"subitems":[{"expanded":false,"Exclusion Rule Type":"None","UNR":"none","title":"read","All Average Grd":"100%","All Cov":"1 / 1 (100%)","Score":"765049947","At Least":"1","Source":"            bins read = {'h0};"}
,{"expanded":false,"Exclusion Rule Type":"None","UNR":"none","title":"write","All Average Grd":"100%","All Cov":"1 / 1 (100%)","Score":"10071997","At Least":"1","Source":"            bins write = {'h1};"}
],"columns":""}
,{"expanded":false,"Exclusion Rule Type":"None","UNR":"none","title":"addr","At Least":"1","All Average Grd":"100%","All Cov":"5 / 5 (100%)","Source":"        addr  : coverpoint cntxt.debug_cntxt.vif_cov.mon_cb.id_stage_instr_rdata_i[31:20]{ // csr addr not updated if illegal access"
,"subitems":[{"expanded":false,"Exclusion Rule Type":"None","UNR":"none","title":"tsel","All Average Grd":"100%","All Cov":"1 / 1 (100%)","Score":"7304","At Least":"1","Source":"            bins tsel = {'h7A0};"}
,{"expanded":false,"Exclusion Rule Type":"None","UNR":"none","title":"tdata1","All Average Grd":"100%","All Cov":"1 / 1 (100%)","Score":"9736","At Least":"1","Source":"            bins tdata1 = {'h7A1};"}
,{"expanded":false,"Exclusion Rule Type":"None","UNR":"none","title":"tdata2","All Average Grd":"100%","All Cov":"1 / 1 (100%)","Score":"7494","At Least":"1","Source":"            bins tdata2 = {'h7A2};"}
,{"expanded":false,"Exclusion Rule Type":"None","UNR":"none","title":"tdata3","All Average Grd":"100%","All Cov":"1 / 1 (100%)","Score":"9250","At Least":"1","Source":"            bins tdata3 = {'h7A3};"}
,{"expanded":false,"Exclusion Rule Type":"None","UNR":"none","title":"tinfo","All Average Grd":"100%","All Cov":"1 / 1 (100%)","Score":"7771","At Least":"1","Source":"            bins tinfo = {'h7A4};"}
],"columns":""}
,{"expanded":false,"Exclusion Rule Type":"None","UNR":"none","title":"tregs_access","At Least":"1","All Average Grd":"80%","All Cov":"16 / 20 (80%)","Source":"        tregs_access : cross mode, access, op,addr;"
,"subitems":[{"expanded":false,"Exclusion Rule Type":"None","UNR":"none","title":"auto[0];hit;read;tsel","All Average Grd":"100%","All Cov":"1 / 1 (100%)","Score":"1739","At Least":"1","Source":"        tregs_access : cross mode, access, op,addr;"}
,{"expanded":false,"Exclusion Rule Type":"None","UNR":"none","title":"auto[0];hit;read;tdata1","All Average Grd":"100%","All Cov":"1 / 1 (100%)","Score":"1749","At Least":"1","Source":"        tregs_access : cross mode, access, op,addr;"}
,{"expanded":false,"Exclusion Rule Type":"None","UNR":"none","title":"auto[0];hit;read;tdata2","All Average Grd":"100%","All Cov":"1 / 1 (100%)","Score":"1744","At Least":"1","Source":"        tregs_access : cross mode, access, op,addr;"}
,{"expanded":false,"Exclusion Rule Type":"None","UNR":"none","title":"auto[0];hit;read;tdata3","All Average Grd":"100%","All Cov":"1 / 1 (100%)","Score":"1739","At Least":"1","Source":"        tregs_access : cross mode, access, op,addr;"}
,{"expanded":false,"Exclusion Rule Type":"None","UNR":"none","title":"auto[0];hit;read;tinfo","All Average Grd":"100%","All Cov":"1 / 1 (100%)","Score":"1735","At Least":"1","Source":"        tregs_access : cross mode, access, op,addr;"}
,{"expanded":false,"Exclusion Rule Type":"None","UNR":"none","title":"auto[0];hit;write;tsel","All Average Grd":"100%","All Cov":"1 / 1 (100%)","Score":"386","At Least":"1","Source":"        tregs_access : cross mode, access, op,addr;"}
,{"expanded":false,"Exclusion Rule Type":"None","UNR":"none","title":"auto[0];hit;write;tdata1","All Average Grd":"100%","All Cov":"1 / 1 (100%)","Score":"386","At Least":"1","Source":"        tregs_access : cross mode, access, op,addr;"}
,{"expanded":false,"Exclusion Rule Type":"None","UNR":"none","title":"auto[0];hit;write;tdata2","All Average Grd":"100%","All Cov":"1 / 1 (100%)","Score":"386","At Least":"1","Source":"        tregs_access : cross mode, access, op,addr;"}
,{"expanded":false,"Exclusion Rule Type":"None","UNR":"none","title":"auto[0];hit;write;tdata3","All Average Grd":"100%","All Cov":"1 / 1 (100%)","Score":"386","At Least":"1","Source":"        tregs_access : cross mode, access, op,addr;"}
,{"expanded":false,"Exclusion Rule Type":"None","UNR":"none","title":"auto[0];hit;write;tinfo","All Average Grd":"100%","All Cov":"1 / 1 (100%)","Score":"385","At Least":"1","Source":"        tregs_access : cross mode, access, op,addr;"}
,{"expanded":false,"Exclusion Rule Type":"None","UNR":"none","title":"auto[1];hit;read;tsel","All Average Grd":"100%","All Cov":"1 / 1 (100%)","Score":"2","At Least":"1","Source":"        tregs_access : cross mode, access, op,addr;"}
,{"expanded":false,"Exclusion Rule Type":"None","UNR":"none","title":"auto[1];hit;read;tdata1","All Average Grd":"100%","All Cov":"1 / 1 (100%)","Score":"10","At Least":"1","Source":"        tregs_access : cross mode, access, op,addr;"}
,{"expanded":false,"Exclusion Rule Type":"None","UNR":"none","title":"auto[1];hit;read;tdata2","All Average Grd":"100%","All Cov":"1 / 1 (100%)","Score":"2","At Least":"1","Source":"        tregs_access : cross mode, access, op,addr;"}
,{"expanded":false,"Exclusion Rule Type":"None","UNR":"none","title":"auto[1];hit;read;tdata3","All Average Grd":"100%","All Cov":"1 / 1 (100%)","Score":"2","At Least":"1","Source":"        tregs_access : cross mode, access, op,addr;"}
,{"expanded":false,"Exclusion Rule Type":"None","UNR":"none","title":"auto[1];hit;read;tinfo","All Average Grd":"0%","All Cov":"0 / 1 (0%)","Score":"0","At Least":"1","Source":"        tregs_access : cross mode, access, op,addr;"}
,{"expanded":false,"Exclusion Rule Type":"None","UNR":"none","title":"auto[1];hit;write;tsel","All Average Grd":"0%","All Cov":"0 / 1 (0%)","Score":"0","At Least":"1","Source":"        tregs_access : cross mode, access, op,addr;"}
,{"expanded":false,"Exclusion Rule Type":"None","UNR":"none","title":"auto[1];hit;write;tdata1","All Average Grd":"100%","All Cov":"1 / 1 (100%)","Score":"10","At Least":"1","Source":"        tregs_access : cross mode, access, op,addr;"}
,{"expanded":false,"Exclusion Rule Type":"None","UNR":"none","title":"auto[1];hit;write;tdata2","All Average Grd":"100%","All Cov":"1 / 1 (100%)","Score":"8","At Least":"1","Source":"        tregs_access : cross mode, access, op,addr;"}
,{"expanded":false,"Exclusion Rule Type":"None","UNR":"none","title":"auto[1];hit;write;tdata3","All Average Grd":"0%","All Cov":"0 / 1 (0%)","Score":"0","At Least":"1","Source":"        tregs_access : cross mode, access, op,addr;"}
,{"expanded":false,"Exclusion Rule Type":"None","UNR":"none","title":"auto[1];hit;write;tinfo","All Average Grd":"0%","All Cov":"0 / 1 (0%)","Score":"0","At Least":"1","Source":"        tregs_access : cross mode, access, op,addr;"}
],"columns":"mode;access;op;addr"}
]}
,{"expanded":false,"Exclusion Rule Type":"None","UNR":"none","title":"cg_counters_enabled","All Average Grd":"100%","All Cov":"4 / 4 (100%)","Enclosing Entity":"uvm_pkg.uvm_test_top.env.cov_model.debug_covg","Source":"    covergroup cg_counters_enabled;"
,"subitems":[{"expanded":false,"Exclusion Rule Type":"None","UNR":"none","title":"mcycle_en","At Least":"1","All Average Grd":"100%","All Cov":"2 / 2 (100%)","Source":"        mcycle_en : coverpoint cntxt.debug_cntxt.vif_cov.mon_cb.mcountinhibit_q[0];"
,"subitems":[{"expanded":false,"Exclusion Rule Type":"None","UNR":"none","title":"auto[0]","All Average Grd":"100%","All Cov":"1 / 1 (100%)","Score":"1124978","At Least":"1","Source":"        mcycle_en : coverpoint cntxt.debug_cntxt.vif_cov.mon_cb.mcountinhibit_q[0];"}
,{"expanded":false,"Exclusion Rule Type":"None","UNR":"none","title":"auto[1]","All Average Grd":"100%","All Cov":"1 / 1 (100%)","Score":"782575719","At Least":"1","Source":"        mcycle_en : coverpoint cntxt.debug_cntxt.vif_cov.mon_cb.mcountinhibit_q[0];"}
],"columns":""}
,{"expanded":false,"Exclusion Rule Type":"None","UNR":"none","title":"minstret_en","At Least":"1","All Average Grd":"100%","All Cov":"2 / 2 (100%)","Source":"        minstret_en : coverpoint cntxt.debug_cntxt.vif_cov.mon_cb.mcountinhibit_q[2];"
,"subitems":[{"expanded":false,"Exclusion Rule Type":"None","UNR":"none","title":"auto[0]","All Average Grd":"100%","All Cov":"1 / 1 (100%)","Score":"1125040","At Least":"1","Source":"        minstret_en : coverpoint cntxt.debug_cntxt.vif_cov.mon_cb.mcountinhibit_q[2];"}
,{"expanded":false,"Exclusion Rule Type":"None","UNR":"none","title":"auto[1]","All Average Grd":"100%","All Cov":"1 / 1 (100%)","Score":"782575657","At Least":"1","Source":"        minstret_en : coverpoint cntxt.debug_cntxt.vif_cov.mon_cb.mcountinhibit_q[2];"}
],"columns":""}
]}
]
}
