{
"block_items":[],"assertion_items"
:[{"expanded":false,"Exclusion Rule Type":"None","UNR":"none","title":"__assert_3","All Average Grd":"100%","Assertion Status Grd":"100%","Enclosing Entity":"uvmt_cv32_tb.dut_wrap.cv32e40p_wrapper_i.core_i.ex_stage_i.mult_i","Source":"  assert property ("}
,{"expanded":false,"Exclusion Rule Type":"None","UNR":"none","title":"__assert_2","All Average Grd":"100%","Assertion Status Grd":"100%","Enclosing Entity":"uvmt_cv32_tb.dut_wrap.cv32e40p_wrapper_i.core_i.ex_stage_i.mult_i","Source":"  assert property ("}
,{"expanded":false,"Exclusion Rule Type":"None","UNR":"none","title":"__assert_1","All Average Grd":"100%","Assertion Status Grd":"100%","Enclosing Entity":"uvmt_cv32_tb.dut_wrap.cv32e40p_wrapper_i.core_i.ex_stage_i.mult_i","Source":"  assert property ("}
]
,"expression_items":[{"expanded":false,"expanded":false,"Exclusion Rule Type":"None","Index":"1","All Average Grd":"66.67%","All Cov":"2 / 3 (66.67%)","Src Start Line":"100","Enclosing Entity":"uvmt_cv32_tb.dut_wrap.cv32e40p_wrapper_i.core_i.ex_stage_i.mult_i","Source":"  assign short_round = (operator_i == MUL_IR) ? {1'b0, short_round_tmp[31:1]} : '0;"
,"subitems":[{"expanded":false,"expanded":false,"Exclusion Rule Type":"None","Index":"1","All Average Grd":"50%","All Cov":"1 / 2 (50%)","Source":"  assign short_round = (operator_i == MUL_IR) ? {1'b0, short_round_tmp[31:1]} : '0;","table_type":"cov"
,"subitems":[{"title":"1;1","expanded":false,"Exclusion Rule Type":"Analysis Time","UNR":"none","Score":"0","Out":"1","excluded":"1"}
,{"title":"-;0","expanded":false,"Exclusion Rule Type":"None","UNR":"none","Score":"0","Out":"0"}
,{"title":"0;-","expanded":false,"Exclusion Rule Type":"None","UNR":"none","Score":"1","Out":"0"}
],"cov_table_title":"Coverage Table with Output","header":"(operator_i == MUL_IR) ? {1'b0,short_round_tmp[31:1]} : '0","columns":"(operator_i == MUL_IR);{1'b0,short_round_tmp[31:1]}"}
]}
],"fsm_items"
:[{"expanded":false,"Exclusion Rule Type":"None","UNR":"none","title":"mulh_CS","State Average Grd":"100%","Trans Average Grd":"100%","Arc Average Grd":"n/a","Enclosing Entity":"uvmt_cv32_tb.dut_wrap.cv32e40p_wrapper_i.core_i.ex_stage_i.mult_i","Source":"  enum logic [2:0] {IDLE, STEP0, STEP1, STEP2, FINISH} mulh_CS, mulh_NS;"
,"subitems":[{"expanded":false,"Exclusion Rule Type":"None","UNR":"none","title":"IDLE","Encoding":"000","Score":"4227519","Is Reset State":"true","Source":"      IDLE: begin"}
,{"expanded":false,"Exclusion Rule Type":"None","UNR":"none","title":"STEP0","Encoding":"001","Score":"4225754","Is Reset State":"false","Source":"      STEP0: begin"}
,{"expanded":false,"Exclusion Rule Type":"None","UNR":"none","title":"STEP1","Encoding":"010","Score":"4225754","Is Reset State":"false","Source":"      STEP1: begin"}
,{"expanded":false,"Exclusion Rule Type":"None","UNR":"none","title":"STEP2","Encoding":"011","Score":"4225753","Is Reset State":"false","Source":"      STEP2: begin"}
,{"expanded":false,"Exclusion Rule Type":"None","UNR":"none","title":"FINISH","Encoding":"100","Score":"4225753","Is Reset State":"false","Source":"      FINISH: begin"}
]
,"subitems1":[{"expanded":false,"Exclusion Rule Type":"None","UNR":"none","Index":"0","From State title":"IDLE","To State title":"STEP0","Score":"4225754","Is Reset Trans":"false"
,"subitems":[]}
,{"expanded":false,"Exclusion Rule Type":"None","UNR":"none","Index":"1","From State title":"STEP0","To State title":"STEP1","Score":"4225754","Is Reset Trans":"false"
,"subitems":[]}
,{"expanded":false,"Exclusion Rule Type":"None","UNR":"none","Index":"2","From State title":"STEP1","To State title":"STEP2","Score":"4225753","Is Reset Trans":"false"
,"subitems":[]}
,{"expanded":false,"Exclusion Rule Type":"None","UNR":"none","Index":"3","From State title":"STEP2","To State title":"FINISH","Score":"4225753","Is Reset Trans":"false"
,"subitems":[]}
,{"expanded":false,"Exclusion Rule Type":"None","UNR":"none","Index":"4","From State title":"FINISH","To State title":"IDLE","Score":"4225753","Is Reset Trans":"false"
,"subitems":[]}
]}
]}
