{
"block_items":[],"assertion_items"
:[{"expanded":false,"Exclusion Rule Type":"None","UNR":"none","title":"a_address_phase_signals_defined","All Average Grd":"100%","Assertion Status Grd":"100%","Enclosing Entity":"uvmt_cv32_tb.dut_wrap.cv32e40p_wrapper_i.core_i.load_store_unit_i","Source":"  a_address_phase_signals_defined : assert property(p_address_phase_signals_defined);"}
,{"expanded":false,"Exclusion Rule Type":"None","UNR":"none","title":"a_no_spurious_rvalid","All Average Grd":"100%","Assertion Status Grd":"100%","Enclosing Entity":"uvmt_cv32_tb.dut_wrap.cv32e40p_wrapper_i.core_i.load_store_unit_i","Source":"  a_no_spurious_rvalid : assert property(p_no_spurious_rvalid);"}
,{"expanded":false,"Exclusion Rule Type":"None","UNR":"none","title":"a_no_transaction_count_overflow_1","All Average Grd":"100%","Assertion Status Grd":"100%","Enclosing Entity":"uvmt_cv32_tb.dut_wrap.cv32e40p_wrapper_i.core_i.load_store_unit_i","Source":"  a_no_transaction_count_overflow_1 : assert property(p_no_transaction_count_overflow_1);"}
,{"expanded":false,"Exclusion Rule Type":"None","UNR":"none","title":"a_no_transaction_count_overflow_0","All Average Grd":"100%","Assertion Status Grd":"100%","Enclosing Entity":"uvmt_cv32_tb.dut_wrap.cv32e40p_wrapper_i.core_i.load_store_unit_i","Source":"  a_no_transaction_count_overflow_0 : assert property(p_no_transaction_count_overflow_0);"}
,{"expanded":false,"Exclusion Rule Type":"None","UNR":"none","title":"a_no_error","All Average Grd":"100%","Assertion Status Grd":"100%","Enclosing Entity":"uvmt_cv32_tb.dut_wrap.cv32e40p_wrapper_i.core_i.load_store_unit_i","Source":"  a_no_error : assert property(p_no_error);"}
]
,"expression_items":[{"expanded":false,"expanded":false,"Exclusion Rule Type":"None","Index":"33","All Average Grd":"75%","All Cov":"3 / 4 (75%)","Src Start Line":"414","Enclosing Entity":"uvmt_cv32_tb.dut_wrap.cv32e40p_wrapper_i.core_i.load_store_unit_i","Source":"  assign trans_addr  = data_misaligned_ex_i ? {data_addr_int[31:2], 2'b00} : data_addr_int;"
,"subitems":[{"expanded":false,"expanded":false,"Exclusion Rule Type":"None","Index":"1","All Average Grd":"75%","All Cov":"3 / 4 (75%)","Source":"  assign trans_addr  = data_misaligned_ex_i ? {data_addr_int[31:2], 2'b00} : data_addr_int;","table_type":"cov"
,"subitems":[{"title":"0;-;1","expanded":false,"Exclusion Rule Type":"None","UNR":"none","Score":"1","Out":"1"}
,{"title":"1;1;-","expanded":false,"Exclusion Rule Type":"None","UNR":"none","Score":"1","Out":"1"}
,{"title":"0;-;0","expanded":false,"Exclusion Rule Type":"None","UNR":"none","Score":"1","Out":"0"}
,{"title":"1;0;-","expanded":false,"Exclusion Rule Type":"None","UNR":"none","Score":"0","Out":"0"}
],"cov_table_title":"Coverage Table with Output","header":"data_misaligned_ex_i ? {data_addr_int[31:2],2'b00} : data_addr_int","columns":"data_misaligned_ex_i;{data_addr_int[31:2],2'b00};data_addr_int"}
]}
]}
