{
"block_items":[],"assertion_items"
:[{"expanded":false,"Exclusion Rule Type":"None","UNR":"none","title":"a_ebrk_mepc","All Average Grd":"100%","Assertion Status Grd":"100%","Enclosing Entity":"uvmt_cv32_tb.dut_wrap.cv32e40p_wrapper_i.core_i.genblk4","Source":"    a_ebrk_mepc : assert property(p_ebrk_mepc);"}
,{"expanded":false,"Exclusion Rule Type":"None","UNR":"none","title":"a_ecall_mepc","All Average Grd":"100%","Assertion Status Grd":"100%","Enclosing Entity":"uvmt_cv32_tb.dut_wrap.cv32e40p_wrapper_i.core_i.genblk4","Source":"    a_ecall_mepc : assert property(p_ecall_mepc);"}
,{"expanded":false,"Exclusion Rule Type":"None","UNR":"none","title":"a_illegal_mepc","All Average Grd":"100%","Assertion Status Grd":"100%","Enclosing Entity":"uvmt_cv32_tb.dut_wrap.cv32e40p_wrapper_i.core_i.genblk4","Source":"    a_illegal_mepc : assert property(p_illegal_mepc);"}
]
,"expression_items":[]}
