{
"block_items":[{"expanded":false,"Exclusion Rule Type":"None","UNR":"none","Index":"238","Blk Type":"a case item of","Src Start Line":"1255","Score":"0","All Average Grd":"0%","Enclosing Entity":"uvmt_cv32_tb.dut_wrap.cv32e40p_wrapper_i.core_i.id_stage_i.decoder_i","Source":"            {6'b00_0100, 3'b101}: begin         // Rotate Right - p.ror"}
,{"expanded":false,"Exclusion Rule Type":"None","UNR":"none","Index":"240","Blk Type":"false part of","Src Start Line":"1258","Score":"0","All Average Grd":"0%","Enclosing Entity":"uvmt_cv32_tb.dut_wrap.cv32e40p_wrapper_i.core_i.id_stage_i.decoder_i","Source":"              end else begin"}
,{"expanded":false,"Exclusion Rule Type":"None","UNR":"none","Index":"244","Blk Type":"a case item of","Src Start Line":"1272","Score":"0","All Average Grd":"0%","Enclosing Entity":"uvmt_cv32_tb.dut_wrap.cv32e40p_wrapper_i.core_i.id_stage_i.decoder_i","Source":"            {6'b00_1000, 3'b001}: begin         // Find Last 1 - p.fl1"}
,{"expanded":false,"Exclusion Rule Type":"None","UNR":"none","Index":"246","Blk Type":"false part of","Src Start Line":"1275","Score":"0","All Average Grd":"0%","Enclosing Entity":"uvmt_cv32_tb.dut_wrap.cv32e40p_wrapper_i.core_i.id_stage_i.decoder_i","Source":"              end else begin"}
,{"expanded":false,"Exclusion Rule Type":"None","UNR":"none","Index":"608","Blk Type":"a case item of","Src Start Line":"2462","Score":"0","All Average Grd":"0%","Enclosing Entity":"uvmt_cv32_tb.dut_wrap.cv32e40p_wrapper_i.core_i.id_stage_i.decoder_i","Source":"              if(!PULP_SECURE) begin"}
,{"expanded":false,"Exclusion Rule Type":"None","UNR":"none","Index":"609","Blk Type":"true part of","Src Start Line":"2462","Score":"0","All Average Grd":"0%","Enclosing Entity":"uvmt_cv32_tb.dut_wrap.cv32e40p_wrapper_i.core_i.id_stage_i.decoder_i","Source":"              if(!PULP_SECURE) begin"}
,{"expanded":false,"Exclusion Rule Type":"None","UNR":"none","Index":"618","Blk Type":"a case item of","Src Start Line":"2502","Score":"0","All Average Grd":"0%","Enclosing Entity":"uvmt_cv32_tb.dut_wrap.cv32e40p_wrapper_i.core_i.id_stage_i.decoder_i","Source":"              if(!PULP_XPULP) begin"}
,{"expanded":false,"Exclusion Rule Type":"None","UNR":"none","Index":"619","Blk Type":"true part of","Src Start Line":"2502","Score":"0","All Average Grd":"0%","Enclosing Entity":"uvmt_cv32_tb.dut_wrap.cv32e40p_wrapper_i.core_i.id_stage_i.decoder_i","Source":"              if(!PULP_XPULP) begin"}
]
,"expression_items":[]}
