{
"block_items":[],"assertion_items"
:[{"expanded":false,"Exclusion Rule Type":"None","UNR":"none","title":"a_single_step","All Average Grd":"100%","Assertion Status Grd":"100%","Enclosing Entity":"uvmt_cv32_tb.dut_wrap.cv32e40p_wrapper_i.core_i","Source":"  a_single_step : assert property"}
]
,"expression_items":[{"expanded":false,"expanded":false,"Exclusion Rule Type":"None","Index":"2","All Average Grd":"50%","All Cov":"1 / 2 (50%)","Src Start Line":"360","Enclosing Entity":"uvmt_cv32_tb.dut_wrap.cv32e40p_wrapper_i.core_i","Source":"  assign u_exc_vec_pc_mux_id = (utvec_mode == 2'b0) ? 5'h0 : exc_cause;"
,"subitems":[{"expanded":false,"expanded":false,"Exclusion Rule Type":"None","Index":"1","All Average Grd":"50%","All Cov":"1 / 2 (50%)","Source":"  assign u_exc_vec_pc_mux_id = (utvec_mode == 2'b0) ? 5'h0 : exc_cause;","table_type":"cov"
,"subitems":[{"title":"1;1","expanded":false,"Exclusion Rule Type":"Analysis Time","UNR":"none","Score":"0","Out":"1","excluded":"1"}
,{"title":"-;0","expanded":false,"Exclusion Rule Type":"None","UNR":"none","Score":"0","Out":"0"}
,{"title":"0;-","expanded":false,"Exclusion Rule Type":"None","UNR":"none","Score":"1","Out":"0"}
],"cov_table_title":"Coverage Table with Output","header":"(utvec_mode == 2'b00) ? 5'h00 : exc_cause","columns":"utvec_mode;exc_cause"}
]}
]}
