{
"block_items":[{"expanded":false,"Exclusion Rule Type":"None","UNR":"none","Index":"61","Blk Type":"a case item of","Src Start Line":"665","Score":"0","All Average Grd":"0%","Enclosing Entity":"uvmt_cv32_tb.dut_wrap.cv32e40p_wrapper_i.core_i.id_stage_i.controller_i","Source":"                        begin"}
,{"expanded":false,"Exclusion Rule Type":"None","UNR":"none","Index":"133","Blk Type":"true part of","Src Start Line":"1034","Score":"0","All Average Grd":"0%","Enclosing Entity":"uvmt_cv32_tb.dut_wrap.cv32e40p_wrapper_i.core_i.id_stage_i.controller_i","Source":"                      ctrl_fsm_ns = DBG_TAKEN_IF;"}
,{"expanded":false,"Exclusion Rule Type":"None","UNR":"none","Index":"135","Blk Type":"true part of","Src Start Line":"1044","Score":"0","All Average Grd":"0%","Enclosing Entity":"uvmt_cv32_tb.dut_wrap.cv32e40p_wrapper_i.core_i.id_stage_i.controller_i","Source":"                      ctrl_fsm_ns = DBG_TAKEN_IF;"}
,{"expanded":false,"Exclusion Rule Type":"None","UNR":"none","Index":"144","Blk Type":"true part of","Src Start Line":"1074","Score":"0","All Average Grd":"0%","Enclosing Entity":"uvmt_cv32_tb.dut_wrap.cv32e40p_wrapper_i.core_i.id_stage_i.controller_i","Source":"                    ctrl_fsm_ns = DBG_TAKEN_IF;"}
,{"expanded":false,"Exclusion Rule Type":"None","UNR":"none","Index":"149","Blk Type":"false part of","Src Start Line":"1086","Score":"0","All Average Grd":"0%","Enclosing Entity":"uvmt_cv32_tb.dut_wrap.cv32e40p_wrapper_i.core_i.id_stage_i.controller_i","Source":"                          ctrl_fsm_ns = DECODE;"}
],"assertion_items"
:[{"expanded":false,"Exclusion Rule Type":"None","UNR":"none","title":"a_dbg_flush","All Average Grd":"100%","Assertion Status Grd":"100%","Enclosing Entity":"uvmt_cv32_tb.dut_wrap.cv32e40p_wrapper_i.core_i.id_stage_i.controller_i","Source":"  a_dbg_flush : assert property (@(posedge clk)  disable iff (!rst_n)  (ctrl_fsm_cs==DBG_FLUSH) |-> (ctrl_fsm_ns!=DBG_FLUSH) );"}
,{"expanded":false,"Exclusion Rule Type":"None","UNR":"none","title":"a_single_step_dbg_taken_if","All Average Grd":"100%","Assertion Status Grd":"100%","Enclosing Entity":"uvmt_cv32_tb.dut_wrap.cv32e40p_wrapper_i.core_i.id_stage_i.controller_i","Source":"  a_single_step_dbg_taken_if : assert property (@(posedge clk)  disable iff (!rst_n)  (ctrl_fsm_ns==DBG_TAKEN_IF) |-> ((~debug_mode_q && debug_single_step_i) || debug_force_wakeup_n));"}
,{"expanded":false,"Exclusion Rule Type":"None","UNR":"none","title":"a_pulp_cluster_excluded_states","All Average Grd":"100%","Assertion Status Grd":"100%","Enclosing Entity":"uvmt_cv32_tb.dut_wrap.cv32e40p_wrapper_i.core_i.id_stage_i.controller_i","Source":"  a_pulp_cluster_excluded_states : assert property(p_pulp_cluster_excluded_states);"}
,{"expanded":false,"Exclusion Rule Type":"None","UNR":"none","title":"a_pulp_cluster_only_states","All Average Grd":"100%","Assertion Status Grd":"100%","Enclosing Entity":"uvmt_cv32_tb.dut_wrap.cv32e40p_wrapper_i.core_i.id_stage_i.controller_i","Source":"  a_pulp_cluster_only_states : assert property(p_pulp_cluster_only_states);"}
,{"expanded":false,"Exclusion Rule Type":"None","UNR":"none","title":"__assert_1","All Average Grd":"100%","Assertion Status Grd":"100%","Enclosing Entity":"uvmt_cv32_tb.dut_wrap.cv32e40p_wrapper_i.core_i.id_stage_i.controller_i","Source":"  assert property ("}
]
,"expression_items":[{"expanded":false,"expanded":false,"Exclusion Rule Type":"None","Index":"7","All Average Grd":"50%","All Cov":"1 / 2 (50%)","Src Start Line":"389","Enclosing Entity":"uvmt_cv32_tb.dut_wrap.cv32e40p_wrapper_i.core_i.id_stage_i.controller_i","Source":"        if (id_ready_i == 1'b1) begin"
,"subitems":[{"expanded":false,"expanded":false,"Exclusion Rule Type":"None","Index":"1","All Average Grd":"50%","All Cov":"1 / 2 (50%)","Source":"        if (id_ready_i == 1'b1) begin","table_type":"cov"
,"subitems":[{"title":"lhs == rhs","expanded":false,"Exclusion Rule Type":"None","UNR":"none","Score":"1","Out":"n/a"}
,{"title":"lhs != rhs","expanded":false,"Exclusion Rule Type":"None","UNR":"none","Score":"0","Out":"n/a"}
],"cov_table_title":"Coverage Equality Table","header":"id_ready_i == 1'b1","columns":"id_ready_i;1'b1"}
]}
,{"expanded":false,"expanded":false,"Exclusion Rule Type":"None","Index":"8","All Average Grd":"66.67%","All Cov":"2 / 3 (66.67%)","Src Start Line":"394","Enclosing Entity":"uvmt_cv32_tb.dut_wrap.cv32e40p_wrapper_i.core_i.id_stage_i.controller_i","Source":"        if (irq_req_ctrl_i && ~(debug_req_pending || debug_mode_q)) begin"
,"subitems":[{"expanded":false,"expanded":false,"Exclusion Rule Type":"None","Index":"1","All Average Grd":"66.67%","All Cov":"2 / 3 (66.67%)","Source":"        if (irq_req_ctrl_i && ~(debug_req_pending || debug_mode_q)) begin","table_type":"cov"
,"subitems":[{"title":"1;0;0","expanded":false,"Exclusion Rule Type":"None","UNR":"none","Score":"1","Out":"1"}
,{"title":"-;-;1","expanded":false,"Exclusion Rule Type":"Analysis Time","UNR":"none","Score":"0","Out":"0","excluded":"1"}
,{"title":"-;1;-","expanded":false,"Exclusion Rule Type":"None","UNR":"none","Score":"0","Out":"0"}
,{"title":"0;-;-","expanded":false,"Exclusion Rule Type":"None","UNR":"none","Score":"1","Out":"0"}
],"cov_table_title":"Coverage Table with Output","header":"irq_req_ctrl_i && (~ (debug_req_pending || debug_mode_q))","columns":"irq_req_ctrl_i;debug_req_pending;debug_mode_q"}
]}
,{"expanded":false,"expanded":false,"Exclusion Rule Type":"None","Index":"25","All Average Grd":"66.67%","All Cov":"2 / 3 (66.67%)","Src Start Line":"659","Enclosing Entity":"uvmt_cv32_tb.dut_wrap.cv32e40p_wrapper_i.core_i.id_stage_i.controller_i","Source":"                        illegal_insn_i | ecall_insn_i:"
,"subitems":[{"expanded":false,"expanded":false,"Exclusion Rule Type":"None","Index":"1","All Average Grd":"66.67%","All Cov":"2 / 3 (66.67%)","Source":"                        illegal_insn_i | ecall_insn_i:","table_type":"cov"
,"subitems":[{"title":"1;-","expanded":false,"Exclusion Rule Type":"None","UNR":"none","Score":"1","Out":"n/a"}
,{"title":"-;1","expanded":false,"Exclusion Rule Type":"None","UNR":"none","Score":"0","Out":"n/a"}
,{"title":"0;0","expanded":false,"Exclusion Rule Type":"None","UNR":"none","Score":"1","Out":"n/a"}
],"cov_table_title":"Coverage Table","header":"illegal_insn_i | ecall_insn_i","columns":"illegal_insn_i;ecall_insn_i"}
]}
,{"expanded":false,"expanded":false,"Exclusion Rule Type":"None","Index":"26","All Average Grd":"66.67%","All Cov":"2 / 3 (66.67%)","Src Start Line":"664","Enclosing Entity":"uvmt_cv32_tb.dut_wrap.cv32e40p_wrapper_i.core_i.id_stage_i.controller_i","Source":"                        (~ebrk_force_debug_mode & ebrk_insn_i):"
,"subitems":[{"expanded":false,"expanded":false,"Exclusion Rule Type":"None","Index":"1","All Average Grd":"66.67%","All Cov":"2 / 3 (66.67%)","Source":"                        (~ebrk_force_debug_mode & ebrk_insn_i):","table_type":"cov"
,"subitems":[{"title":"0;1","expanded":false,"Exclusion Rule Type":"None","UNR":"none","Score":"0","Out":"1"}
,{"title":"-;0","expanded":false,"Exclusion Rule Type":"None","UNR":"none","Score":"1","Out":"0"}
,{"title":"1;-","expanded":false,"Exclusion Rule Type":"None","UNR":"none","Score":"1","Out":"0"}
],"cov_table_title":"Coverage Table with Output","header":"(~ ebrk_force_debug_mode) & ebrk_insn_i","columns":"ebrk_force_debug_mode;ebrk_insn_i"}
]}
,{"expanded":false,"expanded":false,"Exclusion Rule Type":"None","Index":"50","All Average Grd":"50%","All Cov":"1 / 2 (50%)","Src Start Line":"1033","Enclosing Entity":"uvmt_cv32_tb.dut_wrap.cv32e40p_wrapper_i.core_i.id_stage_i.controller_i","Source":"                  if (debug_single_step_i && ~debug_mode_q)"
,"subitems":[{"expanded":false,"expanded":false,"Exclusion Rule Type":"None","Index":"1","All Average Grd":"50%","All Cov":"1 / 2 (50%)","Source":"                  if (debug_single_step_i && ~debug_mode_q)","table_type":"cov"
,"subitems":[{"title":"1;0","expanded":false,"Exclusion Rule Type":"None","UNR":"none","Score":"0","Out":"1"}
,{"title":"-;1","expanded":false,"Exclusion Rule Type":"Analysis Time","UNR":"none","Score":"0","Out":"0","excluded":"1"}
,{"title":"0;-","expanded":false,"Exclusion Rule Type":"None","UNR":"none","Score":"1","Out":"0"}
],"cov_table_title":"Coverage Table with Output","header":"debug_single_step_i && (~ debug_mode_q)","columns":"debug_single_step_i;debug_mode_q"}
]}
,{"expanded":false,"expanded":false,"Exclusion Rule Type":"None","Index":"52","All Average Grd":"66.67%","All Cov":"2 / 3 (66.67%)","Src Start Line":"1043","Enclosing Entity":"uvmt_cv32_tb.dut_wrap.cv32e40p_wrapper_i.core_i.id_stage_i.controller_i","Source":"                  if (debug_single_step_i && ~debug_mode_q)"
,"subitems":[{"expanded":false,"expanded":false,"Exclusion Rule Type":"None","Index":"1","All Average Grd":"66.67%","All Cov":"2 / 3 (66.67%)","Source":"                  if (debug_single_step_i && ~debug_mode_q)","table_type":"cov"
,"subitems":[{"title":"1;0","expanded":false,"Exclusion Rule Type":"None","UNR":"none","Score":"0","Out":"1"}
,{"title":"-;1","expanded":false,"Exclusion Rule Type":"None","UNR":"none","Score":"1","Out":"0"}
,{"title":"0;-","expanded":false,"Exclusion Rule Type":"None","UNR":"none","Score":"1","Out":"0"}
],"cov_table_title":"Coverage Table with Output","header":"debug_single_step_i && (~ debug_mode_q)","columns":"debug_single_step_i;debug_mode_q"}
]}
,{"expanded":false,"expanded":false,"Exclusion Rule Type":"None","Index":"53","All Average Grd":"50%","All Cov":"1 / 2 (50%)","Src Start Line":"1048","Enclosing Entity":"uvmt_cv32_tb.dut_wrap.cv32e40p_wrapper_i.core_i.id_stage_i.controller_i","Source":"                 csr_restore_mret_id_o =  !debug_mode_q;"
,"subitems":[{"expanded":false,"expanded":false,"Exclusion Rule Type":"None","Index":"1","All Average Grd":"50%","All Cov":"1 / 2 (50%)","Source":"                 csr_restore_mret_id_o =  !debug_mode_q;","table_type":"cov"
,"subitems":[{"title":"1","expanded":false,"Exclusion Rule Type":"None","UNR":"none","Score":"0","Out":"n/a"}
,{"title":"0","expanded":false,"Exclusion Rule Type":"None","UNR":"none","Score":"1","Out":"n/a"}
],"cov_table_title":"Coverage Table","header":"! debug_mode_q","columns":"debug_mode_q"}
]}
,{"expanded":false,"expanded":false,"Exclusion Rule Type":"None","Index":"57","All Average Grd":"66.67%","All Cov":"2 / 3 (66.67%)","Src Start Line":"1073","Enclosing Entity":"uvmt_cv32_tb.dut_wrap.cv32e40p_wrapper_i.core_i.id_stage_i.controller_i","Source":"                 if (debug_single_step_i && ~debug_mode_q)"
,"subitems":[{"expanded":false,"expanded":false,"Exclusion Rule Type":"None","Index":"1","All Average Grd":"66.67%","All Cov":"2 / 3 (66.67%)","Source":"                 if (debug_single_step_i && ~debug_mode_q)","table_type":"cov"
,"subitems":[{"title":"1;0","expanded":false,"Exclusion Rule Type":"None","UNR":"none","Score":"0","Out":"1"}
,{"title":"-;1","expanded":false,"Exclusion Rule Type":"None","UNR":"none","Score":"1","Out":"0"}
,{"title":"0;-","expanded":false,"Exclusion Rule Type":"None","UNR":"none","Score":"1","Out":"0"}
],"cov_table_title":"Coverage Table with Output","header":"debug_single_step_i && (~ debug_mode_q)","columns":"debug_single_step_i;debug_mode_q"}
]}
,{"expanded":false,"expanded":false,"Exclusion Rule Type":"None","Index":"58","All Average Grd":"50%","All Cov":"1 / 2 (50%)","Src Start Line":"1109","Enclosing Entity":"uvmt_cv32_tb.dut_wrap.cv32e40p_wrapper_i.core_i.id_stage_i.controller_i","Source":"              pc_mux_o              = debug_mode_q ? PC_EXCEPTION : PC_MRET;"
,"subitems":[{"expanded":false,"expanded":false,"Exclusion Rule Type":"None","Index":"1","All Average Grd":"50%","All Cov":"1 / 2 (50%)","Source":"              pc_mux_o              = debug_mode_q ? PC_EXCEPTION : PC_MRET;","table_type":"cov"
,"subitems":[{"title":"0;-;1","expanded":false,"Exclusion Rule Type":"None","UNR":"none","Score":"1","Out":"1"}
,{"title":"1;1;-","expanded":false,"Exclusion Rule Type":"None","UNR":"none","Score":"0","Out":"1"}
,{"title":"0;-;0","expanded":false,"Exclusion Rule Type":"Simulation-Const","UNR":"none","Score":"0","Out":"0","excluded":"1"}
,{"title":"1;0;-","expanded":false,"Exclusion Rule Type":"Simulation-Const","UNR":"none","Score":"0","Out":"0","excluded":"1"}
],"cov_table_title":"Coverage Table with Output","header":"debug_mode_q ? PC_EXCEPTION : PC_MRET","columns":"debug_mode_q;PC_EXCEPTION;PC_MRET"}
]}
],"fsm_items"
:[{"expanded":false,"Exclusion Rule Type":"None","UNR":"none","title":"ctrl_fsm_cs","State Average Grd":"100%","Trans Average Grd":"100%","Arc Average Grd":"n/a","Enclosing Entity":"uvmt_cv32_tb.dut_wrap.cv32e40p_wrapper_i.core_i.id_stage_i.controller_i","Source":"  ctrl_state_e ctrl_fsm_cs, ctrl_fsm_ns;"
,"subitems":[{"expanded":false,"Exclusion Rule Type":"None","UNR":"none","title":"RESET","Encoding":"00000","Score":"1766","Is Reset State":"true","Source":"      RESET:"}
,{"expanded":false,"Exclusion Rule Type":"None","UNR":"none","title":"BOOT_SET","Encoding":"00001","Score":"1766","Is Reset State":"false","Source":"      BOOT_SET:"}
,{"expanded":false,"Exclusion Rule Type":"None","UNR":"none","title":"WAIT_SLEEP","Encoding":"00011","Score":"126199","Is Reset State":"false","Source":"      WAIT_SLEEP:"}
,{"expanded":false,"Exclusion Rule Type":"None","UNR":"none","title":"SLEEP","Encoding":"00010","Score":"126199","Is Reset State":"false","Source":"      SLEEP:"}
,{"expanded":false,"Exclusion Rule Type":"None","UNR":"none","title":"FIRST_FETCH","Encoding":"00100","Score":"91278","Is Reset State":"false","Source":"      FIRST_FETCH:"}
,{"expanded":false,"Exclusion Rule Type":"None","UNR":"none","title":"DECODE","Encoding":"00101","Score":"7396349","Is Reset State":"false","Source":"      DECODE:"}
,{"expanded":false,"Exclusion Rule Type":"Analysis Time","UNR":"none","title":"DECODE_HWLOOP","Encoding":"01111","Score":"0","Is Reset State":"false","Source":"      DECODE_HWLOOP:","excluded":"1"}
,{"expanded":false,"Exclusion Rule Type":"None","UNR":"none","title":"FLUSH_EX","Encoding":"01000","Score":"7027328","Is Reset State":"false","Source":"      FLUSH_EX:"}
,{"expanded":false,"Exclusion Rule Type":"Analysis Time","UNR":"none","title":"IRQ_FLUSH_ELW","Encoding":"00110","Score":"0","Is Reset State":"false","Source":"      IRQ_FLUSH_ELW:","excluded":"1"}
,{"expanded":false,"Exclusion Rule Type":"Analysis Time","UNR":"none","title":"ELW_EXE","Encoding":"00111","Score":"0","Is Reset State":"false","Source":"      ELW_EXE:","excluded":"1"}
,{"expanded":false,"Exclusion Rule Type":"None","UNR":"none","title":"FLUSH_WB","Encoding":"01001","Score":"7027328","Is Reset State":"false","Source":"      FLUSH_WB:"}
,{"expanded":false,"Exclusion Rule Type":"None","UNR":"none","title":"XRET_JUMP","Encoding":"01010","Score":"870457","Is Reset State":"false","Source":"      XRET_JUMP:"}
,{"expanded":false,"Exclusion Rule Type":"None","UNR":"none","title":"DBG_WAIT_BRANCH","Encoding":"01110","Score":"17431","Is Reset State":"false","Source":"      DBG_WAIT_BRANCH:"}
,{"expanded":false,"Exclusion Rule Type":"None","UNR":"none","title":"DBG_TAKEN_ID","Encoding":"01011","Score":"238682","Is Reset State":"false","Source":"      DBG_TAKEN_ID:"}
,{"expanded":false,"Exclusion Rule Type":"None","UNR":"none","title":"DBG_TAKEN_IF","Encoding":"01100","Score":"165361","Is Reset State":"false","Source":"      DBG_TAKEN_IF:"}
,{"expanded":false,"Exclusion Rule Type":"None","UNR":"none","title":"DBG_FLUSH","Encoding":"01101","Score":"368997","Is Reset State":"false","Source":"      DBG_FLUSH:"}
]
,"subitems1":[{"expanded":false,"Exclusion Rule Type":"None","UNR":"none","Index":"0","From State title":"RESET","To State title":"BOOT_SET","Score":"1766","Is Reset Trans":"false"
,"subitems":[]}
,{"expanded":false,"Exclusion Rule Type":"None","UNR":"none","Index":"1","From State title":"BOOT_SET","To State title":"DBG_TAKEN_IF","Score":"194","Is Reset Trans":"false"
,"subitems":[]}
,{"expanded":false,"Exclusion Rule Type":"None","UNR":"none","Index":"2","From State title":"BOOT_SET","To State title":"FIRST_FETCH","Score":"1572","Is Reset Trans":"false"
,"subitems":[]}
,{"expanded":false,"Exclusion Rule Type":"None","UNR":"none","Index":"3","From State title":"WAIT_SLEEP","To State title":"SLEEP","Score":"126199","Is Reset Trans":"false"
,"subitems":[]}
,{"expanded":false,"Exclusion Rule Type":"None","UNR":"none","Index":"4","From State title":"SLEEP","To State title":"DBG_TAKEN_IF","Score":"34753","Is Reset Trans":"false"
,"subitems":[]}
,{"expanded":false,"Exclusion Rule Type":"None","UNR":"none","Index":"5","From State title":"SLEEP","To State title":"FIRST_FETCH","Score":"89706","Is Reset Trans":"false"
,"subitems":[]}
,{"expanded":false,"Exclusion Rule Type":"None","UNR":"none","Index":"6","From State title":"FIRST_FETCH","To State title":"DECODE","Score":"91278","Is Reset Trans":"false"
,"subitems":[]}
,{"expanded":false,"Exclusion Rule Type":"Analysis Time","UNR":"none","Index":"7","From State title":"DECODE","To State title":"FLUSH_WB","Score":"0","Is Reset Trans":"false","excluded":"1"
,"subitems":[]}
,{"expanded":false,"Exclusion Rule Type":"None","UNR":"none","Index":"8","From State title":"DECODE","To State title":"DBG_FLUSH","Score":"351566","Is Reset Trans":"false"
,"subitems":[]}
,{"expanded":false,"Exclusion Rule Type":"None","UNR":"none","Index":"9","From State title":"DECODE","To State title":"FLUSH_EX","Score":"7027328","Is Reset Trans":"false"
,"subitems":[]}
,{"expanded":false,"Exclusion Rule Type":"Analysis Time","UNR":"none","Index":"10","From State title":"DECODE","To State title":"ELW_EXE","Score":"0","Is Reset Trans":"false","excluded":"1"
,"subitems":[]}
,{"expanded":false,"Exclusion Rule Type":"Analysis Time","UNR":"none","Index":"11","From State title":"DECODE","To State title":"DECODE_HWLOOP","Score":"0","Is Reset Trans":"false","excluded":"1"
,"subitems":[]}
,{"expanded":false,"Exclusion Rule Type":"None","UNR":"none","Index":"12","From State title":"DECODE","To State title":"DBG_WAIT_BRANCH","Score":"17431","Is Reset Trans":"false"
,"subitems":[]}
,{"expanded":false,"Exclusion Rule Type":"Analysis Time","UNR":"none","Index":"13","From State title":"DECODE_HWLOOP","To State title":"DBG_FLUSH","Score":"0","Is Reset Trans":"false","excluded":"1"
,"subitems":[]}
,{"expanded":false,"Exclusion Rule Type":"Analysis Time","UNR":"none","Index":"14","From State title":"DECODE_HWLOOP","To State title":"DECODE","Score":"0","Is Reset Trans":"false","excluded":"1"
,"subitems":[]}
,{"expanded":false,"Exclusion Rule Type":"Analysis Time","UNR":"none","Index":"15","From State title":"DECODE_HWLOOP","To State title":"FLUSH_EX","Score":"0","Is Reset Trans":"false","excluded":"1"
,"subitems":[]}
,{"expanded":false,"Exclusion Rule Type":"Analysis Time","UNR":"none","Index":"16","From State title":"DECODE_HWLOOP","To State title":"ELW_EXE","Score":"0","Is Reset Trans":"false","excluded":"1"
,"subitems":[]}
,{"expanded":false,"Exclusion Rule Type":"Analysis Time","UNR":"none","Index":"17","From State title":"DECODE_HWLOOP","To State title":"DBG_WAIT_BRANCH","Score":"0","Is Reset Trans":"false","excluded":"1"
,"subitems":[]}
,{"expanded":false,"Exclusion Rule Type":"None","UNR":"none","Index":"18","From State title":"FLUSH_EX","To State title":"FLUSH_WB","Score":"7027328","Is Reset Trans":"false"
,"subitems":[]}
,{"expanded":false,"Exclusion Rule Type":"Analysis Time","UNR":"none","Index":"19","From State title":"IRQ_FLUSH_ELW","To State title":"DECODE","Score":"0","Is Reset Trans":"false","excluded":"1"
,"subitems":[]}
,{"expanded":false,"Exclusion Rule Type":"Analysis Time","UNR":"none","Index":"20","From State title":"ELW_EXE","To State title":"DBG_FLUSH","Score":"0","Is Reset Trans":"false","excluded":"1"
,"subitems":[]}
,{"expanded":false,"Exclusion Rule Type":"Analysis Time","UNR":"none","Index":"21","From State title":"ELW_EXE","To State title":"IRQ_FLUSH_ELW","Score":"0","Is Reset Trans":"false","excluded":"1"
,"subitems":[]}
,{"expanded":false,"Exclusion Rule Type":"None","UNR":"none","Index":"22","From State title":"FLUSH_WB","To State title":"DECODE","Score":"6030574","Is Reset Trans":"false"
,"subitems":[]}
,{"expanded":false,"Exclusion Rule Type":"None","UNR":"none","Index":"23","From State title":"FLUSH_WB","To State title":"DBG_TAKEN_IF","Score":"96","Is Reset Trans":"false"
,"subitems":[]}
,{"expanded":false,"Exclusion Rule Type":"None","UNR":"none","Index":"24","From State title":"FLUSH_WB","To State title":"XRET_JUMP","Score":"870457","Is Reset Trans":"false"
,"subitems":[]}
,{"expanded":false,"Exclusion Rule Type":"None","UNR":"none","Index":"25","From State title":"FLUSH_WB","To State title":"WAIT_SLEEP","Score":"126199","Is Reset Trans":"false"
,"subitems":[]}
,{"expanded":false,"Exclusion Rule Type":"None","UNR":"none","Index":"26","From State title":"XRET_JUMP","To State title":"DECODE","Score":"870454","Is Reset Trans":"false"
,"subitems":[]}
,{"expanded":false,"Exclusion Rule Type":"None","UNR":"none","Index":"27","From State title":"XRET_JUMP","To State title":"DBG_TAKEN_IF","Score":"3","Is Reset Trans":"false"
,"subitems":[]}
,{"expanded":false,"Exclusion Rule Type":"None","UNR":"none","Index":"28","From State title":"DBG_WAIT_BRANCH","To State title":"DBG_FLUSH","Score":"17431","Is Reset Trans":"false"
,"subitems":[]}
,{"expanded":false,"Exclusion Rule Type":"None","UNR":"none","Index":"29","From State title":"DBG_TAKEN_ID","To State title":"DECODE","Score":"238682","Is Reset Trans":"false"
,"subitems":[]}
,{"expanded":false,"Exclusion Rule Type":"None","UNR":"none","Index":"30","From State title":"DBG_TAKEN_IF","To State title":"DECODE","Score":"165361","Is Reset Trans":"false"
,"subitems":[]}
,{"expanded":false,"Exclusion Rule Type":"Analysis Time","UNR":"none","Index":"31","From State title":"DBG_FLUSH","To State title":"FLUSH_WB","Score":"0","Is Reset Trans":"false","excluded":"1"
,"subitems":[]}
,{"expanded":false,"Exclusion Rule Type":"None","UNR":"none","Index":"32","From State title":"DBG_FLUSH","To State title":"DBG_TAKEN_ID","Score":"238682","Is Reset Trans":"false"
,"subitems":[]}
,{"expanded":false,"Exclusion Rule Type":"None","UNR":"none","Index":"33","From State title":"DBG_FLUSH","To State title":"DBG_TAKEN_IF","Score":"130315","Is Reset Trans":"false"
,"subitems":[]}
]}
]}
