{
"block_items":[],"assertion_items"
:[{"expanded":false,"Exclusion Rule Type":"None","UNR":"none","title":"__assert_3","All Average Grd":"100%","Assertion Status Grd":"100%","Enclosing Entity":"uvmt_cv32_tb.dut_wrap.cv32e40p_wrapper_i.core_i.ex_stage_i.mult_i","Source":"  assert property ("}
,{"expanded":false,"Exclusion Rule Type":"None","UNR":"none","title":"__assert_2","All Average Grd":"100%","Assertion Status Grd":"100%","Enclosing Entity":"uvmt_cv32_tb.dut_wrap.cv32e40p_wrapper_i.core_i.ex_stage_i.mult_i","Source":"  assert property ("}
,{"expanded":false,"Exclusion Rule Type":"None","UNR":"none","title":"__assert_1","All Average Grd":"100%","Assertion Status Grd":"100%","Enclosing Entity":"uvmt_cv32_tb.dut_wrap.cv32e40p_wrapper_i.core_i.ex_stage_i.mult_i","Source":"  assert property ("}
]
,"expression_items":[],"fsm_items"
:[{"expanded":false,"Exclusion Rule Type":"None","UNR":"none","title":"mulh_CS","State Average Grd":"100%","Trans Average Grd":"100%","Arc Average Grd":"n/a","Enclosing Entity":"uvmt_cv32_tb.dut_wrap.cv32e40p_wrapper_i.core_i.ex_stage_i.mult_i","Source":"  enum logic [2:0] {IDLE, STEP0, STEP1, STEP2, FINISH} mulh_CS, mulh_NS;"
,"subitems":[{"expanded":false,"Exclusion Rule Type":"None","UNR":"none","title":"IDLE","Encoding":"000","Score":"376976487","Is Reset State":"true","Source":"      IDLE: begin"}
,{"expanded":false,"Exclusion Rule Type":"None","UNR":"none","title":"STEP0","Encoding":"001","Score":"3857239","Is Reset State":"false","Source":"      STEP0: begin"}
,{"expanded":false,"Exclusion Rule Type":"None","UNR":"none","title":"STEP1","Encoding":"010","Score":"3857239","Is Reset State":"false","Source":"      STEP1: begin"}
,{"expanded":false,"Exclusion Rule Type":"None","UNR":"none","title":"STEP2","Encoding":"011","Score":"3857238","Is Reset State":"false","Source":"      STEP2: begin"}
,{"expanded":false,"Exclusion Rule Type":"None","UNR":"none","title":"FINISH","Encoding":"100","Score":"3864479","Is Reset State":"false","Source":"      FINISH: begin"}
]
,"subitems1":[{"expanded":false,"Exclusion Rule Type":"None","UNR":"none","Index":"0","From State title":"IDLE","To State title":"STEP0","Score":"3857239","Is Reset Trans":"false"
,"subitems":[]}
,{"expanded":false,"Exclusion Rule Type":"None","UNR":"none","Index":"1","From State title":"IDLE","To State title":"IDLE","Score":"373117392","Is Reset Trans":"false"
,"subitems":[]}
,{"expanded":false,"Exclusion Rule Type":"None","UNR":"none","Index":"2","From State title":"STEP0","To State title":"STEP1","Score":"3857239","Is Reset Trans":"false"
,"subitems":[]}
,{"expanded":false,"Exclusion Rule Type":"None","UNR":"none","Index":"3","From State title":"STEP1","To State title":"STEP2","Score":"3857238","Is Reset Trans":"false"
,"subitems":[]}
,{"expanded":false,"Exclusion Rule Type":"None","UNR":"none","Index":"4","From State title":"STEP2","To State title":"FINISH","Score":"3857238","Is Reset Trans":"false"
,"subitems":[]}
,{"expanded":false,"Exclusion Rule Type":"None","UNR":"none","Index":"5","From State title":"FINISH","To State title":"IDLE","Score":"3857238","Is Reset Trans":"false"
,"subitems":[]}
,{"expanded":false,"Exclusion Rule Type":"None","UNR":"none","Index":"6","From State title":"FINISH","To State title":"FINISH","Score":"7241","Is Reset Trans":"false"
,"subitems":[]}
]}
]}
