{"cover_group_items"
:[{"expanded":false,"Exclusion Rule Type":"None","UNR":"none","title":"cg_irq_entry","All Average Grd":"100%","All Cov":"81 / 81 (100%)","Enclosing Entity":"uvm_pkg.uvm_test_top.env.cov_model.interrupt_covg","Source":"    covergroup cg_irq_entry with function sample(ins_t ins);"
,"subitems":[{"expanded":false,"Exclusion Rule Type":"None","UNR":"none","title":"cp_irq","At Least":"1","All Average Grd":"100%","All Cov":"81 / 81 (100%)","Source":"        cp_irq : coverpoint ins.asm {"
,"subitems":[{"expanded":false,"Exclusion Rule Type":"None","UNR":"none","title":"auto[ADD]","All Average Grd":"100%","All Cov":"1 / 1 (100%)","Score":"121","At Least":"1","Source":"        cp_irq : coverpoint ins.asm {"}
,{"expanded":false,"Exclusion Rule Type":"None","UNR":"none","title":"auto[ADDI]","All Average Grd":"100%","All Cov":"1 / 1 (100%)","Score":"545","At Least":"1","Source":"        cp_irq : coverpoint ins.asm {"}
,{"expanded":false,"Exclusion Rule Type":"None","UNR":"none","title":"auto[AND]","All Average Grd":"100%","All Cov":"1 / 1 (100%)","Score":"129","At Least":"1","Source":"        cp_irq : coverpoint ins.asm {"}
,{"expanded":false,"Exclusion Rule Type":"None","UNR":"none","title":"auto[ANDI]","All Average Grd":"100%","All Cov":"1 / 1 (100%)","Score":"101","At Least":"1","Source":"        cp_irq : coverpoint ins.asm {"}
,{"expanded":false,"Exclusion Rule Type":"None","UNR":"none","title":"auto[AUIPC]","All Average Grd":"100%","All Cov":"1 / 1 (100%)","Score":"382","At Least":"1","Source":"        cp_irq : coverpoint ins.asm {"}
,{"expanded":false,"Exclusion Rule Type":"None","UNR":"none","title":"auto[BEQ]","All Average Grd":"100%","All Cov":"1 / 1 (100%)","Score":"142","At Least":"1","Source":"        cp_irq : coverpoint ins.asm {"}
,{"expanded":false,"Exclusion Rule Type":"None","UNR":"none","title":"auto[BGE]","All Average Grd":"100%","All Cov":"1 / 1 (100%)","Score":"224","At Least":"1","Source":"        cp_irq : coverpoint ins.asm {"}
,{"expanded":false,"Exclusion Rule Type":"None","UNR":"none","title":"auto[BGEU]","All Average Grd":"100%","All Cov":"1 / 1 (100%)","Score":"217","At Least":"1","Source":"        cp_irq : coverpoint ins.asm {"}
,{"expanded":false,"Exclusion Rule Type":"None","UNR":"none","title":"auto[BLTU]","All Average Grd":"100%","All Cov":"1 / 1 (100%)","Score":"179","At Least":"1","Source":"        cp_irq : coverpoint ins.asm {"}
,{"expanded":false,"Exclusion Rule Type":"None","UNR":"none","title":"auto[BNE]","All Average Grd":"100%","All Cov":"1 / 1 (100%)","Score":"286","At Least":"1","Source":"        cp_irq : coverpoint ins.asm {"}
,{"expanded":false,"Exclusion Rule Type":"None","UNR":"none","title":"auto[BLT]","All Average Grd":"100%","All Cov":"1 / 1 (100%)","Score":"174","At Least":"1","Source":"        cp_irq : coverpoint ins.asm {"}
,{"expanded":false,"Exclusion Rule Type":"None","UNR":"none","title":"auto[FENCE]","All Average Grd":"100%","All Cov":"1 / 1 (100%)","Score":"431","At Least":"1","Source":"        cp_irq : coverpoint ins.asm {"}
,{"expanded":false,"Exclusion Rule Type":"None","UNR":"none","title":"auto[FENCE_I]","All Average Grd":"100%","All Cov":"1 / 1 (100%)","Score":"450","At Least":"1","Source":"        cp_irq : coverpoint ins.asm {"}
,{"expanded":false,"Exclusion Rule Type":"None","UNR":"none","title":"auto[JAL]","All Average Grd":"100%","All Cov":"1 / 1 (100%)","Score":"117","At Least":"1","Source":"        cp_irq : coverpoint ins.asm {"}
,{"expanded":false,"Exclusion Rule Type":"None","UNR":"none","title":"auto[JALR]","All Average Grd":"100%","All Cov":"1 / 1 (100%)","Score":"55","At Least":"1","Source":"        cp_irq : coverpoint ins.asm {"}
,{"expanded":false,"Exclusion Rule Type":"None","UNR":"none","title":"auto[LB]","All Average Grd":"100%","All Cov":"1 / 1 (100%)","Score":"915","At Least":"1","Source":"        cp_irq : coverpoint ins.asm {"}
,{"expanded":false,"Exclusion Rule Type":"None","UNR":"none","title":"auto[LBU]","All Average Grd":"100%","All Cov":"1 / 1 (100%)","Score":"1003","At Least":"1","Source":"        cp_irq : coverpoint ins.asm {"}
,{"expanded":false,"Exclusion Rule Type":"None","UNR":"none","title":"auto[LH]","All Average Grd":"100%","All Cov":"1 / 1 (100%)","Score":"274","At Least":"1","Source":"        cp_irq : coverpoint ins.asm {"}
,{"expanded":false,"Exclusion Rule Type":"None","UNR":"none","title":"auto[LHU]","All Average Grd":"100%","All Cov":"1 / 1 (100%)","Score":"265","At Least":"1","Source":"        cp_irq : coverpoint ins.asm {"}
,{"expanded":false,"Exclusion Rule Type":"None","UNR":"none","title":"auto[LUI]","All Average Grd":"100%","All Cov":"1 / 1 (100%)","Score":"162","At Least":"1","Source":"        cp_irq : coverpoint ins.asm {"}
,{"expanded":false,"Exclusion Rule Type":"None","UNR":"none","title":"auto[LW]","All Average Grd":"100%","All Cov":"1 / 1 (100%)","Score":"210","At Least":"1","Source":"        cp_irq : coverpoint ins.asm {"}
,{"expanded":false,"Exclusion Rule Type":"None","UNR":"none","title":"auto[OR]","All Average Grd":"100%","All Cov":"1 / 1 (100%)","Score":"115","At Least":"1","Source":"        cp_irq : coverpoint ins.asm {"}
,{"expanded":false,"Exclusion Rule Type":"None","UNR":"none","title":"auto[ORI]","All Average Grd":"100%","All Cov":"1 / 1 (100%)","Score":"100","At Least":"1","Source":"        cp_irq : coverpoint ins.asm {"}
,{"expanded":false,"Exclusion Rule Type":"None","UNR":"none","title":"auto[SB]","All Average Grd":"100%","All Cov":"1 / 1 (100%)","Score":"880","At Least":"1","Source":"        cp_irq : coverpoint ins.asm {"}
,{"expanded":false,"Exclusion Rule Type":"None","UNR":"none","title":"auto[SH]","All Average Grd":"100%","All Cov":"1 / 1 (100%)","Score":"253","At Least":"1","Source":"        cp_irq : coverpoint ins.asm {"}
,{"expanded":false,"Exclusion Rule Type":"None","UNR":"none","title":"auto[SLL]","All Average Grd":"100%","All Cov":"1 / 1 (100%)","Score":"109","At Least":"1","Source":"        cp_irq : coverpoint ins.asm {"}
,{"expanded":false,"Exclusion Rule Type":"None","UNR":"none","title":"auto[SLLI]","All Average Grd":"100%","All Cov":"1 / 1 (100%)","Score":"101","At Least":"1","Source":"        cp_irq : coverpoint ins.asm {"}
,{"expanded":false,"Exclusion Rule Type":"None","UNR":"none","title":"auto[SLT]","All Average Grd":"100%","All Cov":"1 / 1 (100%)","Score":"116","At Least":"1","Source":"        cp_irq : coverpoint ins.asm {"}
,{"expanded":false,"Exclusion Rule Type":"None","UNR":"none","title":"auto[SLTI]","All Average Grd":"100%","All Cov":"1 / 1 (100%)","Score":"109","At Least":"1","Source":"        cp_irq : coverpoint ins.asm {"}
,{"expanded":false,"Exclusion Rule Type":"None","UNR":"none","title":"auto[SLTIU]","All Average Grd":"100%","All Cov":"1 / 1 (100%)","Score":"138","At Least":"1","Source":"        cp_irq : coverpoint ins.asm {"}
,{"expanded":false,"Exclusion Rule Type":"None","UNR":"none","title":"auto[SLTU]","All Average Grd":"100%","All Cov":"1 / 1 (100%)","Score":"117","At Least":"1","Source":"        cp_irq : coverpoint ins.asm {"}
,{"expanded":false,"Exclusion Rule Type":"None","UNR":"none","title":"auto[SRA]","All Average Grd":"100%","All Cov":"1 / 1 (100%)","Score":"108","At Least":"1","Source":"        cp_irq : coverpoint ins.asm {"}
,{"expanded":false,"Exclusion Rule Type":"None","UNR":"none","title":"auto[SRAI]","All Average Grd":"100%","All Cov":"1 / 1 (100%)","Score":"93","At Least":"1","Source":"        cp_irq : coverpoint ins.asm {"}
,{"expanded":false,"Exclusion Rule Type":"None","UNR":"none","title":"auto[SRL]","All Average Grd":"100%","All Cov":"1 / 1 (100%)","Score":"95","At Least":"1","Source":"        cp_irq : coverpoint ins.asm {"}
,{"expanded":false,"Exclusion Rule Type":"None","UNR":"none","title":"auto[SRLI]","All Average Grd":"100%","All Cov":"1 / 1 (100%)","Score":"131","At Least":"1","Source":"        cp_irq : coverpoint ins.asm {"}
,{"expanded":false,"Exclusion Rule Type":"None","UNR":"none","title":"auto[SUB]","All Average Grd":"100%","All Cov":"1 / 1 (100%)","Score":"108","At Least":"1","Source":"        cp_irq : coverpoint ins.asm {"}
,{"expanded":false,"Exclusion Rule Type":"None","UNR":"none","title":"auto[SW]","All Average Grd":"100%","All Cov":"1 / 1 (100%)","Score":"95","At Least":"1","Source":"        cp_irq : coverpoint ins.asm {"}
,{"expanded":false,"Exclusion Rule Type":"None","UNR":"none","title":"auto[XOR]","All Average Grd":"100%","All Cov":"1 / 1 (100%)","Score":"107","At Least":"1","Source":"        cp_irq : coverpoint ins.asm {"}
,{"expanded":false,"Exclusion Rule Type":"None","UNR":"none","title":"auto[XORI]","All Average Grd":"100%","All Cov":"1 / 1 (100%)","Score":"122","At Least":"1","Source":"        cp_irq : coverpoint ins.asm {"}
,{"expanded":false,"Exclusion Rule Type":"None","UNR":"none","title":"auto[MUL]","All Average Grd":"100%","All Cov":"1 / 1 (100%)","Score":"127","At Least":"1","Source":"        cp_irq : coverpoint ins.asm {"}
,{"expanded":false,"Exclusion Rule Type":"None","UNR":"none","title":"auto[MULH]","All Average Grd":"100%","All Cov":"1 / 1 (100%)","Score":"442","At Least":"1","Source":"        cp_irq : coverpoint ins.asm {"}
,{"expanded":false,"Exclusion Rule Type":"None","UNR":"none","title":"auto[MULHU]","All Average Grd":"100%","All Cov":"1 / 1 (100%)","Score":"414","At Least":"1","Source":"        cp_irq : coverpoint ins.asm {"}
,{"expanded":false,"Exclusion Rule Type":"None","UNR":"none","title":"auto[MULHSU]","All Average Grd":"100%","All Cov":"1 / 1 (100%)","Score":"397","At Least":"1","Source":"        cp_irq : coverpoint ins.asm {"}
,{"expanded":false,"Exclusion Rule Type":"None","UNR":"none","title":"auto[DIV]","All Average Grd":"100%","All Cov":"1 / 1 (100%)","Score":"1885","At Least":"1","Source":"        cp_irq : coverpoint ins.asm {"}
,{"expanded":false,"Exclusion Rule Type":"None","UNR":"none","title":"auto[REM]","All Average Grd":"100%","All Cov":"1 / 1 (100%)","Score":"1816","At Least":"1","Source":"        cp_irq : coverpoint ins.asm {"}
,{"expanded":false,"Exclusion Rule Type":"None","UNR":"none","title":"auto[DIVU]","All Average Grd":"100%","All Cov":"1 / 1 (100%)","Score":"1595","At Least":"1","Source":"        cp_irq : coverpoint ins.asm {"}
,{"expanded":false,"Exclusion Rule Type":"None","UNR":"none","title":"auto[REMU]","All Average Grd":"100%","All Cov":"1 / 1 (100%)","Score":"1645","At Least":"1","Source":"        cp_irq : coverpoint ins.asm {"}
,{"expanded":false,"Exclusion Rule Type":"None","UNR":"none","title":"auto[WFI]","All Average Grd":"100%","All Cov":"1 / 1 (100%)","Score":"60887","At Least":"1","Source":"        cp_irq : coverpoint ins.asm {"}
,{"expanded":false,"Exclusion Rule Type":"None","UNR":"none","title":"auto[MRET]","All Average Grd":"100%","All Cov":"1 / 1 (100%)","Score":"351004","At Least":"1","Source":"        cp_irq : coverpoint ins.asm {"}
,{"expanded":false,"Exclusion Rule Type":"None","UNR":"none","title":"auto[DRET]","All Average Grd":"100%","All Cov":"1 / 1 (100%)","Score":"4514","At Least":"1","Source":"        cp_irq : coverpoint ins.asm {"}
,{"expanded":false,"Exclusion Rule Type":"None","UNR":"none","title":"auto[CSRRW]","All Average Grd":"100%","All Cov":"1 / 1 (100%)","Score":"3936","At Least":"1","Source":"        cp_irq : coverpoint ins.asm {"}
,{"expanded":false,"Exclusion Rule Type":"None","UNR":"none","title":"auto[CSRRC]","All Average Grd":"100%","All Cov":"1 / 1 (100%)","Score":"108","At Least":"1","Source":"        cp_irq : coverpoint ins.asm {"}
,{"expanded":false,"Exclusion Rule Type":"None","UNR":"none","title":"auto[CSRRS]","All Average Grd":"100%","All Cov":"1 / 1 (100%)","Score":"535","At Least":"1","Source":"        cp_irq : coverpoint ins.asm {"}
,{"expanded":false,"Exclusion Rule Type":"None","UNR":"none","title":"auto[CSRRCI]","All Average Grd":"100%","All Cov":"1 / 1 (100%)","Score":"115","At Least":"1","Source":"        cp_irq : coverpoint ins.asm {"}
,{"expanded":false,"Exclusion Rule Type":"None","UNR":"none","title":"auto[CSRRSI]","All Average Grd":"100%","All Cov":"1 / 1 (100%)","Score":"17646","At Least":"1","Source":"        cp_irq : coverpoint ins.asm {"}
,{"expanded":false,"Exclusion Rule Type":"None","UNR":"none","title":"auto[CSRRWI]","All Average Grd":"100%","All Cov":"1 / 1 (100%)","Score":"122","At Least":"1","Source":"        cp_irq : coverpoint ins.asm {"}
,{"expanded":false,"Exclusion Rule Type":"None","UNR":"none","title":"auto[C_LWSP]","All Average Grd":"100%","All Cov":"1 / 1 (100%)","Score":"52","At Least":"1","Source":"        cp_irq : coverpoint ins.asm {"}
,{"expanded":false,"Exclusion Rule Type":"None","UNR":"none","title":"auto[C_SWSP]","All Average Grd":"100%","All Cov":"1 / 1 (100%)","Score":"47","At Least":"1","Source":"        cp_irq : coverpoint ins.asm {"}
,{"expanded":false,"Exclusion Rule Type":"None","UNR":"none","title":"auto[C_LW]","All Average Grd":"100%","All Cov":"1 / 1 (100%)","Score":"23","At Least":"1","Source":"        cp_irq : coverpoint ins.asm {"}
,{"expanded":false,"Exclusion Rule Type":"None","UNR":"none","title":"auto[C_SW]","All Average Grd":"100%","All Cov":"1 / 1 (100%)","Score":"17","At Least":"1","Source":"        cp_irq : coverpoint ins.asm {"}
,{"expanded":false,"Exclusion Rule Type":"None","UNR":"none","title":"auto[C_BEQZ]","All Average Grd":"100%","All Cov":"1 / 1 (100%)","Score":"137","At Least":"1","Source":"        cp_irq : coverpoint ins.asm {"}
,{"expanded":false,"Exclusion Rule Type":"None","UNR":"none","title":"auto[C_BNEZ]","All Average Grd":"100%","All Cov":"1 / 1 (100%)","Score":"187","At Least":"1","Source":"        cp_irq : coverpoint ins.asm {"}
,{"expanded":false,"Exclusion Rule Type":"None","UNR":"none","title":"auto[C_J]","All Average Grd":"100%","All Cov":"1 / 1 (100%)","Score":"77","At Least":"1","Source":"        cp_irq : coverpoint ins.asm {"}
,{"expanded":false,"Exclusion Rule Type":"None","UNR":"none","title":"auto[C_JR]","All Average Grd":"100%","All Cov":"1 / 1 (100%)","Score":"42","At Least":"1","Source":"        cp_irq : coverpoint ins.asm {"}
,{"expanded":false,"Exclusion Rule Type":"None","UNR":"none","title":"auto[C_JAL]","All Average Grd":"100%","All Cov":"1 / 1 (100%)","Score":"100","At Least":"1","Source":"        cp_irq : coverpoint ins.asm {"}
,{"expanded":false,"Exclusion Rule Type":"None","UNR":"none","title":"auto[C_JALR]","All Average Grd":"100%","All Cov":"1 / 1 (100%)","Score":"22","At Least":"1","Source":"        cp_irq : coverpoint ins.asm {"}
,{"expanded":false,"Exclusion Rule Type":"None","UNR":"none","title":"auto[C_LI]","All Average Grd":"100%","All Cov":"1 / 1 (100%)","Score":"122","At Least":"1","Source":"        cp_irq : coverpoint ins.asm {"}
,{"expanded":false,"Exclusion Rule Type":"None","UNR":"none","title":"auto[C_LUI]","All Average Grd":"100%","All Cov":"1 / 1 (100%)","Score":"98","At Least":"1","Source":"        cp_irq : coverpoint ins.asm {"}
,{"expanded":false,"Exclusion Rule Type":"None","UNR":"none","title":"auto[C_ADDI]","All Average Grd":"100%","All Cov":"1 / 1 (100%)","Score":"387","At Least":"1","Source":"        cp_irq : coverpoint ins.asm {"}
,{"expanded":false,"Exclusion Rule Type":"None","UNR":"none","title":"auto[C_ADDI16SP]","All Average Grd":"100%","All Cov":"1 / 1 (100%)","Score":"79","At Least":"1","Source":"        cp_irq : coverpoint ins.asm {"}
,{"expanded":false,"Exclusion Rule Type":"None","UNR":"none","title":"auto[C_ADDI4SPN]","All Average Grd":"100%","All Cov":"1 / 1 (100%)","Score":"93","At Least":"1","Source":"        cp_irq : coverpoint ins.asm {"}
,{"expanded":false,"Exclusion Rule Type":"None","UNR":"none","title":"auto[C_MV]","All Average Grd":"100%","All Cov":"1 / 1 (100%)","Score":"106","At Least":"1","Source":"        cp_irq : coverpoint ins.asm {"}
,{"expanded":false,"Exclusion Rule Type":"None","UNR":"none","title":"auto[C_SLLI]","All Average Grd":"100%","All Cov":"1 / 1 (100%)","Score":"97","At Least":"1","Source":"        cp_irq : coverpoint ins.asm {"}
,{"expanded":false,"Exclusion Rule Type":"None","UNR":"none","title":"auto[C_SRLI]","All Average Grd":"100%","All Cov":"1 / 1 (100%)","Score":"111","At Least":"1","Source":"        cp_irq : coverpoint ins.asm {"}
,{"expanded":false,"Exclusion Rule Type":"None","UNR":"none","title":"auto[C_SRAI]","All Average Grd":"100%","All Cov":"1 / 1 (100%)","Score":"109","At Least":"1","Source":"        cp_irq : coverpoint ins.asm {"}
,{"expanded":false,"Exclusion Rule Type":"None","UNR":"none","title":"auto[C_ANDI]","All Average Grd":"100%","All Cov":"1 / 1 (100%)","Score":"96","At Least":"1","Source":"        cp_irq : coverpoint ins.asm {"}
,{"expanded":false,"Exclusion Rule Type":"None","UNR":"none","title":"auto[C_ADD]","All Average Grd":"100%","All Cov":"1 / 1 (100%)","Score":"107","At Least":"1","Source":"        cp_irq : coverpoint ins.asm {"}
,{"expanded":false,"Exclusion Rule Type":"None","UNR":"none","title":"auto[C_AND]","All Average Grd":"100%","All Cov":"1 / 1 (100%)","Score":"106","At Least":"1","Source":"        cp_irq : coverpoint ins.asm {"}
,{"expanded":false,"Exclusion Rule Type":"None","UNR":"none","title":"auto[C_OR]","All Average Grd":"100%","All Cov":"1 / 1 (100%)","Score":"114","At Least":"1","Source":"        cp_irq : coverpoint ins.asm {"}
,{"expanded":false,"Exclusion Rule Type":"None","UNR":"none","title":"auto[C_XOR]","All Average Grd":"100%","All Cov":"1 / 1 (100%)","Score":"89","At Least":"1","Source":"        cp_irq : coverpoint ins.asm {"}
,{"expanded":false,"Exclusion Rule Type":"None","UNR":"none","title":"auto[C_SUB]","All Average Grd":"100%","All Cov":"1 / 1 (100%)","Score":"124","At Least":"1","Source":"        cp_irq : coverpoint ins.asm {"}
],"columns":""}
]}
,{"expanded":false,"Exclusion Rule Type":"None","UNR":"none","title":"cg_wfi_entry","All Average Grd":"100%","All Cov":"84 / 84 (100%)","Enclosing Entity":"uvm_pkg.uvm_test_top.env.cov_model.interrupt_covg","Source":"    covergroup cg_wfi_entry with function sample(ins_t ins);"
,"subitems":[{"expanded":false,"Exclusion Rule Type":"None","UNR":"none","title":"cp_wfi","At Least":"1","All Average Grd":"100%","All Cov":"84 / 84 (100%)","Source":"        cp_wfi : coverpoint ins.asm {"
,"subitems":[{"expanded":false,"Exclusion Rule Type":"None","UNR":"none","title":"auto[ADD]","All Average Grd":"100%","All Cov":"1 / 1 (100%)","Score":"13038","At Least":"1","Source":"        cp_wfi : coverpoint ins.asm {"}
,{"expanded":false,"Exclusion Rule Type":"None","UNR":"none","title":"auto[ADDI]","All Average Grd":"100%","All Cov":"1 / 1 (100%)","Score":"72933","At Least":"1","Source":"        cp_wfi : coverpoint ins.asm {"}
,{"expanded":false,"Exclusion Rule Type":"None","UNR":"none","title":"auto[AND]","All Average Grd":"100%","All Cov":"1 / 1 (100%)","Score":"13521","At Least":"1","Source":"        cp_wfi : coverpoint ins.asm {"}
,{"expanded":false,"Exclusion Rule Type":"None","UNR":"none","title":"auto[ANDI]","All Average Grd":"100%","All Cov":"1 / 1 (100%)","Score":"7440","At Least":"1","Source":"        cp_wfi : coverpoint ins.asm {"}
,{"expanded":false,"Exclusion Rule Type":"None","UNR":"none","title":"auto[AUIPC]","All Average Grd":"100%","All Cov":"1 / 1 (100%)","Score":"15166","At Least":"1","Source":"        cp_wfi : coverpoint ins.asm {"}
,{"expanded":false,"Exclusion Rule Type":"None","UNR":"none","title":"auto[BEQ]","All Average Grd":"100%","All Cov":"1 / 1 (100%)","Score":"17407","At Least":"1","Source":"        cp_wfi : coverpoint ins.asm {"}
,{"expanded":false,"Exclusion Rule Type":"None","UNR":"none","title":"auto[BGE]","All Average Grd":"100%","All Cov":"1 / 1 (100%)","Score":"12086","At Least":"1","Source":"        cp_wfi : coverpoint ins.asm {"}
,{"expanded":false,"Exclusion Rule Type":"None","UNR":"none","title":"auto[BGEU]","All Average Grd":"100%","All Cov":"1 / 1 (100%)","Score":"13186","At Least":"1","Source":"        cp_wfi : coverpoint ins.asm {"}
,{"expanded":false,"Exclusion Rule Type":"None","UNR":"none","title":"auto[BLTU]","All Average Grd":"100%","All Cov":"1 / 1 (100%)","Score":"10424","At Least":"1","Source":"        cp_wfi : coverpoint ins.asm {"}
,{"expanded":false,"Exclusion Rule Type":"None","UNR":"none","title":"auto[BNE]","All Average Grd":"100%","All Cov":"1 / 1 (100%)","Score":"18395","At Least":"1","Source":"        cp_wfi : coverpoint ins.asm {"}
,{"expanded":false,"Exclusion Rule Type":"None","UNR":"none","title":"auto[BLT]","All Average Grd":"100%","All Cov":"1 / 1 (100%)","Score":"15328","At Least":"1","Source":"        cp_wfi : coverpoint ins.asm {"}
,{"expanded":false,"Exclusion Rule Type":"None","UNR":"none","title":"auto[FENCE]","All Average Grd":"100%","All Cov":"1 / 1 (100%)","Score":"3256","At Least":"1","Source":"        cp_wfi : coverpoint ins.asm {"}
,{"expanded":false,"Exclusion Rule Type":"None","UNR":"none","title":"auto[FENCE_I]","All Average Grd":"100%","All Cov":"1 / 1 (100%)","Score":"3791","At Least":"1","Source":"        cp_wfi : coverpoint ins.asm {"}
,{"expanded":false,"Exclusion Rule Type":"None","UNR":"none","title":"auto[EBREAK]","All Average Grd":"100%","All Cov":"1 / 1 (100%)","Score":"11996","At Least":"1","Source":"        cp_wfi : coverpoint ins.asm {"}
,{"expanded":false,"Exclusion Rule Type":"None","UNR":"none","title":"auto[ECALL]","All Average Grd":"100%","All Cov":"1 / 1 (100%)","Score":"19","At Least":"1","Source":"        cp_wfi : coverpoint ins.asm {"}
,{"expanded":false,"Exclusion Rule Type":"None","UNR":"none","title":"auto[JAL]","All Average Grd":"100%","All Cov":"1 / 1 (100%)","Score":"64790","At Least":"1","Source":"        cp_wfi : coverpoint ins.asm {"}
,{"expanded":false,"Exclusion Rule Type":"None","UNR":"none","title":"auto[JALR]","All Average Grd":"100%","All Cov":"1 / 1 (100%)","Score":"79","At Least":"1","Source":"        cp_wfi : coverpoint ins.asm {"}
,{"expanded":false,"Exclusion Rule Type":"None","UNR":"none","title":"auto[LB]","All Average Grd":"100%","All Cov":"1 / 1 (100%)","Score":"8574","At Least":"1","Source":"        cp_wfi : coverpoint ins.asm {"}
,{"expanded":false,"Exclusion Rule Type":"None","UNR":"none","title":"auto[LBU]","All Average Grd":"100%","All Cov":"1 / 1 (100%)","Score":"8452","At Least":"1","Source":"        cp_wfi : coverpoint ins.asm {"}
,{"expanded":false,"Exclusion Rule Type":"None","UNR":"none","title":"auto[LH]","All Average Grd":"100%","All Cov":"1 / 1 (100%)","Score":"2357","At Least":"1","Source":"        cp_wfi : coverpoint ins.asm {"}
,{"expanded":false,"Exclusion Rule Type":"None","UNR":"none","title":"auto[LHU]","All Average Grd":"100%","All Cov":"1 / 1 (100%)","Score":"2375","At Least":"1","Source":"        cp_wfi : coverpoint ins.asm {"}
,{"expanded":false,"Exclusion Rule Type":"None","UNR":"none","title":"auto[LUI]","All Average Grd":"100%","All Cov":"1 / 1 (100%)","Score":"7948","At Least":"1","Source":"        cp_wfi : coverpoint ins.asm {"}
,{"expanded":false,"Exclusion Rule Type":"None","UNR":"none","title":"auto[LW]","All Average Grd":"100%","All Cov":"1 / 1 (100%)","Score":"1554","At Least":"1","Source":"        cp_wfi : coverpoint ins.asm {"}
,{"expanded":false,"Exclusion Rule Type":"None","UNR":"none","title":"auto[OR]","All Average Grd":"100%","All Cov":"1 / 1 (100%)","Score":"11258","At Least":"1","Source":"        cp_wfi : coverpoint ins.asm {"}
,{"expanded":false,"Exclusion Rule Type":"None","UNR":"none","title":"auto[ORI]","All Average Grd":"100%","All Cov":"1 / 1 (100%)","Score":"23600","At Least":"1","Source":"        cp_wfi : coverpoint ins.asm {"}
,{"expanded":false,"Exclusion Rule Type":"None","UNR":"none","title":"auto[SB]","All Average Grd":"100%","All Cov":"1 / 1 (100%)","Score":"8421","At Least":"1","Source":"        cp_wfi : coverpoint ins.asm {"}
,{"expanded":false,"Exclusion Rule Type":"None","UNR":"none","title":"auto[SH]","All Average Grd":"100%","All Cov":"1 / 1 (100%)","Score":"2409","At Least":"1","Source":"        cp_wfi : coverpoint ins.asm {"}
,{"expanded":false,"Exclusion Rule Type":"None","UNR":"none","title":"auto[SLL]","All Average Grd":"100%","All Cov":"1 / 1 (100%)","Score":"19639","At Least":"1","Source":"        cp_wfi : coverpoint ins.asm {"}
,{"expanded":false,"Exclusion Rule Type":"None","UNR":"none","title":"auto[SLLI]","All Average Grd":"100%","All Cov":"1 / 1 (100%)","Score":"20048","At Least":"1","Source":"        cp_wfi : coverpoint ins.asm {"}
,{"expanded":false,"Exclusion Rule Type":"None","UNR":"none","title":"auto[SLT]","All Average Grd":"100%","All Cov":"1 / 1 (100%)","Score":"11925","At Least":"1","Source":"        cp_wfi : coverpoint ins.asm {"}
,{"expanded":false,"Exclusion Rule Type":"None","UNR":"none","title":"auto[SLTI]","All Average Grd":"100%","All Cov":"1 / 1 (100%)","Score":"13952","At Least":"1","Source":"        cp_wfi : coverpoint ins.asm {"}
,{"expanded":false,"Exclusion Rule Type":"None","UNR":"none","title":"auto[SLTIU]","All Average Grd":"100%","All Cov":"1 / 1 (100%)","Score":"17376","At Least":"1","Source":"        cp_wfi : coverpoint ins.asm {"}
,{"expanded":false,"Exclusion Rule Type":"None","UNR":"none","title":"auto[SLTU]","All Average Grd":"100%","All Cov":"1 / 1 (100%)","Score":"10791","At Least":"1","Source":"        cp_wfi : coverpoint ins.asm {"}
,{"expanded":false,"Exclusion Rule Type":"None","UNR":"none","title":"auto[SRA]","All Average Grd":"100%","All Cov":"1 / 1 (100%)","Score":"10983","At Least":"1","Source":"        cp_wfi : coverpoint ins.asm {"}
,{"expanded":false,"Exclusion Rule Type":"None","UNR":"none","title":"auto[SRAI]","All Average Grd":"100%","All Cov":"1 / 1 (100%)","Score":"20361","At Least":"1","Source":"        cp_wfi : coverpoint ins.asm {"}
,{"expanded":false,"Exclusion Rule Type":"None","UNR":"none","title":"auto[SRL]","All Average Grd":"100%","All Cov":"1 / 1 (100%)","Score":"19809","At Least":"1","Source":"        cp_wfi : coverpoint ins.asm {"}
,{"expanded":false,"Exclusion Rule Type":"None","UNR":"none","title":"auto[SRLI]","All Average Grd":"100%","All Cov":"1 / 1 (100%)","Score":"22607","At Least":"1","Source":"        cp_wfi : coverpoint ins.asm {"}
,{"expanded":false,"Exclusion Rule Type":"None","UNR":"none","title":"auto[SUB]","All Average Grd":"100%","All Cov":"1 / 1 (100%)","Score":"8818","At Least":"1","Source":"        cp_wfi : coverpoint ins.asm {"}
,{"expanded":false,"Exclusion Rule Type":"None","UNR":"none","title":"auto[SW]","All Average Grd":"100%","All Cov":"1 / 1 (100%)","Score":"1726","At Least":"1","Source":"        cp_wfi : coverpoint ins.asm {"}
,{"expanded":false,"Exclusion Rule Type":"None","UNR":"none","title":"auto[XOR]","All Average Grd":"100%","All Cov":"1 / 1 (100%)","Score":"10430","At Least":"1","Source":"        cp_wfi : coverpoint ins.asm {"}
,{"expanded":false,"Exclusion Rule Type":"None","UNR":"none","title":"auto[XORI]","All Average Grd":"100%","All Cov":"1 / 1 (100%)","Score":"13374","At Least":"1","Source":"        cp_wfi : coverpoint ins.asm {"}
,{"expanded":false,"Exclusion Rule Type":"None","UNR":"none","title":"auto[MUL]","All Average Grd":"100%","All Cov":"1 / 1 (100%)","Score":"13362","At Least":"1","Source":"        cp_wfi : coverpoint ins.asm {"}
,{"expanded":false,"Exclusion Rule Type":"None","UNR":"none","title":"auto[MULH]","All Average Grd":"100%","All Cov":"1 / 1 (100%)","Score":"24602","At Least":"1","Source":"        cp_wfi : coverpoint ins.asm {"}
,{"expanded":false,"Exclusion Rule Type":"None","UNR":"none","title":"auto[MULHU]","All Average Grd":"100%","All Cov":"1 / 1 (100%)","Score":"15545","At Least":"1","Source":"        cp_wfi : coverpoint ins.asm {"}
,{"expanded":false,"Exclusion Rule Type":"None","UNR":"none","title":"auto[MULHSU]","All Average Grd":"100%","All Cov":"1 / 1 (100%)","Score":"8921","At Least":"1","Source":"        cp_wfi : coverpoint ins.asm {"}
,{"expanded":false,"Exclusion Rule Type":"None","UNR":"none","title":"auto[DIV]","All Average Grd":"100%","All Cov":"1 / 1 (100%)","Score":"10593","At Least":"1","Source":"        cp_wfi : coverpoint ins.asm {"}
,{"expanded":false,"Exclusion Rule Type":"None","UNR":"none","title":"auto[REM]","All Average Grd":"100%","All Cov":"1 / 1 (100%)","Score":"4892","At Least":"1","Source":"        cp_wfi : coverpoint ins.asm {"}
,{"expanded":false,"Exclusion Rule Type":"None","UNR":"none","title":"auto[DIVU]","All Average Grd":"100%","All Cov":"1 / 1 (100%)","Score":"14523","At Least":"1","Source":"        cp_wfi : coverpoint ins.asm {"}
,{"expanded":false,"Exclusion Rule Type":"None","UNR":"none","title":"auto[REMU]","All Average Grd":"100%","All Cov":"1 / 1 (100%)","Score":"10961","At Least":"1","Source":"        cp_wfi : coverpoint ins.asm {"}
,{"expanded":false,"Exclusion Rule Type":"None","UNR":"none","title":"auto[WFI]","All Average Grd":"100%","All Cov":"1 / 1 (100%)","Score":"39582","At Least":"1","Source":"        cp_wfi : coverpoint ins.asm {"}
,{"expanded":false,"Exclusion Rule Type":"None","UNR":"none","title":"auto[MRET]","All Average Grd":"100%","All Cov":"1 / 1 (100%)","Score":"14116","At Least":"1","Source":"        cp_wfi : coverpoint ins.asm {"}
,{"expanded":false,"Exclusion Rule Type":"None","UNR":"none","title":"auto[DRET]","All Average Grd":"100%","All Cov":"1 / 1 (100%)","Score":"9059","At Least":"1","Source":"        cp_wfi : coverpoint ins.asm {"}
,{"expanded":false,"Exclusion Rule Type":"None","UNR":"none","title":"auto[CSRRW]","All Average Grd":"100%","All Cov":"1 / 1 (100%)","Score":"895","At Least":"1","Source":"        cp_wfi : coverpoint ins.asm {"}
,{"expanded":false,"Exclusion Rule Type":"None","UNR":"none","title":"auto[CSRRC]","All Average Grd":"100%","All Cov":"1 / 1 (100%)","Score":"774","At Least":"1","Source":"        cp_wfi : coverpoint ins.asm {"}
,{"expanded":false,"Exclusion Rule Type":"None","UNR":"none","title":"auto[CSRRS]","All Average Grd":"100%","All Cov":"1 / 1 (100%)","Score":"13520","At Least":"1","Source":"        cp_wfi : coverpoint ins.asm {"}
,{"expanded":false,"Exclusion Rule Type":"None","UNR":"none","title":"auto[CSRRCI]","All Average Grd":"100%","All Cov":"1 / 1 (100%)","Score":"895","At Least":"1","Source":"        cp_wfi : coverpoint ins.asm {"}
,{"expanded":false,"Exclusion Rule Type":"None","UNR":"none","title":"auto[CSRRSI]","All Average Grd":"100%","All Cov":"1 / 1 (100%)","Score":"891","At Least":"1","Source":"        cp_wfi : coverpoint ins.asm {"}
,{"expanded":false,"Exclusion Rule Type":"None","UNR":"none","title":"auto[CSRRWI]","All Average Grd":"100%","All Cov":"1 / 1 (100%)","Score":"2659","At Least":"1","Source":"        cp_wfi : coverpoint ins.asm {"}
,{"expanded":false,"Exclusion Rule Type":"None","UNR":"none","title":"auto[C_LWSP]","All Average Grd":"100%","All Cov":"1 / 1 (100%)","Score":"721","At Least":"1","Source":"        cp_wfi : coverpoint ins.asm {"}
,{"expanded":false,"Exclusion Rule Type":"None","UNR":"none","title":"auto[C_SWSP]","All Average Grd":"100%","All Cov":"1 / 1 (100%)","Score":"744","At Least":"1","Source":"        cp_wfi : coverpoint ins.asm {"}
,{"expanded":false,"Exclusion Rule Type":"None","UNR":"none","title":"auto[C_LW]","All Average Grd":"100%","All Cov":"1 / 1 (100%)","Score":"303","At Least":"1","Source":"        cp_wfi : coverpoint ins.asm {"}
,{"expanded":false,"Exclusion Rule Type":"None","UNR":"none","title":"auto[C_SW]","All Average Grd":"100%","All Cov":"1 / 1 (100%)","Score":"401","At Least":"1","Source":"        cp_wfi : coverpoint ins.asm {"}
,{"expanded":false,"Exclusion Rule Type":"None","UNR":"none","title":"auto[C_BEQZ]","All Average Grd":"100%","All Cov":"1 / 1 (100%)","Score":"12091","At Least":"1","Source":"        cp_wfi : coverpoint ins.asm {"}
,{"expanded":false,"Exclusion Rule Type":"None","UNR":"none","title":"auto[C_BNEZ]","All Average Grd":"100%","All Cov":"1 / 1 (100%)","Score":"10792","At Least":"1","Source":"        cp_wfi : coverpoint ins.asm {"}
,{"expanded":false,"Exclusion Rule Type":"None","UNR":"none","title":"auto[C_J]","All Average Grd":"100%","All Cov":"1 / 1 (100%)","Score":"178","At Least":"1","Source":"        cp_wfi : coverpoint ins.asm {"}
,{"expanded":false,"Exclusion Rule Type":"None","UNR":"none","title":"auto[C_JR]","All Average Grd":"100%","All Cov":"1 / 1 (100%)","Score":"42","At Least":"1","Source":"        cp_wfi : coverpoint ins.asm {"}
,{"expanded":false,"Exclusion Rule Type":"None","UNR":"none","title":"auto[C_JAL]","All Average Grd":"100%","All Cov":"1 / 1 (100%)","Score":"177","At Least":"1","Source":"        cp_wfi : coverpoint ins.asm {"}
,{"expanded":false,"Exclusion Rule Type":"None","UNR":"none","title":"auto[C_JALR]","All Average Grd":"100%","All Cov":"1 / 1 (100%)","Score":"72","At Least":"1","Source":"        cp_wfi : coverpoint ins.asm {"}
,{"expanded":false,"Exclusion Rule Type":"None","UNR":"none","title":"auto[C_LI]","All Average Grd":"100%","All Cov":"1 / 1 (100%)","Score":"8532","At Least":"1","Source":"        cp_wfi : coverpoint ins.asm {"}
,{"expanded":false,"Exclusion Rule Type":"None","UNR":"none","title":"auto[C_LUI]","All Average Grd":"100%","All Cov":"1 / 1 (100%)","Score":"12284","At Least":"1","Source":"        cp_wfi : coverpoint ins.asm {"}
,{"expanded":false,"Exclusion Rule Type":"None","UNR":"none","title":"auto[C_ADDI]","All Average Grd":"100%","All Cov":"1 / 1 (100%)","Score":"30671","At Least":"1","Source":"        cp_wfi : coverpoint ins.asm {"}
,{"expanded":false,"Exclusion Rule Type":"None","UNR":"none","title":"auto[C_ADDI16SP]","All Average Grd":"100%","All Cov":"1 / 1 (100%)","Score":"22268","At Least":"1","Source":"        cp_wfi : coverpoint ins.asm {"}
,{"expanded":false,"Exclusion Rule Type":"None","UNR":"none","title":"auto[C_ADDI4SPN]","All Average Grd":"100%","All Cov":"1 / 1 (100%)","Score":"4004","At Least":"1","Source":"        cp_wfi : coverpoint ins.asm {"}
,{"expanded":false,"Exclusion Rule Type":"None","UNR":"none","title":"auto[C_MV]","All Average Grd":"100%","All Cov":"1 / 1 (100%)","Score":"26505","At Least":"1","Source":"        cp_wfi : coverpoint ins.asm {"}
,{"expanded":false,"Exclusion Rule Type":"None","UNR":"none","title":"auto[C_SLLI]","All Average Grd":"100%","All Cov":"1 / 1 (100%)","Score":"5524","At Least":"1","Source":"        cp_wfi : coverpoint ins.asm {"}
,{"expanded":false,"Exclusion Rule Type":"None","UNR":"none","title":"auto[C_SRLI]","All Average Grd":"100%","All Cov":"1 / 1 (100%)","Score":"17135","At Least":"1","Source":"        cp_wfi : coverpoint ins.asm {"}
,{"expanded":false,"Exclusion Rule Type":"None","UNR":"none","title":"auto[C_SRAI]","All Average Grd":"100%","All Cov":"1 / 1 (100%)","Score":"15743","At Least":"1","Source":"        cp_wfi : coverpoint ins.asm {"}
,{"expanded":false,"Exclusion Rule Type":"None","UNR":"none","title":"auto[C_ANDI]","All Average Grd":"100%","All Cov":"1 / 1 (100%)","Score":"14684","At Least":"1","Source":"        cp_wfi : coverpoint ins.asm {"}
,{"expanded":false,"Exclusion Rule Type":"None","UNR":"none","title":"auto[C_ADD]","All Average Grd":"100%","All Cov":"1 / 1 (100%)","Score":"13848","At Least":"1","Source":"        cp_wfi : coverpoint ins.asm {"}
,{"expanded":false,"Exclusion Rule Type":"None","UNR":"none","title":"auto[C_AND]","All Average Grd":"100%","All Cov":"1 / 1 (100%)","Score":"20079","At Least":"1","Source":"        cp_wfi : coverpoint ins.asm {"}
,{"expanded":false,"Exclusion Rule Type":"None","UNR":"none","title":"auto[C_OR]","All Average Grd":"100%","All Cov":"1 / 1 (100%)","Score":"16407","At Least":"1","Source":"        cp_wfi : coverpoint ins.asm {"}
,{"expanded":false,"Exclusion Rule Type":"None","UNR":"none","title":"auto[C_XOR]","All Average Grd":"100%","All Cov":"1 / 1 (100%)","Score":"16475","At Least":"1","Source":"        cp_wfi : coverpoint ins.asm {"}
,{"expanded":false,"Exclusion Rule Type":"None","UNR":"none","title":"auto[C_SUB]","All Average Grd":"100%","All Cov":"1 / 1 (100%)","Score":"21759","At Least":"1","Source":"        cp_wfi : coverpoint ins.asm {"}
,{"expanded":false,"Exclusion Rule Type":"None","UNR":"none","title":"auto[C_EBREAK]","All Average Grd":"100%","All Cov":"1 / 1 (100%)","Score":"12281","At Least":"1","Source":"        cp_wfi : coverpoint ins.asm {"}
],"columns":""}
]}
,{"expanded":false,"Exclusion Rule Type":"None","UNR":"none","title":"cg_irq_exit","All Average Grd":"100%","All Cov":"82 / 82 (100%)","Enclosing Entity":"uvm_pkg.uvm_test_top.env.cov_model.interrupt_covg","Source":"    covergroup cg_irq_exit with function sample(ins_t ins);"
,"subitems":[{"expanded":false,"Exclusion Rule Type":"None","UNR":"none","title":"cp_irq","At Least":"1","All Average Grd":"100%","All Cov":"82 / 82 (100%)","Source":"        cp_irq : coverpoint ins.asm {"
,"subitems":[{"expanded":false,"Exclusion Rule Type":"None","UNR":"none","title":"auto[ADD]","All Average Grd":"100%","All Cov":"1 / 1 (100%)","Score":"753","At Least":"1","Source":"        cp_irq : coverpoint ins.asm {"}
,{"expanded":false,"Exclusion Rule Type":"None","UNR":"none","title":"auto[ADDI]","All Average Grd":"100%","All Cov":"1 / 1 (100%)","Score":"1544","At Least":"1","Source":"        cp_irq : coverpoint ins.asm {"}
,{"expanded":false,"Exclusion Rule Type":"None","UNR":"none","title":"auto[AND]","All Average Grd":"100%","All Cov":"1 / 1 (100%)","Score":"808","At Least":"1","Source":"        cp_irq : coverpoint ins.asm {"}
,{"expanded":false,"Exclusion Rule Type":"None","UNR":"none","title":"auto[ANDI]","All Average Grd":"100%","All Cov":"1 / 1 (100%)","Score":"827","At Least":"1","Source":"        cp_irq : coverpoint ins.asm {"}
,{"expanded":false,"Exclusion Rule Type":"None","UNR":"none","title":"auto[AUIPC]","All Average Grd":"100%","All Cov":"1 / 1 (100%)","Score":"16665","At Least":"1","Source":"        cp_irq : coverpoint ins.asm {"}
,{"expanded":false,"Exclusion Rule Type":"None","UNR":"none","title":"auto[BEQ]","All Average Grd":"100%","All Cov":"1 / 1 (100%)","Score":"772","At Least":"1","Source":"        cp_irq : coverpoint ins.asm {"}
,{"expanded":false,"Exclusion Rule Type":"None","UNR":"none","title":"auto[BGE]","All Average Grd":"100%","All Cov":"1 / 1 (100%)","Score":"710","At Least":"1","Source":"        cp_irq : coverpoint ins.asm {"}
,{"expanded":false,"Exclusion Rule Type":"None","UNR":"none","title":"auto[BGEU]","All Average Grd":"100%","All Cov":"1 / 1 (100%)","Score":"664","At Least":"1","Source":"        cp_irq : coverpoint ins.asm {"}
,{"expanded":false,"Exclusion Rule Type":"None","UNR":"none","title":"auto[BLTU]","All Average Grd":"100%","All Cov":"1 / 1 (100%)","Score":"764","At Least":"1","Source":"        cp_irq : coverpoint ins.asm {"}
,{"expanded":false,"Exclusion Rule Type":"None","UNR":"none","title":"auto[BNE]","All Average Grd":"100%","All Cov":"1 / 1 (100%)","Score":"1041","At Least":"1","Source":"        cp_irq : coverpoint ins.asm {"}
,{"expanded":false,"Exclusion Rule Type":"None","UNR":"none","title":"auto[BLT]","All Average Grd":"100%","All Cov":"1 / 1 (100%)","Score":"693","At Least":"1","Source":"        cp_irq : coverpoint ins.asm {"}
,{"expanded":false,"Exclusion Rule Type":"None","UNR":"none","title":"auto[FENCE]","All Average Grd":"100%","All Cov":"1 / 1 (100%)","Score":"794","At Least":"1","Source":"        cp_irq : coverpoint ins.asm {"}
,{"expanded":false,"Exclusion Rule Type":"None","UNR":"none","title":"auto[FENCE_I]","All Average Grd":"100%","All Cov":"1 / 1 (100%)","Score":"822","At Least":"1","Source":"        cp_irq : coverpoint ins.asm {"}
,{"expanded":false,"Exclusion Rule Type":"None","UNR":"none","title":"auto[EBREAK]","All Average Grd":"100%","All Cov":"1 / 1 (100%)","Score":"202","At Least":"1","Source":"        cp_irq : coverpoint ins.asm {"}
,{"expanded":false,"Exclusion Rule Type":"None","UNR":"none","title":"auto[ECALL]","All Average Grd":"100%","All Cov":"1 / 1 (100%)","Score":"4","At Least":"1","Source":"        cp_irq : coverpoint ins.asm {"}
,{"expanded":false,"Exclusion Rule Type":"None","UNR":"none","title":"auto[JAL]","All Average Grd":"100%","All Cov":"1 / 1 (100%)","Score":"306465","At Least":"1","Source":"        cp_irq : coverpoint ins.asm {"}
,{"expanded":false,"Exclusion Rule Type":"None","UNR":"none","title":"auto[JALR]","All Average Grd":"100%","All Cov":"1 / 1 (100%)","Score":"796","At Least":"1","Source":"        cp_irq : coverpoint ins.asm {"}
,{"expanded":false,"Exclusion Rule Type":"None","UNR":"none","title":"auto[LB]","All Average Grd":"100%","All Cov":"1 / 1 (100%)","Score":"2350","At Least":"1","Source":"        cp_irq : coverpoint ins.asm {"}
,{"expanded":false,"Exclusion Rule Type":"None","UNR":"none","title":"auto[LBU]","All Average Grd":"100%","All Cov":"1 / 1 (100%)","Score":"2334","At Least":"1","Source":"        cp_irq : coverpoint ins.asm {"}
,{"expanded":false,"Exclusion Rule Type":"None","UNR":"none","title":"auto[LH]","All Average Grd":"100%","All Cov":"1 / 1 (100%)","Score":"631","At Least":"1","Source":"        cp_irq : coverpoint ins.asm {"}
,{"expanded":false,"Exclusion Rule Type":"None","UNR":"none","title":"auto[LHU]","All Average Grd":"100%","All Cov":"1 / 1 (100%)","Score":"675","At Least":"1","Source":"        cp_irq : coverpoint ins.asm {"}
,{"expanded":false,"Exclusion Rule Type":"None","UNR":"none","title":"auto[LUI]","All Average Grd":"100%","All Cov":"1 / 1 (100%)","Score":"945","At Least":"1","Source":"        cp_irq : coverpoint ins.asm {"}
,{"expanded":false,"Exclusion Rule Type":"None","UNR":"none","title":"auto[LW]","All Average Grd":"100%","All Cov":"1 / 1 (100%)","Score":"429","At Least":"1","Source":"        cp_irq : coverpoint ins.asm {"}
,{"expanded":false,"Exclusion Rule Type":"None","UNR":"none","title":"auto[OR]","All Average Grd":"100%","All Cov":"1 / 1 (100%)","Score":"815","At Least":"1","Source":"        cp_irq : coverpoint ins.asm {"}
,{"expanded":false,"Exclusion Rule Type":"None","UNR":"none","title":"auto[ORI]","All Average Grd":"100%","All Cov":"1 / 1 (100%)","Score":"745","At Least":"1","Source":"        cp_irq : coverpoint ins.asm {"}
,{"expanded":false,"Exclusion Rule Type":"None","UNR":"none","title":"auto[SB]","All Average Grd":"100%","All Cov":"1 / 1 (100%)","Score":"2398","At Least":"1","Source":"        cp_irq : coverpoint ins.asm {"}
,{"expanded":false,"Exclusion Rule Type":"None","UNR":"none","title":"auto[SH]","All Average Grd":"100%","All Cov":"1 / 1 (100%)","Score":"754","At Least":"1","Source":"        cp_irq : coverpoint ins.asm {"}
,{"expanded":false,"Exclusion Rule Type":"None","UNR":"none","title":"auto[SLL]","All Average Grd":"100%","All Cov":"1 / 1 (100%)","Score":"825","At Least":"1","Source":"        cp_irq : coverpoint ins.asm {"}
,{"expanded":false,"Exclusion Rule Type":"None","UNR":"none","title":"auto[SLLI]","All Average Grd":"100%","All Cov":"1 / 1 (100%)","Score":"808","At Least":"1","Source":"        cp_irq : coverpoint ins.asm {"}
,{"expanded":false,"Exclusion Rule Type":"None","UNR":"none","title":"auto[SLT]","All Average Grd":"100%","All Cov":"1 / 1 (100%)","Score":"848","At Least":"1","Source":"        cp_irq : coverpoint ins.asm {"}
,{"expanded":false,"Exclusion Rule Type":"None","UNR":"none","title":"auto[SLTI]","All Average Grd":"100%","All Cov":"1 / 1 (100%)","Score":"856","At Least":"1","Source":"        cp_irq : coverpoint ins.asm {"}
,{"expanded":false,"Exclusion Rule Type":"None","UNR":"none","title":"auto[SLTIU]","All Average Grd":"100%","All Cov":"1 / 1 (100%)","Score":"779","At Least":"1","Source":"        cp_irq : coverpoint ins.asm {"}
,{"expanded":false,"Exclusion Rule Type":"None","UNR":"none","title":"auto[SLTU]","All Average Grd":"100%","All Cov":"1 / 1 (100%)","Score":"925","At Least":"1","Source":"        cp_irq : coverpoint ins.asm {"}
,{"expanded":false,"Exclusion Rule Type":"None","UNR":"none","title":"auto[SRA]","All Average Grd":"100%","All Cov":"1 / 1 (100%)","Score":"816","At Least":"1","Source":"        cp_irq : coverpoint ins.asm {"}
,{"expanded":false,"Exclusion Rule Type":"None","UNR":"none","title":"auto[SRAI]","All Average Grd":"100%","All Cov":"1 / 1 (100%)","Score":"793","At Least":"1","Source":"        cp_irq : coverpoint ins.asm {"}
,{"expanded":false,"Exclusion Rule Type":"None","UNR":"none","title":"auto[SRL]","All Average Grd":"100%","All Cov":"1 / 1 (100%)","Score":"844","At Least":"1","Source":"        cp_irq : coverpoint ins.asm {"}
,{"expanded":false,"Exclusion Rule Type":"None","UNR":"none","title":"auto[SRLI]","All Average Grd":"100%","All Cov":"1 / 1 (100%)","Score":"830","At Least":"1","Source":"        cp_irq : coverpoint ins.asm {"}
,{"expanded":false,"Exclusion Rule Type":"None","UNR":"none","title":"auto[SUB]","All Average Grd":"100%","All Cov":"1 / 1 (100%)","Score":"822","At Least":"1","Source":"        cp_irq : coverpoint ins.asm {"}
,{"expanded":false,"Exclusion Rule Type":"None","UNR":"none","title":"auto[SW]","All Average Grd":"100%","All Cov":"1 / 1 (100%)","Score":"414","At Least":"1","Source":"        cp_irq : coverpoint ins.asm {"}
,{"expanded":false,"Exclusion Rule Type":"None","UNR":"none","title":"auto[XOR]","All Average Grd":"100%","All Cov":"1 / 1 (100%)","Score":"775","At Least":"1","Source":"        cp_irq : coverpoint ins.asm {"}
,{"expanded":false,"Exclusion Rule Type":"None","UNR":"none","title":"auto[XORI]","All Average Grd":"100%","All Cov":"1 / 1 (100%)","Score":"816","At Least":"1","Source":"        cp_irq : coverpoint ins.asm {"}
,{"expanded":false,"Exclusion Rule Type":"None","UNR":"none","title":"auto[MUL]","All Average Grd":"100%","All Cov":"1 / 1 (100%)","Score":"810","At Least":"1","Source":"        cp_irq : coverpoint ins.asm {"}
,{"expanded":false,"Exclusion Rule Type":"None","UNR":"none","title":"auto[MULH]","All Average Grd":"100%","All Cov":"1 / 1 (100%)","Score":"797","At Least":"1","Source":"        cp_irq : coverpoint ins.asm {"}
,{"expanded":false,"Exclusion Rule Type":"None","UNR":"none","title":"auto[MULHU]","All Average Grd":"100%","All Cov":"1 / 1 (100%)","Score":"819","At Least":"1","Source":"        cp_irq : coverpoint ins.asm {"}
,{"expanded":false,"Exclusion Rule Type":"None","UNR":"none","title":"auto[MULHSU]","All Average Grd":"100%","All Cov":"1 / 1 (100%)","Score":"806","At Least":"1","Source":"        cp_irq : coverpoint ins.asm {"}
,{"expanded":false,"Exclusion Rule Type":"None","UNR":"none","title":"auto[DIV]","All Average Grd":"100%","All Cov":"1 / 1 (100%)","Score":"758","At Least":"1","Source":"        cp_irq : coverpoint ins.asm {"}
,{"expanded":false,"Exclusion Rule Type":"None","UNR":"none","title":"auto[REM]","All Average Grd":"100%","All Cov":"1 / 1 (100%)","Score":"796","At Least":"1","Source":"        cp_irq : coverpoint ins.asm {"}
,{"expanded":false,"Exclusion Rule Type":"None","UNR":"none","title":"auto[DIVU]","All Average Grd":"100%","All Cov":"1 / 1 (100%)","Score":"748","At Least":"1","Source":"        cp_irq : coverpoint ins.asm {"}
,{"expanded":false,"Exclusion Rule Type":"None","UNR":"none","title":"auto[REMU]","All Average Grd":"100%","All Cov":"1 / 1 (100%)","Score":"785","At Least":"1","Source":"        cp_irq : coverpoint ins.asm {"}
,{"expanded":false,"Exclusion Rule Type":"None","UNR":"none","title":"auto[WFI]","All Average Grd":"100%","All Cov":"1 / 1 (100%)","Score":"13840","At Least":"1","Source":"        cp_irq : coverpoint ins.asm {"}
,{"expanded":false,"Exclusion Rule Type":"None","UNR":"none","title":"auto[CSRRW]","All Average Grd":"100%","All Cov":"1 / 1 (100%)","Score":"45560","At Least":"1","Source":"        cp_irq : coverpoint ins.asm {"}
,{"expanded":false,"Exclusion Rule Type":"None","UNR":"none","title":"auto[CSRRC]","All Average Grd":"100%","All Cov":"1 / 1 (100%)","Score":"699","At Least":"1","Source":"        cp_irq : coverpoint ins.asm {"}
,{"expanded":false,"Exclusion Rule Type":"None","UNR":"none","title":"auto[CSRRS]","All Average Grd":"100%","All Cov":"1 / 1 (100%)","Score":"15299","At Least":"1","Source":"        cp_irq : coverpoint ins.asm {"}
,{"expanded":false,"Exclusion Rule Type":"None","UNR":"none","title":"auto[CSRRCI]","All Average Grd":"100%","All Cov":"1 / 1 (100%)","Score":"755","At Least":"1","Source":"        cp_irq : coverpoint ins.asm {"}
,{"expanded":false,"Exclusion Rule Type":"None","UNR":"none","title":"auto[CSRRSI]","All Average Grd":"100%","All Cov":"1 / 1 (100%)","Score":"717","At Least":"1","Source":"        cp_irq : coverpoint ins.asm {"}
,{"expanded":false,"Exclusion Rule Type":"None","UNR":"none","title":"auto[CSRRWI]","All Average Grd":"100%","All Cov":"1 / 1 (100%)","Score":"670","At Least":"1","Source":"        cp_irq : coverpoint ins.asm {"}
,{"expanded":false,"Exclusion Rule Type":"None","UNR":"none","title":"auto[C_LWSP]","All Average Grd":"100%","All Cov":"1 / 1 (100%)","Score":"79","At Least":"1","Source":"        cp_irq : coverpoint ins.asm {"}
,{"expanded":false,"Exclusion Rule Type":"None","UNR":"none","title":"auto[C_SWSP]","All Average Grd":"100%","All Cov":"1 / 1 (100%)","Score":"78","At Least":"1","Source":"        cp_irq : coverpoint ins.asm {"}
,{"expanded":false,"Exclusion Rule Type":"None","UNR":"none","title":"auto[C_LW]","All Average Grd":"100%","All Cov":"1 / 1 (100%)","Score":"29","At Least":"1","Source":"        cp_irq : coverpoint ins.asm {"}
,{"expanded":false,"Exclusion Rule Type":"None","UNR":"none","title":"auto[C_SW]","All Average Grd":"100%","All Cov":"1 / 1 (100%)","Score":"23","At Least":"1","Source":"        cp_irq : coverpoint ins.asm {"}
,{"expanded":false,"Exclusion Rule Type":"None","UNR":"none","title":"auto[C_BEQZ]","All Average Grd":"100%","All Cov":"1 / 1 (100%)","Score":"664","At Least":"1","Source":"        cp_irq : coverpoint ins.asm {"}
,{"expanded":false,"Exclusion Rule Type":"None","UNR":"none","title":"auto[C_BNEZ]","All Average Grd":"100%","All Cov":"1 / 1 (100%)","Score":"743","At Least":"1","Source":"        cp_irq : coverpoint ins.asm {"}
,{"expanded":false,"Exclusion Rule Type":"None","UNR":"none","title":"auto[C_J]","All Average Grd":"100%","All Cov":"1 / 1 (100%)","Score":"189","At Least":"1","Source":"        cp_irq : coverpoint ins.asm {"}
,{"expanded":false,"Exclusion Rule Type":"None","UNR":"none","title":"auto[C_JR]","All Average Grd":"100%","All Cov":"1 / 1 (100%)","Score":"1093","At Least":"1","Source":"        cp_irq : coverpoint ins.asm {"}
,{"expanded":false,"Exclusion Rule Type":"None","UNR":"none","title":"auto[C_JAL]","All Average Grd":"100%","All Cov":"1 / 1 (100%)","Score":"183","At Least":"1","Source":"        cp_irq : coverpoint ins.asm {"}
,{"expanded":false,"Exclusion Rule Type":"None","UNR":"none","title":"auto[C_JALR]","All Average Grd":"100%","All Cov":"1 / 1 (100%)","Score":"303","At Least":"1","Source":"        cp_irq : coverpoint ins.asm {"}
,{"expanded":false,"Exclusion Rule Type":"None","UNR":"none","title":"auto[C_LI]","All Average Grd":"100%","All Cov":"1 / 1 (100%)","Score":"825","At Least":"1","Source":"        cp_irq : coverpoint ins.asm {"}
,{"expanded":false,"Exclusion Rule Type":"None","UNR":"none","title":"auto[C_LUI]","All Average Grd":"100%","All Cov":"1 / 1 (100%)","Score":"776","At Least":"1","Source":"        cp_irq : coverpoint ins.asm {"}
,{"expanded":false,"Exclusion Rule Type":"None","UNR":"none","title":"auto[C_ADDI]","All Average Grd":"100%","All Cov":"1 / 1 (100%)","Score":"2730","At Least":"1","Source":"        cp_irq : coverpoint ins.asm {"}
,{"expanded":false,"Exclusion Rule Type":"None","UNR":"none","title":"auto[C_ADDI16SP]","All Average Grd":"100%","All Cov":"1 / 1 (100%)","Score":"673","At Least":"1","Source":"        cp_irq : coverpoint ins.asm {"}
,{"expanded":false,"Exclusion Rule Type":"None","UNR":"none","title":"auto[C_ADDI4SPN]","All Average Grd":"100%","All Cov":"1 / 1 (100%)","Score":"655","At Least":"1","Source":"        cp_irq : coverpoint ins.asm {"}
,{"expanded":false,"Exclusion Rule Type":"None","UNR":"none","title":"auto[C_MV]","All Average Grd":"100%","All Cov":"1 / 1 (100%)","Score":"1001","At Least":"1","Source":"        cp_irq : coverpoint ins.asm {"}
,{"expanded":false,"Exclusion Rule Type":"None","UNR":"none","title":"auto[C_SLLI]","All Average Grd":"100%","All Cov":"1 / 1 (100%)","Score":"925","At Least":"1","Source":"        cp_irq : coverpoint ins.asm {"}
,{"expanded":false,"Exclusion Rule Type":"None","UNR":"none","title":"auto[C_SRLI]","All Average Grd":"100%","All Cov":"1 / 1 (100%)","Score":"892","At Least":"1","Source":"        cp_irq : coverpoint ins.asm {"}
,{"expanded":false,"Exclusion Rule Type":"None","UNR":"none","title":"auto[C_SRAI]","All Average Grd":"100%","All Cov":"1 / 1 (100%)","Score":"762","At Least":"1","Source":"        cp_irq : coverpoint ins.asm {"}
,{"expanded":false,"Exclusion Rule Type":"None","UNR":"none","title":"auto[C_ANDI]","All Average Grd":"100%","All Cov":"1 / 1 (100%)","Score":"787","At Least":"1","Source":"        cp_irq : coverpoint ins.asm {"}
,{"expanded":false,"Exclusion Rule Type":"None","UNR":"none","title":"auto[C_ADD]","All Average Grd":"100%","All Cov":"1 / 1 (100%)","Score":"848","At Least":"1","Source":"        cp_irq : coverpoint ins.asm {"}
,{"expanded":false,"Exclusion Rule Type":"None","UNR":"none","title":"auto[C_AND]","All Average Grd":"100%","All Cov":"1 / 1 (100%)","Score":"782","At Least":"1","Source":"        cp_irq : coverpoint ins.asm {"}
,{"expanded":false,"Exclusion Rule Type":"None","UNR":"none","title":"auto[C_OR]","All Average Grd":"100%","All Cov":"1 / 1 (100%)","Score":"782","At Least":"1","Source":"        cp_irq : coverpoint ins.asm {"}
,{"expanded":false,"Exclusion Rule Type":"None","UNR":"none","title":"auto[C_XOR]","All Average Grd":"100%","All Cov":"1 / 1 (100%)","Score":"820","At Least":"1","Source":"        cp_irq : coverpoint ins.asm {"}
,{"expanded":false,"Exclusion Rule Type":"None","UNR":"none","title":"auto[C_SUB]","All Average Grd":"100%","All Cov":"1 / 1 (100%)","Score":"832","At Least":"1","Source":"        cp_irq : coverpoint ins.asm {"}
,{"expanded":false,"Exclusion Rule Type":"None","UNR":"none","title":"auto[C_EBREAK]","All Average Grd":"100%","All Cov":"1 / 1 (100%)","Score":"125","At Least":"1","Source":"        cp_irq : coverpoint ins.asm {"}
],"columns":""}
]}
,{"expanded":false,"Exclusion Rule Type":"None","UNR":"none","title":"cg_wfi_exit","All Average Grd":"98.81%","All Cov":"83 / 84 (98.81%)","Enclosing Entity":"uvm_pkg.uvm_test_top.env.cov_model.interrupt_covg","Source":"    covergroup cg_wfi_exit with function sample(ins_t ins);"
,"subitems":[{"expanded":false,"Exclusion Rule Type":"None","UNR":"none","title":"cp_wfi","At Least":"1","All Average Grd":"98.81%","All Cov":"83 / 84 (98.81%)","Source":"        cp_wfi : coverpoint ins.asm {"
,"subitems":[{"expanded":false,"Exclusion Rule Type":"None","UNR":"none","title":"auto[ADD]","All Average Grd":"100%","All Cov":"1 / 1 (100%)","Score":"13145","At Least":"1","Source":"        cp_wfi : coverpoint ins.asm {"}
,{"expanded":false,"Exclusion Rule Type":"None","UNR":"none","title":"auto[ADDI]","All Average Grd":"100%","All Cov":"1 / 1 (100%)","Score":"16651","At Least":"1","Source":"        cp_wfi : coverpoint ins.asm {"}
,{"expanded":false,"Exclusion Rule Type":"None","UNR":"none","title":"auto[AND]","All Average Grd":"100%","All Cov":"1 / 1 (100%)","Score":"8309","At Least":"1","Source":"        cp_wfi : coverpoint ins.asm {"}
,{"expanded":false,"Exclusion Rule Type":"None","UNR":"none","title":"auto[ANDI]","All Average Grd":"100%","All Cov":"1 / 1 (100%)","Score":"7158","At Least":"1","Source":"        cp_wfi : coverpoint ins.asm {"}
,{"expanded":false,"Exclusion Rule Type":"None","UNR":"none","title":"auto[AUIPC]","All Average Grd":"100%","All Cov":"1 / 1 (100%)","Score":"25554","At Least":"1","Source":"        cp_wfi : coverpoint ins.asm {"}
,{"expanded":false,"Exclusion Rule Type":"None","UNR":"none","title":"auto[BEQ]","All Average Grd":"100%","All Cov":"1 / 1 (100%)","Score":"17197","At Least":"1","Source":"        cp_wfi : coverpoint ins.asm {"}
,{"expanded":false,"Exclusion Rule Type":"None","UNR":"none","title":"auto[BGE]","All Average Grd":"100%","All Cov":"1 / 1 (100%)","Score":"17842","At Least":"1","Source":"        cp_wfi : coverpoint ins.asm {"}
,{"expanded":false,"Exclusion Rule Type":"None","UNR":"none","title":"auto[BGEU]","All Average Grd":"100%","All Cov":"1 / 1 (100%)","Score":"5521","At Least":"1","Source":"        cp_wfi : coverpoint ins.asm {"}
,{"expanded":false,"Exclusion Rule Type":"None","UNR":"none","title":"auto[BLTU]","All Average Grd":"100%","All Cov":"1 / 1 (100%)","Score":"12647","At Least":"1","Source":"        cp_wfi : coverpoint ins.asm {"}
,{"expanded":false,"Exclusion Rule Type":"None","UNR":"none","title":"auto[BNE]","All Average Grd":"100%","All Cov":"1 / 1 (100%)","Score":"76305","At Least":"1","Source":"        cp_wfi : coverpoint ins.asm {"}
,{"expanded":false,"Exclusion Rule Type":"None","UNR":"none","title":"auto[BLT]","All Average Grd":"100%","All Cov":"1 / 1 (100%)","Score":"4620","At Least":"1","Source":"        cp_wfi : coverpoint ins.asm {"}
,{"expanded":false,"Exclusion Rule Type":"None","UNR":"none","title":"auto[FENCE]","All Average Grd":"100%","All Cov":"1 / 1 (100%)","Score":"2967","At Least":"1","Source":"        cp_wfi : coverpoint ins.asm {"}
,{"expanded":false,"Exclusion Rule Type":"None","UNR":"none","title":"auto[FENCE_I]","All Average Grd":"100%","All Cov":"1 / 1 (100%)","Score":"954","At Least":"1","Source":"        cp_wfi : coverpoint ins.asm {"}
,{"expanded":false,"Exclusion Rule Type":"None","UNR":"none","title":"auto[EBREAK]","All Average Grd":"100%","All Cov":"1 / 1 (100%)","Score":"245","At Least":"1","Source":"        cp_wfi : coverpoint ins.asm {"}
,{"expanded":false,"Exclusion Rule Type":"None","UNR":"none","title":"auto[ECALL]","All Average Grd":"0%","All Cov":"0 / 1 (0%)","Score":"0","At Least":"1","Source":"        cp_wfi : coverpoint ins.asm {"}
,{"expanded":false,"Exclusion Rule Type":"None","UNR":"none","title":"auto[JAL]","All Average Grd":"100%","All Cov":"1 / 1 (100%)","Score":"52613","At Least":"1","Source":"        cp_wfi : coverpoint ins.asm {"}
,{"expanded":false,"Exclusion Rule Type":"None","UNR":"none","title":"auto[JALR]","All Average Grd":"100%","All Cov":"1 / 1 (100%)","Score":"626","At Least":"1","Source":"        cp_wfi : coverpoint ins.asm {"}
,{"expanded":false,"Exclusion Rule Type":"None","UNR":"none","title":"auto[LB]","All Average Grd":"100%","All Cov":"1 / 1 (100%)","Score":"518","At Least":"1","Source":"        cp_wfi : coverpoint ins.asm {"}
,{"expanded":false,"Exclusion Rule Type":"None","UNR":"none","title":"auto[LBU]","All Average Grd":"100%","All Cov":"1 / 1 (100%)","Score":"431","At Least":"1","Source":"        cp_wfi : coverpoint ins.asm {"}
,{"expanded":false,"Exclusion Rule Type":"None","UNR":"none","title":"auto[LH]","All Average Grd":"100%","All Cov":"1 / 1 (100%)","Score":"105","At Least":"1","Source":"        cp_wfi : coverpoint ins.asm {"}
,{"expanded":false,"Exclusion Rule Type":"None","UNR":"none","title":"auto[LHU]","All Average Grd":"100%","All Cov":"1 / 1 (100%)","Score":"129","At Least":"1","Source":"        cp_wfi : coverpoint ins.asm {"}
,{"expanded":false,"Exclusion Rule Type":"None","UNR":"none","title":"auto[LUI]","All Average Grd":"100%","All Cov":"1 / 1 (100%)","Score":"6904","At Least":"1","Source":"        cp_wfi : coverpoint ins.asm {"}
,{"expanded":false,"Exclusion Rule Type":"None","UNR":"none","title":"auto[LW]","All Average Grd":"100%","All Cov":"1 / 1 (100%)","Score":"8641","At Least":"1","Source":"        cp_wfi : coverpoint ins.asm {"}
,{"expanded":false,"Exclusion Rule Type":"None","UNR":"none","title":"auto[OR]","All Average Grd":"100%","All Cov":"1 / 1 (100%)","Score":"14336","At Least":"1","Source":"        cp_wfi : coverpoint ins.asm {"}
,{"expanded":false,"Exclusion Rule Type":"None","UNR":"none","title":"auto[ORI]","All Average Grd":"100%","All Cov":"1 / 1 (100%)","Score":"10379","At Least":"1","Source":"        cp_wfi : coverpoint ins.asm {"}
,{"expanded":false,"Exclusion Rule Type":"None","UNR":"none","title":"auto[SB]","All Average Grd":"100%","All Cov":"1 / 1 (100%)","Score":"419","At Least":"1","Source":"        cp_wfi : coverpoint ins.asm {"}
,{"expanded":false,"Exclusion Rule Type":"None","UNR":"none","title":"auto[SH]","All Average Grd":"100%","All Cov":"1 / 1 (100%)","Score":"169","At Least":"1","Source":"        cp_wfi : coverpoint ins.asm {"}
,{"expanded":false,"Exclusion Rule Type":"None","UNR":"none","title":"auto[SLL]","All Average Grd":"100%","All Cov":"1 / 1 (100%)","Score":"17324","At Least":"1","Source":"        cp_wfi : coverpoint ins.asm {"}
,{"expanded":false,"Exclusion Rule Type":"None","UNR":"none","title":"auto[SLLI]","All Average Grd":"100%","All Cov":"1 / 1 (100%)","Score":"18754","At Least":"1","Source":"        cp_wfi : coverpoint ins.asm {"}
,{"expanded":false,"Exclusion Rule Type":"None","UNR":"none","title":"auto[SLT]","All Average Grd":"100%","All Cov":"1 / 1 (100%)","Score":"15158","At Least":"1","Source":"        cp_wfi : coverpoint ins.asm {"}
,{"expanded":false,"Exclusion Rule Type":"None","UNR":"none","title":"auto[SLTI]","All Average Grd":"100%","All Cov":"1 / 1 (100%)","Score":"14824","At Least":"1","Source":"        cp_wfi : coverpoint ins.asm {"}
,{"expanded":false,"Exclusion Rule Type":"None","UNR":"none","title":"auto[SLTIU]","All Average Grd":"100%","All Cov":"1 / 1 (100%)","Score":"13373","At Least":"1","Source":"        cp_wfi : coverpoint ins.asm {"}
,{"expanded":false,"Exclusion Rule Type":"None","UNR":"none","title":"auto[SLTU]","All Average Grd":"100%","All Cov":"1 / 1 (100%)","Score":"14619","At Least":"1","Source":"        cp_wfi : coverpoint ins.asm {"}
,{"expanded":false,"Exclusion Rule Type":"None","UNR":"none","title":"auto[SRA]","All Average Grd":"100%","All Cov":"1 / 1 (100%)","Score":"6060","At Least":"1","Source":"        cp_wfi : coverpoint ins.asm {"}
,{"expanded":false,"Exclusion Rule Type":"None","UNR":"none","title":"auto[SRAI]","All Average Grd":"100%","All Cov":"1 / 1 (100%)","Score":"14264","At Least":"1","Source":"        cp_wfi : coverpoint ins.asm {"}
,{"expanded":false,"Exclusion Rule Type":"None","UNR":"none","title":"auto[SRL]","All Average Grd":"100%","All Cov":"1 / 1 (100%)","Score":"19857","At Least":"1","Source":"        cp_wfi : coverpoint ins.asm {"}
,{"expanded":false,"Exclusion Rule Type":"None","UNR":"none","title":"auto[SRLI]","All Average Grd":"100%","All Cov":"1 / 1 (100%)","Score":"22966","At Least":"1","Source":"        cp_wfi : coverpoint ins.asm {"}
,{"expanded":false,"Exclusion Rule Type":"None","UNR":"none","title":"auto[SUB]","All Average Grd":"100%","All Cov":"1 / 1 (100%)","Score":"24439","At Least":"1","Source":"        cp_wfi : coverpoint ins.asm {"}
,{"expanded":false,"Exclusion Rule Type":"None","UNR":"none","title":"auto[SW]","All Average Grd":"100%","All Cov":"1 / 1 (100%)","Score":"157","At Least":"1","Source":"        cp_wfi : coverpoint ins.asm {"}
,{"expanded":false,"Exclusion Rule Type":"None","UNR":"none","title":"auto[XOR]","All Average Grd":"100%","All Cov":"1 / 1 (100%)","Score":"4836","At Least":"1","Source":"        cp_wfi : coverpoint ins.asm {"}
,{"expanded":false,"Exclusion Rule Type":"None","UNR":"none","title":"auto[XORI]","All Average Grd":"100%","All Cov":"1 / 1 (100%)","Score":"11160","At Least":"1","Source":"        cp_wfi : coverpoint ins.asm {"}
,{"expanded":false,"Exclusion Rule Type":"None","UNR":"none","title":"auto[MUL]","All Average Grd":"100%","All Cov":"1 / 1 (100%)","Score":"13932","At Least":"1","Source":"        cp_wfi : coverpoint ins.asm {"}
,{"expanded":false,"Exclusion Rule Type":"None","UNR":"none","title":"auto[MULH]","All Average Grd":"100%","All Cov":"1 / 1 (100%)","Score":"7579","At Least":"1","Source":"        cp_wfi : coverpoint ins.asm {"}
,{"expanded":false,"Exclusion Rule Type":"None","UNR":"none","title":"auto[MULHU]","All Average Grd":"100%","All Cov":"1 / 1 (100%)","Score":"12647","At Least":"1","Source":"        cp_wfi : coverpoint ins.asm {"}
,{"expanded":false,"Exclusion Rule Type":"None","UNR":"none","title":"auto[MULHSU]","All Average Grd":"100%","All Cov":"1 / 1 (100%)","Score":"11071","At Least":"1","Source":"        cp_wfi : coverpoint ins.asm {"}
,{"expanded":false,"Exclusion Rule Type":"None","UNR":"none","title":"auto[DIV]","All Average Grd":"100%","All Cov":"1 / 1 (100%)","Score":"4485","At Least":"1","Source":"        cp_wfi : coverpoint ins.asm {"}
,{"expanded":false,"Exclusion Rule Type":"None","UNR":"none","title":"auto[REM]","All Average Grd":"100%","All Cov":"1 / 1 (100%)","Score":"13213","At Least":"1","Source":"        cp_wfi : coverpoint ins.asm {"}
,{"expanded":false,"Exclusion Rule Type":"None","UNR":"none","title":"auto[DIVU]","All Average Grd":"100%","All Cov":"1 / 1 (100%)","Score":"5238","At Least":"1","Source":"        cp_wfi : coverpoint ins.asm {"}
,{"expanded":false,"Exclusion Rule Type":"None","UNR":"none","title":"auto[REMU]","All Average Grd":"100%","All Cov":"1 / 1 (100%)","Score":"5930","At Least":"1","Source":"        cp_wfi : coverpoint ins.asm {"}
,{"expanded":false,"Exclusion Rule Type":"None","UNR":"none","title":"auto[WFI]","All Average Grd":"100%","All Cov":"1 / 1 (100%)","Score":"39582","At Least":"1","Source":"        cp_wfi : coverpoint ins.asm {"}
,{"expanded":false,"Exclusion Rule Type":"None","UNR":"none","title":"auto[MRET]","All Average Grd":"100%","All Cov":"1 / 1 (100%)","Score":"63586","At Least":"1","Source":"        cp_wfi : coverpoint ins.asm {"}
,{"expanded":false,"Exclusion Rule Type":"None","UNR":"none","title":"auto[DRET]","All Average Grd":"100%","All Cov":"1 / 1 (100%)","Score":"53312","At Least":"1","Source":"        cp_wfi : coverpoint ins.asm {"}
,{"expanded":false,"Exclusion Rule Type":"None","UNR":"none","title":"auto[CSRRW]","All Average Grd":"100%","All Cov":"1 / 1 (100%)","Score":"8840","At Least":"1","Source":"        cp_wfi : coverpoint ins.asm {"}
,{"expanded":false,"Exclusion Rule Type":"None","UNR":"none","title":"auto[CSRRC]","All Average Grd":"100%","All Cov":"1 / 1 (100%)","Score":"502","At Least":"1","Source":"        cp_wfi : coverpoint ins.asm {"}
,{"expanded":false,"Exclusion Rule Type":"None","UNR":"none","title":"auto[CSRRS]","All Average Grd":"100%","All Cov":"1 / 1 (100%)","Score":"355","At Least":"1","Source":"        cp_wfi : coverpoint ins.asm {"}
,{"expanded":false,"Exclusion Rule Type":"None","UNR":"none","title":"auto[CSRRCI]","All Average Grd":"100%","All Cov":"1 / 1 (100%)","Score":"383","At Least":"1","Source":"        cp_wfi : coverpoint ins.asm {"}
,{"expanded":false,"Exclusion Rule Type":"None","UNR":"none","title":"auto[CSRRSI]","All Average Grd":"100%","All Cov":"1 / 1 (100%)","Score":"435","At Least":"1","Source":"        cp_wfi : coverpoint ins.asm {"}
,{"expanded":false,"Exclusion Rule Type":"None","UNR":"none","title":"auto[CSRRWI]","All Average Grd":"100%","All Cov":"1 / 1 (100%)","Score":"384","At Least":"1","Source":"        cp_wfi : coverpoint ins.asm {"}
,{"expanded":false,"Exclusion Rule Type":"None","UNR":"none","title":"auto[C_LWSP]","All Average Grd":"100%","All Cov":"1 / 1 (100%)","Score":"8","At Least":"1","Source":"        cp_wfi : coverpoint ins.asm {"}
,{"expanded":false,"Exclusion Rule Type":"None","UNR":"none","title":"auto[C_SWSP]","All Average Grd":"100%","All Cov":"1 / 1 (100%)","Score":"8","At Least":"1","Source":"        cp_wfi : coverpoint ins.asm {"}
,{"expanded":false,"Exclusion Rule Type":"None","UNR":"none","title":"auto[C_LW]","All Average Grd":"100%","All Cov":"1 / 1 (100%)","Score":"2","At Least":"1","Source":"        cp_wfi : coverpoint ins.asm {"}
,{"expanded":false,"Exclusion Rule Type":"None","UNR":"none","title":"auto[C_SW]","All Average Grd":"100%","All Cov":"1 / 1 (100%)","Score":"1","At Least":"1","Source":"        cp_wfi : coverpoint ins.asm {"}
,{"expanded":false,"Exclusion Rule Type":"None","UNR":"none","title":"auto[C_BEQZ]","All Average Grd":"100%","All Cov":"1 / 1 (100%)","Score":"9807","At Least":"1","Source":"        cp_wfi : coverpoint ins.asm {"}
,{"expanded":false,"Exclusion Rule Type":"None","UNR":"none","title":"auto[C_BNEZ]","All Average Grd":"100%","All Cov":"1 / 1 (100%)","Score":"40142","At Least":"1","Source":"        cp_wfi : coverpoint ins.asm {"}
,{"expanded":false,"Exclusion Rule Type":"None","UNR":"none","title":"auto[C_J]","All Average Grd":"100%","All Cov":"1 / 1 (100%)","Score":"95","At Least":"1","Source":"        cp_wfi : coverpoint ins.asm {"}
,{"expanded":false,"Exclusion Rule Type":"None","UNR":"none","title":"auto[C_JR]","All Average Grd":"100%","All Cov":"1 / 1 (100%)","Score":"601","At Least":"1","Source":"        cp_wfi : coverpoint ins.asm {"}
,{"expanded":false,"Exclusion Rule Type":"None","UNR":"none","title":"auto[C_JAL]","All Average Grd":"100%","All Cov":"1 / 1 (100%)","Score":"90","At Least":"1","Source":"        cp_wfi : coverpoint ins.asm {"}
,{"expanded":false,"Exclusion Rule Type":"None","UNR":"none","title":"auto[C_JALR]","All Average Grd":"100%","All Cov":"1 / 1 (100%)","Score":"252","At Least":"1","Source":"        cp_wfi : coverpoint ins.asm {"}
,{"expanded":false,"Exclusion Rule Type":"None","UNR":"none","title":"auto[C_LI]","All Average Grd":"100%","All Cov":"1 / 1 (100%)","Score":"5128","At Least":"1","Source":"        cp_wfi : coverpoint ins.asm {"}
,{"expanded":false,"Exclusion Rule Type":"None","UNR":"none","title":"auto[C_LUI]","All Average Grd":"100%","All Cov":"1 / 1 (100%)","Score":"9205","At Least":"1","Source":"        cp_wfi : coverpoint ins.asm {"}
,{"expanded":false,"Exclusion Rule Type":"None","UNR":"none","title":"auto[C_ADDI]","All Average Grd":"100%","All Cov":"1 / 1 (100%)","Score":"54860","At Least":"1","Source":"        cp_wfi : coverpoint ins.asm {"}
,{"expanded":false,"Exclusion Rule Type":"None","UNR":"none","title":"auto[C_ADDI16SP]","All Average Grd":"100%","All Cov":"1 / 1 (100%)","Score":"12806","At Least":"1","Source":"        cp_wfi : coverpoint ins.asm {"}
,{"expanded":false,"Exclusion Rule Type":"None","UNR":"none","title":"auto[C_ADDI4SPN]","All Average Grd":"100%","All Cov":"1 / 1 (100%)","Score":"15020","At Least":"1","Source":"        cp_wfi : coverpoint ins.asm {"}
,{"expanded":false,"Exclusion Rule Type":"None","UNR":"none","title":"auto[C_MV]","All Average Grd":"100%","All Cov":"1 / 1 (100%)","Score":"9720","At Least":"1","Source":"        cp_wfi : coverpoint ins.asm {"}
,{"expanded":false,"Exclusion Rule Type":"None","UNR":"none","title":"auto[C_SLLI]","All Average Grd":"100%","All Cov":"1 / 1 (100%)","Score":"17835","At Least":"1","Source":"        cp_wfi : coverpoint ins.asm {"}
,{"expanded":false,"Exclusion Rule Type":"None","UNR":"none","title":"auto[C_SRLI]","All Average Grd":"100%","All Cov":"1 / 1 (100%)","Score":"14032","At Least":"1","Source":"        cp_wfi : coverpoint ins.asm {"}
,{"expanded":false,"Exclusion Rule Type":"None","UNR":"none","title":"auto[C_SRAI]","All Average Grd":"100%","All Cov":"1 / 1 (100%)","Score":"11433","At Least":"1","Source":"        cp_wfi : coverpoint ins.asm {"}
,{"expanded":false,"Exclusion Rule Type":"None","UNR":"none","title":"auto[C_ANDI]","All Average Grd":"100%","All Cov":"1 / 1 (100%)","Score":"11683","At Least":"1","Source":"        cp_wfi : coverpoint ins.asm {"}
,{"expanded":false,"Exclusion Rule Type":"None","UNR":"none","title":"auto[C_ADD]","All Average Grd":"100%","All Cov":"1 / 1 (100%)","Score":"22231","At Least":"1","Source":"        cp_wfi : coverpoint ins.asm {"}
,{"expanded":false,"Exclusion Rule Type":"None","UNR":"none","title":"auto[C_AND]","All Average Grd":"100%","All Cov":"1 / 1 (100%)","Score":"15604","At Least":"1","Source":"        cp_wfi : coverpoint ins.asm {"}
,{"expanded":false,"Exclusion Rule Type":"None","UNR":"none","title":"auto[C_OR]","All Average Grd":"100%","All Cov":"1 / 1 (100%)","Score":"20577","At Least":"1","Source":"        cp_wfi : coverpoint ins.asm {"}
,{"expanded":false,"Exclusion Rule Type":"None","UNR":"none","title":"auto[C_XOR]","All Average Grd":"100%","All Cov":"1 / 1 (100%)","Score":"11727","At Least":"1","Source":"        cp_wfi : coverpoint ins.asm {"}
,{"expanded":false,"Exclusion Rule Type":"None","UNR":"none","title":"auto[C_SUB]","All Average Grd":"100%","All Cov":"1 / 1 (100%)","Score":"12494","At Least":"1","Source":"        cp_wfi : coverpoint ins.asm {"}
,{"expanded":false,"Exclusion Rule Type":"None","UNR":"none","title":"auto[C_EBREAK]","All Average Grd":"100%","All Cov":"1 / 1 (100%)","Score":"339","At Least":"1","Source":"        cp_wfi : coverpoint ins.asm {"}
],"columns":""}
]}
]
}
