{"cover_group_items"
:[{"expanded":false,"Exclusion Rule Type":"None","UNR":"none","title":"cg_debug_mode_ext","All Average Grd":"92.31%","All Cov":"12 / 13 (92.31%)","Enclosing Entity":"uvm_pkg.uvm_test_top.env.cov_model.debug_covg","Source":"  covergroup cg_debug_mode_ext ;"
,"subitems":[{"expanded":false,"Exclusion Rule Type":"None","UNR":"none","title":"state","At Least":"1","All Average Grd":"92.31%","All Cov":"12 / 13 (92.31%)","Source":"          state: coverpoint cntxt.debug_cntxt.vif_cov.mon_cb.ctrl_fsm_cs{"
,"subitems":[{"expanded":false,"Exclusion Rule Type":"None","UNR":"none","title":"auto[RESET]","All Average Grd":"100%","All Cov":"1 / 1 (100%)","Score":"151","At Least":"1","Source":"          state: coverpoint cntxt.debug_cntxt.vif_cov.mon_cb.ctrl_fsm_cs{"}
,{"expanded":false,"Exclusion Rule Type":"None","UNR":"none","title":"auto[BOOT_SET]","All Average Grd":"0%","All Cov":"0 / 1 (0%)","Score":"0","At Least":"1","Source":"          state: coverpoint cntxt.debug_cntxt.vif_cov.mon_cb.ctrl_fsm_cs{"}
,{"expanded":false,"Exclusion Rule Type":"None","UNR":"none","title":"auto[SLEEP]","All Average Grd":"100%","All Cov":"1 / 1 (100%)","Score":"41028","At Least":"1","Source":"          state: coverpoint cntxt.debug_cntxt.vif_cov.mon_cb.ctrl_fsm_cs{"}
,{"expanded":false,"Exclusion Rule Type":"None","UNR":"none","title":"auto[WAIT_SLEEP]","All Average Grd":"100%","All Cov":"1 / 1 (100%)","Score":"143","At Least":"1","Source":"          state: coverpoint cntxt.debug_cntxt.vif_cov.mon_cb.ctrl_fsm_cs{"}
,{"expanded":false,"Exclusion Rule Type":"None","UNR":"none","title":"auto[FIRST_FETCH]","All Average Grd":"100%","All Cov":"1 / 1 (100%)","Score":"7","At Least":"1","Source":"          state: coverpoint cntxt.debug_cntxt.vif_cov.mon_cb.ctrl_fsm_cs{"}
,{"expanded":false,"Exclusion Rule Type":"None","UNR":"none","title":"auto[DECODE]","All Average Grd":"100%","All Cov":"1 / 1 (100%)","Score":"191718","At Least":"1","Source":"          state: coverpoint cntxt.debug_cntxt.vif_cov.mon_cb.ctrl_fsm_cs{"}
,{"expanded":false,"Exclusion Rule Type":"None","UNR":"none","title":"auto[FLUSH_EX]","All Average Grd":"100%","All Cov":"1 / 1 (100%)","Score":"3387","At Least":"1","Source":"          state: coverpoint cntxt.debug_cntxt.vif_cov.mon_cb.ctrl_fsm_cs{"}
,{"expanded":false,"Exclusion Rule Type":"None","UNR":"none","title":"auto[FLUSH_WB]","All Average Grd":"100%","All Cov":"1 / 1 (100%)","Score":"3153","At Least":"1","Source":"          state: coverpoint cntxt.debug_cntxt.vif_cov.mon_cb.ctrl_fsm_cs{"}
,{"expanded":false,"Exclusion Rule Type":"None","UNR":"none","title":"auto[XRET_JUMP]","All Average Grd":"100%","All Cov":"1 / 1 (100%)","Score":"688","At Least":"1","Source":"          state: coverpoint cntxt.debug_cntxt.vif_cov.mon_cb.ctrl_fsm_cs{"}
,{"expanded":false,"Exclusion Rule Type":"None","UNR":"none","title":"auto[DBG_TAKEN_ID]","All Average Grd":"100%","All Cov":"1 / 1 (100%)","Score":"176","At Least":"1","Source":"          state: coverpoint cntxt.debug_cntxt.vif_cov.mon_cb.ctrl_fsm_cs{"}
,{"expanded":false,"Exclusion Rule Type":"None","UNR":"none","title":"auto[DBG_TAKEN_IF]","All Average Grd":"100%","All Cov":"1 / 1 (100%)","Score":"82","At Least":"1","Source":"          state: coverpoint cntxt.debug_cntxt.vif_cov.mon_cb.ctrl_fsm_cs{"}
,{"expanded":false,"Exclusion Rule Type":"None","UNR":"none","title":"auto[DBG_FLUSH]","All Average Grd":"100%","All Cov":"1 / 1 (100%)","Score":"272","At Least":"1","Source":"          state: coverpoint cntxt.debug_cntxt.vif_cov.mon_cb.ctrl_fsm_cs{"}
,{"expanded":false,"Exclusion Rule Type":"None","UNR":"none","title":"auto[DBG_WAIT_BRANCH]","All Average Grd":"100%","All Cov":"1 / 1 (100%)","Score":"11","At Least":"1","Source":"          state: coverpoint cntxt.debug_cntxt.vif_cov.mon_cb.ctrl_fsm_cs{"}
],"columns":""}
]}
,{"expanded":false,"Exclusion Rule Type":"None","UNR":"none","title":"cg_ebreak_execute_with_ebreakm","All Average Grd":"100%","All Cov":"5 / 5 (100%)","Enclosing Entity":"uvm_pkg.uvm_test_top.env.cov_model.debug_covg","Source":"  covergroup cg_ebreak_execute_with_ebreakm;"
,"subitems":[{"expanded":false,"Exclusion Rule Type":"None","UNR":"none","title":"ex","At Least":"1","All Average Grd":"100%","All Cov":"1 / 1 (100%)","Source":"          ex: coverpoint cntxt.debug_cntxt.vif_cov.mon_cb.is_ebreak {"
,"subitems":[{"expanded":false,"Exclusion Rule Type":"None","UNR":"none","title":"active","All Average Grd":"100%","All Cov":"1 / 1 (100%)","Score":"71865","At Least":"1","Source":"                  bins active = {1};"}
],"columns":""}
,{"expanded":false,"Exclusion Rule Type":"None","UNR":"none","title":"ebreakm_set","At Least":"1","All Average Grd":"100%","All Cov":"1 / 1 (100%)","Source":"          ebreakm_set: coverpoint cntxt.debug_cntxt.vif_cov.mon_cb.dcsr_q[15] {"
,"subitems":[{"expanded":false,"Exclusion Rule Type":"None","UNR":"none","title":"active","All Average Grd":"100%","All Cov":"1 / 1 (100%)","Score":"149367691","At Least":"1","Source":"                  bins active = {1};"}
],"columns":""}
,{"expanded":false,"Exclusion Rule Type":"None","UNR":"none","title":"dm","At Least":"1","All Average Grd":"100%","All Cov":"1 / 1 (100%)","Source":"          dm : coverpoint cntxt.debug_cntxt.vif_cov.mon_cb.debug_mode_q {"
,"subitems":[{"expanded":false,"Exclusion Rule Type":"None","UNR":"none","title":"active","All Average Grd":"100%","All Cov":"1 / 1 (100%)","Score":"172586623","At Least":"1","Source":"                  bins active = {1};"}
],"columns":""}
,{"expanded":false,"Exclusion Rule Type":"None","UNR":"none","title":"ebreak_with_ebreakm","At Least":"1","All Average Grd":"100%","All Cov":"1 / 1 (100%)","Source":"          ebreak_with_ebreakm: cross ex, ebreakm_set;  "
,"subitems":[{"expanded":false,"Exclusion Rule Type":"None","UNR":"none","title":"active;active","All Average Grd":"100%","All Cov":"1 / 1 (100%)","Score":"57146","At Least":"1","Source":"          ebreak_with_ebreakm: cross ex, ebreakm_set;  "}
],"columns":"ex;ebreakm_set"}
,{"expanded":false,"Exclusion Rule Type":"None","UNR":"none","title":"ebreak_in_debug","At Least":"1","All Average Grd":"100%","All Cov":"1 / 1 (100%)","Source":"          ebreak_in_debug : cross ex, dm;"
,"subitems":[{"expanded":false,"Exclusion Rule Type":"None","UNR":"none","title":"active;active","All Average Grd":"100%","All Cov":"1 / 1 (100%)","Score":"10077","At Least":"1","Source":"          ebreak_in_debug : cross ex, dm;"}
],"columns":"ex;dm"}
]}
,{"expanded":false,"Exclusion Rule Type":"None","UNR":"none","title":"cg_cebreak_execute_with_ebreakm","All Average Grd":"100%","All Cov":"5 / 5 (100%)","Enclosing Entity":"uvm_pkg.uvm_test_top.env.cov_model.debug_covg","Source":"  covergroup cg_cebreak_execute_with_ebreakm;"
,"subitems":[{"expanded":false,"Exclusion Rule Type":"None","UNR":"none","title":"ex","At Least":"1","All Average Grd":"100%","All Cov":"1 / 1 (100%)","Source":"          ex: coverpoint cntxt.debug_cntxt.vif_cov.mon_cb.is_cebreak {"
,"subitems":[{"expanded":false,"Exclusion Rule Type":"None","UNR":"none","title":"active","All Average Grd":"100%","All Cov":"1 / 1 (100%)","Score":"69455","At Least":"1","Source":"                  bins active = {1};"}
],"columns":""}
,{"expanded":false,"Exclusion Rule Type":"None","UNR":"none","title":"ebreakm_set","At Least":"1","All Average Grd":"100%","All Cov":"1 / 1 (100%)","Source":"          ebreakm_set: coverpoint cntxt.debug_cntxt.vif_cov.mon_cb.dcsr_q[15] {"
,"subitems":[{"expanded":false,"Exclusion Rule Type":"None","UNR":"none","title":"active","All Average Grd":"100%","All Cov":"1 / 1 (100%)","Score":"149367691","At Least":"1","Source":"                  bins active = {1};"}
],"columns":""}
,{"expanded":false,"Exclusion Rule Type":"None","UNR":"none","title":"dm","At Least":"1","All Average Grd":"100%","All Cov":"1 / 1 (100%)","Source":"          dm : coverpoint cntxt.debug_cntxt.vif_cov.mon_cb.debug_mode_q {"
,"subitems":[{"expanded":false,"Exclusion Rule Type":"None","UNR":"none","title":"active","All Average Grd":"100%","All Cov":"1 / 1 (100%)","Score":"172586623","At Least":"1","Source":"                  bins active = {1};"}
],"columns":""}
,{"expanded":false,"Exclusion Rule Type":"None","UNR":"none","title":"cebreak_with_ebreakm","At Least":"1","All Average Grd":"100%","All Cov":"1 / 1 (100%)","Source":"          cebreak_with_ebreakm: cross ex, ebreakm_set;  "
,"subitems":[{"expanded":false,"Exclusion Rule Type":"None","UNR":"none","title":"active;active","All Average Grd":"100%","All Cov":"1 / 1 (100%)","Score":"55025","At Least":"1","Source":"          cebreak_with_ebreakm: cross ex, ebreakm_set;  "}
],"columns":"ex;ebreakm_set"}
,{"expanded":false,"Exclusion Rule Type":"None","UNR":"none","title":"cebreak_in_debug","At Least":"1","All Average Grd":"100%","All Cov":"1 / 1 (100%)","Source":"          cebreak_in_debug : cross ex, dm;"
,"subitems":[{"expanded":false,"Exclusion Rule Type":"None","UNR":"none","title":"active;active","All Average Grd":"100%","All Cov":"1 / 1 (100%)","Score":"7641","At Least":"1","Source":"          cebreak_in_debug : cross ex, dm;"}
],"columns":"ex;dm"}
]}
,{"expanded":false,"Exclusion Rule Type":"None","UNR":"none","title":"cg_ebreak_execute_without_ebreakm","All Average Grd":"100%","All Cov":"6 / 6 (100%)","Enclosing Entity":"uvm_pkg.uvm_test_top.env.cov_model.debug_covg","Source":"  covergroup cg_ebreak_execute_without_ebreakm;"
,"subitems":[{"expanded":false,"Exclusion Rule Type":"None","UNR":"none","title":"ex","At Least":"1","All Average Grd":"100%","All Cov":"1 / 1 (100%)","Source":"          ex: coverpoint cntxt.debug_cntxt.vif_cov.mon_cb.is_ebreak {"
,"subitems":[{"expanded":false,"Exclusion Rule Type":"None","UNR":"none","title":"active","All Average Grd":"100%","All Cov":"1 / 1 (100%)","Score":"71865","At Least":"1","Source":"                  bins active = {1};"}
],"columns":""}
,{"expanded":false,"Exclusion Rule Type":"None","UNR":"none","title":"ebreakm_clear","At Least":"1","All Average Grd":"100%","All Cov":"1 / 1 (100%)","Source":"          ebreakm_clear: coverpoint cntxt.debug_cntxt.vif_cov.mon_cb.dcsr_q[15] {"
,"subitems":[{"expanded":false,"Exclusion Rule Type":"None","UNR":"none","title":"active","All Average Grd":"100%","All Cov":"1 / 1 (100%)","Score":"471156425","At Least":"1","Source":"                  bins active = {0};"}
],"columns":""}
,{"expanded":false,"Exclusion Rule Type":"None","UNR":"none","title":"step","At Least":"1","All Average Grd":"100%","All Cov":"1 / 1 (100%)","Source":"          step: coverpoint cntxt.debug_cntxt.vif_cov.mon_cb.dcsr_q[2] {"
,"subitems":[{"expanded":false,"Exclusion Rule Type":"None","UNR":"none","title":"active","All Average Grd":"100%","All Cov":"1 / 1 (100%)","Score":"80321890","At Least":"1","Source":"                  bins active = {1};"}
],"columns":""}
,{"expanded":false,"Exclusion Rule Type":"None","UNR":"none","title":"nostep","At Least":"1","All Average Grd":"100%","All Cov":"1 / 1 (100%)","Source":"          nostep: coverpoint cntxt.debug_cntxt.vif_cov.mon_cb.dcsr_q[2] {"
,"subitems":[{"expanded":false,"Exclusion Rule Type":"None","UNR":"none","title":"active","All Average Grd":"100%","All Cov":"1 / 1 (100%)","Score":"540202226","At Least":"1","Source":"                  bins active = {0};"}
],"columns":""}
,{"expanded":false,"Exclusion Rule Type":"None","UNR":"none","title":"ebreak_regular_nodebug","At Least":"1","All Average Grd":"100%","All Cov":"1 / 1 (100%)","Source":"          ebreak_regular_nodebug: cross ex, ebreakm_clear, nostep;"
,"subitems":[{"expanded":false,"Exclusion Rule Type":"None","UNR":"none","title":"active;active;active","All Average Grd":"100%","All Cov":"1 / 1 (100%)","Score":"14718","At Least":"1","Source":"          ebreak_regular_nodebug: cross ex, ebreakm_clear, nostep;"}
],"columns":"ex;ebreakm_clear;nostep"}
,{"expanded":false,"Exclusion Rule Type":"None","UNR":"none","title":"ebreak_step_nodebug","At Least":"1","All Average Grd":"100%","All Cov":"1 / 1 (100%)","Source":"          ebreak_step_nodebug : cross ex, ebreakm_clear, step;"
,"subitems":[{"expanded":false,"Exclusion Rule Type":"None","UNR":"none","title":"active;active;active","All Average Grd":"100%","All Cov":"1 / 1 (100%)","Score":"1","At Least":"1","Source":"          ebreak_step_nodebug : cross ex, ebreakm_clear, step;"}
],"columns":"ex;ebreakm_clear;step"}
]}
,{"expanded":false,"Exclusion Rule Type":"None","UNR":"none","title":"cg_cebreak_execute_without_ebreakm","All Average Grd":"100%","All Cov":"6 / 6 (100%)","Enclosing Entity":"uvm_pkg.uvm_test_top.env.cov_model.debug_covg","Source":"  covergroup cg_cebreak_execute_without_ebreakm;"
,"subitems":[{"expanded":false,"Exclusion Rule Type":"None","UNR":"none","title":"ex","At Least":"1","All Average Grd":"100%","All Cov":"1 / 1 (100%)","Source":"          ex: coverpoint cntxt.debug_cntxt.vif_cov.mon_cb.is_cebreak {"
,"subitems":[{"expanded":false,"Exclusion Rule Type":"None","UNR":"none","title":"active","All Average Grd":"100%","All Cov":"1 / 1 (100%)","Score":"69455","At Least":"1","Source":"                  bins active = {1};"}
],"columns":""}
,{"expanded":false,"Exclusion Rule Type":"None","UNR":"none","title":"ebreakm_clear","At Least":"1","All Average Grd":"100%","All Cov":"1 / 1 (100%)","Source":"          ebreakm_clear: coverpoint cntxt.debug_cntxt.vif_cov.mon_cb.dcsr_q[15] {"
,"subitems":[{"expanded":false,"Exclusion Rule Type":"None","UNR":"none","title":"active","All Average Grd":"100%","All Cov":"1 / 1 (100%)","Score":"471156425","At Least":"1","Source":"                  bins active = {0};"}
],"columns":""}
,{"expanded":false,"Exclusion Rule Type":"None","UNR":"none","title":"step","At Least":"1","All Average Grd":"100%","All Cov":"1 / 1 (100%)","Source":"          step: coverpoint cntxt.debug_cntxt.vif_cov.mon_cb.dcsr_q[2] {"
,"subitems":[{"expanded":false,"Exclusion Rule Type":"None","UNR":"none","title":"active","All Average Grd":"100%","All Cov":"1 / 1 (100%)","Score":"80321890","At Least":"1","Source":"                  bins active = {1};"}
],"columns":""}
,{"expanded":false,"Exclusion Rule Type":"None","UNR":"none","title":"nostep","At Least":"1","All Average Grd":"100%","All Cov":"1 / 1 (100%)","Source":"          nostep: coverpoint cntxt.debug_cntxt.vif_cov.mon_cb.dcsr_q[2] {"
,"subitems":[{"expanded":false,"Exclusion Rule Type":"None","UNR":"none","title":"active","All Average Grd":"100%","All Cov":"1 / 1 (100%)","Score":"540202226","At Least":"1","Source":"                  bins active = {0};"}
],"columns":""}
,{"expanded":false,"Exclusion Rule Type":"None","UNR":"none","title":"cebreak_regular_nodebug","At Least":"1","All Average Grd":"100%","All Cov":"1 / 1 (100%)","Source":"          cebreak_regular_nodebug: cross ex, ebreakm_clear, nostep;"
,"subitems":[{"expanded":false,"Exclusion Rule Type":"None","UNR":"none","title":"active;active;active","All Average Grd":"100%","All Cov":"1 / 1 (100%)","Score":"14429","At Least":"1","Source":"          cebreak_regular_nodebug: cross ex, ebreakm_clear, nostep;"}
],"columns":"ex;ebreakm_clear;nostep"}
,{"expanded":false,"Exclusion Rule Type":"None","UNR":"none","title":"cebreak_step_nodebug","At Least":"1","All Average Grd":"100%","All Cov":"1 / 1 (100%)","Source":"          cebreak_step_nodebug : cross ex, ebreakm_clear, step;"
,"subitems":[{"expanded":false,"Exclusion Rule Type":"None","UNR":"none","title":"active;active;active","All Average Grd":"100%","All Cov":"1 / 1 (100%)","Score":"1","At Least":"1","Source":"          cebreak_step_nodebug : cross ex, ebreakm_clear, step;"}
],"columns":"ex;ebreakm_clear;step"}
]}
,{"expanded":false,"Exclusion Rule Type":"None","UNR":"none","title":"cg_trigger_match","All Average Grd":"100%","All Cov":"3 / 3 (100%)","Enclosing Entity":"uvm_pkg.uvm_test_top.env.cov_model.debug_covg","Source":"    covergroup cg_trigger_match;"
,"subitems":[{"expanded":false,"Exclusion Rule Type":"None","UNR":"none","title":"en","At Least":"1","All Average Grd":"100%","All Cov":"1 / 1 (100%)","Source":"        en : coverpoint cntxt.debug_cntxt.vif_cov.mon_cb.tdata1[2] {"
,"subitems":[{"expanded":false,"Exclusion Rule Type":"None","UNR":"none","title":"active","All Average Grd":"100%","All Cov":"1 / 1 (100%)","Score":"555300","At Least":"1","Source":"            bins active = {1};"}
],"columns":""}
,{"expanded":false,"Exclusion Rule Type":"None","UNR":"none","title":"match","At Least":"1","All Average Grd":"100%","All Cov":"1 / 1 (100%)","Source":"        match: coverpoint cntxt.debug_cntxt.vif_cov.mon_cb.trigger_match_i {"
,"subitems":[{"expanded":false,"Exclusion Rule Type":"None","UNR":"none","title":"hit","All Average Grd":"100%","All Cov":"1 / 1 (100%)","Score":"33","At Least":"1","Source":"            bins hit = {1};"}
],"columns":""}
,{"expanded":false,"Exclusion Rule Type":"None","UNR":"none","title":"ok_match","At Least":"1","All Average Grd":"100%","All Cov":"1 / 1 (100%)","Source":"        ok_match: cross en, match;"
,"subitems":[{"expanded":false,"Exclusion Rule Type":"None","UNR":"none","title":"active;hit","All Average Grd":"100%","All Cov":"1 / 1 (100%)","Score":"33","At Least":"1","Source":"        ok_match: cross en, match;"}
],"columns":"en;match"}
]}
,{"expanded":false,"Exclusion Rule Type":"None","UNR":"none","title":"cg_trigger_match_disabled","All Average Grd":"100%","All Cov":"8 / 8 (100%)","Enclosing Entity":"uvm_pkg.uvm_test_top.env.cov_model.debug_covg","Source":"    covergroup cg_trigger_match_disabled;"
,"subitems":[{"expanded":false,"Exclusion Rule Type":"None","UNR":"none","title":"dis","At Least":"1","All Average Grd":"100%","All Cov":"1 / 1 (100%)","Source":"        dis : coverpoint cntxt.debug_cntxt.vif_cov.mon_cb.tdata1[2] {"
,"subitems":[{"expanded":false,"Exclusion Rule Type":"None","UNR":"none","title":"hit","All Average Grd":"100%","All Cov":"1 / 1 (100%)","Score":"619968816","At Least":"1","Source":"            bins hit = {0};"}
],"columns":""}
,{"expanded":false,"Exclusion Rule Type":"None","UNR":"none","title":"en","At Least":"1","All Average Grd":"100%","All Cov":"1 / 1 (100%)","Source":"        en : coverpoint cntxt.debug_cntxt.vif_cov.mon_cb.tdata1[2] {"
,"subitems":[{"expanded":false,"Exclusion Rule Type":"None","UNR":"none","title":"hit","All Average Grd":"100%","All Cov":"1 / 1 (100%)","Score":"555300","At Least":"1","Source":"            bins hit = {1};"}
],"columns":""}
,{"expanded":false,"Exclusion Rule Type":"None","UNR":"none","title":"match","At Least":"1","All Average Grd":"100%","All Cov":"1 / 1 (100%)","Source":"        match: coverpoint cntxt.debug_cntxt.vif_cov.mon_cb.addr_match {"
,"subitems":[{"expanded":false,"Exclusion Rule Type":"None","UNR":"none","title":"hit","All Average Grd":"100%","All Cov":"1 / 1 (100%)","Score":"166035","At Least":"1","Source":"           bins hit = {1};"}
],"columns":""}
,{"expanded":false,"Exclusion Rule Type":"None","UNR":"none","title":"mmode","At Least":"1","All Average Grd":"100%","All Cov":"1 / 1 (100%)","Source":"        mmode : coverpoint cntxt.debug_cntxt.vif_cov.mon_cb.debug_mode_q {"
,"subitems":[{"expanded":false,"Exclusion Rule Type":"None","UNR":"none","title":"m","All Average Grd":"100%","All Cov":"1 / 1 (100%)","Score":"447937493","At Least":"1","Source":"           bins m = {0};"}
],"columns":""}
,{"expanded":false,"Exclusion Rule Type":"None","UNR":"none","title":"dmode","At Least":"1","All Average Grd":"100%","All Cov":"1 / 1 (100%)","Source":"        dmode : coverpoint cntxt.debug_cntxt.vif_cov.mon_cb.debug_mode_q {"
,"subitems":[{"expanded":false,"Exclusion Rule Type":"None","UNR":"none","title":"m","All Average Grd":"100%","All Cov":"1 / 1 (100%)","Score":"172586623","At Least":"1","Source":"           bins m = {1};"}
],"columns":""}
,{"expanded":false,"Exclusion Rule Type":"None","UNR":"none","title":"m_match_without_en","At Least":"1","All Average Grd":"100%","All Cov":"1 / 1 (100%)","Source":"        m_match_without_en : cross dis, match, mmode;"
,"subitems":[{"expanded":false,"Exclusion Rule Type":"None","UNR":"none","title":"hit;hit;m","All Average Grd":"100%","All Cov":"1 / 1 (100%)","Score":"165668","At Least":"1","Source":"        m_match_without_en : cross dis, match, mmode;"}
],"columns":"dis;match;mmode"}
,{"expanded":false,"Exclusion Rule Type":"None","UNR":"none","title":"d_match_without_en","At Least":"1","All Average Grd":"100%","All Cov":"1 / 1 (100%)","Source":"        d_match_without_en : cross dis, match, dmode;"
,"subitems":[{"expanded":false,"Exclusion Rule Type":"None","UNR":"none","title":"hit;hit;m","All Average Grd":"100%","All Cov":"1 / 1 (100%)","Score":"334","At Least":"1","Source":"        d_match_without_en : cross dis, match, dmode;"}
],"columns":"dis;match;dmode"}
,{"expanded":false,"Exclusion Rule Type":"None","UNR":"none","title":"d_match_with_en","At Least":"1","All Average Grd":"100%","All Cov":"1 / 1 (100%)","Source":"        d_match_with_en    : cross en, match, dmode;"
,"subitems":[{"expanded":false,"Exclusion Rule Type":"None","UNR":"none","title":"hit;hit;m","All Average Grd":"100%","All Cov":"1 / 1 (100%)","Score":"9","At Least":"1","Source":"        d_match_with_en    : cross en, match, dmode;"}
],"columns":"en;match;dmode"}
]}
,{"expanded":false,"Exclusion Rule Type":"None","UNR":"none","title":"cg_debug_mode_exception","All Average Grd":"100%","All Cov":"3 / 3 (100%)","Enclosing Entity":"uvm_pkg.uvm_test_top.env.cov_model.debug_covg","Source":"    covergroup cg_debug_mode_exception;"
,"subitems":[{"expanded":false,"Exclusion Rule Type":"None","UNR":"none","title":"dm","At Least":"1","All Average Grd":"100%","All Cov":"1 / 1 (100%)","Source":"        dm : coverpoint cntxt.debug_cntxt.vif_cov.mon_cb.debug_mode_q {"
,"subitems":[{"expanded":false,"Exclusion Rule Type":"None","UNR":"none","title":"hit","All Average Grd":"100%","All Cov":"1 / 1 (100%)","Score":"172586623","At Least":"1","Source":"            bins hit  = {1};"}
],"columns":""}
,{"expanded":false,"Exclusion Rule Type":"None","UNR":"none","title":"ill","At Least":"1","All Average Grd":"100%","All Cov":"1 / 1 (100%)","Source":"        ill : coverpoint cntxt.debug_cntxt.vif_cov.mon_cb.illegal_insn_q {"
,"subitems":[{"expanded":false,"Exclusion Rule Type":"None","UNR":"none","title":"hit","All Average Grd":"100%","All Cov":"1 / 1 (100%)","Score":"330140","At Least":"1","Source":"            bins hit = {1};"}
],"columns":""}
,{"expanded":false,"Exclusion Rule Type":"None","UNR":"none","title":"ex_in_debug","At Least":"1","All Average Grd":"100%","All Cov":"1 / 1 (100%)","Source":"        ex_in_debug : cross dm, ill;"
,"subitems":[{"expanded":false,"Exclusion Rule Type":"None","UNR":"none","title":"hit;hit","All Average Grd":"100%","All Cov":"1 / 1 (100%)","Score":"2","At Least":"1","Source":"        ex_in_debug : cross dm, ill;"}
],"columns":"dm;ill"}
]}
,{"expanded":false,"Exclusion Rule Type":"None","UNR":"none","title":"cg_debug_mode_ecall","All Average Grd":"100%","All Cov":"3 / 3 (100%)","Enclosing Entity":"uvm_pkg.uvm_test_top.env.cov_model.debug_covg","Source":"    covergroup cg_debug_mode_ecall;"
,"subitems":[{"expanded":false,"Exclusion Rule Type":"None","UNR":"none","title":"dm","At Least":"1","All Average Grd":"100%","All Cov":"1 / 1 (100%)","Source":"        dm : coverpoint cntxt.debug_cntxt.vif_cov.mon_cb.debug_mode_q {"
,"subitems":[{"expanded":false,"Exclusion Rule Type":"None","UNR":"none","title":"hit","All Average Grd":"100%","All Cov":"1 / 1 (100%)","Score":"172586623","At Least":"1","Source":"            bins hit  = {1};"}
],"columns":""}
,{"expanded":false,"Exclusion Rule Type":"None","UNR":"none","title":"ill","At Least":"1","All Average Grd":"100%","All Cov":"1 / 1 (100%)","Source":"        ill : coverpoint cntxt.debug_cntxt.vif_cov.mon_cb.ecall_insn_i {"
,"subitems":[{"expanded":false,"Exclusion Rule Type":"None","UNR":"none","title":"hit","All Average Grd":"100%","All Cov":"1 / 1 (100%)","Score":"4980","At Least":"1","Source":"            bins hit = {1};"}
],"columns":""}
,{"expanded":false,"Exclusion Rule Type":"None","UNR":"none","title":"ex_in_debug","At Least":"1","All Average Grd":"100%","All Cov":"1 / 1 (100%)","Source":"        ex_in_debug : cross dm, ill;"
,"subitems":[{"expanded":false,"Exclusion Rule Type":"None","UNR":"none","title":"hit;hit","All Average Grd":"100%","All Cov":"1 / 1 (100%)","Score":"5","At Least":"1","Source":"        ex_in_debug : cross dm, ill;"}
],"columns":"dm;ill"}
]}
,{"expanded":false,"Exclusion Rule Type":"None","UNR":"none","title":"cg_irq_in_debug","All Average Grd":"100%","All Cov":"3 / 3 (100%)","Enclosing Entity":"uvm_pkg.uvm_test_top.env.cov_model.debug_covg","Source":"    covergroup cg_irq_in_debug;"
,"subitems":[{"expanded":false,"Exclusion Rule Type":"None","UNR":"none","title":"dm","At Least":"1","All Average Grd":"100%","All Cov":"1 / 1 (100%)","Source":"        dm : coverpoint cntxt.debug_cntxt.vif_cov.mon_cb.debug_mode_q {"
,"subitems":[{"expanded":false,"Exclusion Rule Type":"None","UNR":"none","title":"hit","All Average Grd":"100%","All Cov":"1 / 1 (100%)","Score":"172586623","At Least":"1","Source":"            bins hit  = {1};"}
],"columns":""}
,{"expanded":false,"Exclusion Rule Type":"None","UNR":"none","title":"irq","At Least":"1","All Average Grd":"100%","All Cov":"1 / 1 (100%)","Source":"        irq : coverpoint |cntxt.debug_cntxt.vif_cov.mon_cb.irq_i {"
,"subitems":[{"expanded":false,"Exclusion Rule Type":"None","UNR":"none","title":"hit","All Average Grd":"100%","All Cov":"1 / 1 (100%)","Score":"333429798","At Least":"1","Source":"            bins hit = {1};"}
],"columns":""}
,{"expanded":false,"Exclusion Rule Type":"None","UNR":"none","title":"ex_in_debug","At Least":"1","All Average Grd":"100%","All Cov":"1 / 1 (100%)","Source":"        ex_in_debug : cross dm, irq;"
,"subitems":[{"expanded":false,"Exclusion Rule Type":"None","UNR":"none","title":"hit;hit","All Average Grd":"100%","All Cov":"1 / 1 (100%)","Score":"30972247","At Least":"1","Source":"        ex_in_debug : cross dm, irq;"}
],"columns":"dm;irq"}
]}
,{"expanded":false,"Exclusion Rule Type":"None","UNR":"none","title":"cg_wfi_in_debug","All Average Grd":"100%","All Cov":"3 / 3 (100%)","Enclosing Entity":"uvm_pkg.uvm_test_top.env.cov_model.debug_covg","Source":"    covergroup cg_wfi_in_debug;"
,"subitems":[{"expanded":false,"Exclusion Rule Type":"None","UNR":"none","title":"iswfi","At Least":"1","All Average Grd":"100%","All Cov":"1 / 1 (100%)","Source":"        iswfi : coverpoint cntxt.debug_cntxt.vif_cov.mon_cb.is_wfi {"
,"subitems":[{"expanded":false,"Exclusion Rule Type":"None","UNR":"none","title":"hit","All Average Grd":"100%","All Cov":"1 / 1 (100%)","Score":"1087922","At Least":"1","Source":"                bins hit  = {1};"}
],"columns":""}
,{"expanded":false,"Exclusion Rule Type":"None","UNR":"none","title":"dm","At Least":"1","All Average Grd":"100%","All Cov":"1 / 1 (100%)","Source":"        dm : coverpoint cntxt.debug_cntxt.vif_cov.mon_cb.debug_mode_q {"
,"subitems":[{"expanded":false,"Exclusion Rule Type":"None","UNR":"none","title":"hit","All Average Grd":"100%","All Cov":"1 / 1 (100%)","Score":"172586623","At Least":"1","Source":"            bins hit = {1};"}
],"columns":""}
,{"expanded":false,"Exclusion Rule Type":"None","UNR":"none","title":"dm_wfi","At Least":"1","All Average Grd":"100%","All Cov":"1 / 1 (100%)","Source":"        dm_wfi : cross iswfi, dm;"
,"subitems":[{"expanded":false,"Exclusion Rule Type":"None","UNR":"none","title":"hit;hit","All Average Grd":"100%","All Cov":"1 / 1 (100%)","Score":"845199","At Least":"1","Source":"        dm_wfi : cross iswfi, dm;"}
],"columns":"iswfi;dm"}
]}
,{"expanded":false,"Exclusion Rule Type":"None","UNR":"none","title":"cg_wfi_debug_req","All Average Grd":"100%","All Cov":"3 / 3 (100%)","Enclosing Entity":"uvm_pkg.uvm_test_top.env.cov_model.debug_covg","Source":"    covergroup cg_wfi_debug_req;"
,"subitems":[{"expanded":false,"Exclusion Rule Type":"None","UNR":"none","title":"inwfi","At Least":"1","All Average Grd":"100%","All Cov":"1 / 1 (100%)","Source":"        inwfi : coverpoint cntxt.debug_cntxt.vif_cov.mon_cb.in_wfi {"
,"subitems":[{"expanded":false,"Exclusion Rule Type":"None","UNR":"none","title":"hit","All Average Grd":"100%","All Cov":"1 / 1 (100%)","Score":"228743572","At Least":"1","Source":"                bins hit  = {1};"}
],"columns":""}
,{"expanded":false,"Exclusion Rule Type":"None","UNR":"none","title":"dreq","At Least":"1","All Average Grd":"100%","All Cov":"1 / 1 (100%)","Source":"        dreq: coverpoint cntxt.debug_cntxt.vif_cov.mon_cb.debug_req_i {"
,"subitems":[{"expanded":false,"Exclusion Rule Type":"None","UNR":"none","title":"hit","All Average Grd":"100%","All Cov":"1 / 1 (100%)","Score":"12192684","At Least":"1","Source":"            bins hit = {1};"}
],"columns":""}
,{"expanded":false,"Exclusion Rule Type":"None","UNR":"none","title":"dm_wfi","At Least":"1","All Average Grd":"100%","All Cov":"1 / 1 (100%)","Source":"        dm_wfi : cross inwfi, dreq;"
,"subitems":[{"expanded":false,"Exclusion Rule Type":"None","UNR":"none","title":"hit;hit","All Average Grd":"100%","All Cov":"1 / 1 (100%)","Score":"41310","At Least":"1","Source":"        dm_wfi : cross inwfi, dreq;"}
],"columns":"inwfi;dreq"}
]}
,{"expanded":false,"Exclusion Rule Type":"None","UNR":"none","title":"cg_single_step","All Average Grd":"100%","All Cov":"15 / 15 (100%)","Enclosing Entity":"uvm_pkg.uvm_test_top.env.cov_model.debug_covg","Source":"    covergroup cg_single_step;"
,"subitems":[{"expanded":false,"Exclusion Rule Type":"None","UNR":"none","title":"step","At Least":"1","All Average Grd":"100%","All Cov":"1 / 1 (100%)","Source":"        step : coverpoint cntxt.debug_cntxt.vif_cov.mon_cb.dcsr_q[2] {"
,"subitems":[{"expanded":false,"Exclusion Rule Type":"None","UNR":"none","title":"en","All Average Grd":"100%","All Cov":"1 / 1 (100%)","Score":"80321890","At Least":"1","Source":"                bins en  = {1};"}
],"columns":""}
,{"expanded":false,"Exclusion Rule Type":"None","UNR":"none","title":"mmode","At Least":"1","All Average Grd":"100%","All Cov":"1 / 1 (100%)","Source":"        mmode: coverpoint cntxt.debug_cntxt.vif_cov.mon_cb.debug_mode_q {"
,"subitems":[{"expanded":false,"Exclusion Rule Type":"None","UNR":"none","title":"hit","All Average Grd":"100%","All Cov":"1 / 1 (100%)","Score":"447937493","At Least":"1","Source":"            bins hit = {0};"}
],"columns":""}
,{"expanded":false,"Exclusion Rule Type":"None","UNR":"none","title":"trigger","At Least":"1","All Average Grd":"100%","All Cov":"1 / 1 (100%)","Source":"        trigger : coverpoint cntxt.debug_cntxt.vif_cov.mon_cb.trigger_match_i {"
,"subitems":[{"expanded":false,"Exclusion Rule Type":"None","UNR":"none","title":"hit","All Average Grd":"100%","All Cov":"1 / 1 (100%)","Score":"33","At Least":"1","Source":"            bins hit = {1};"}
],"columns":""}
,{"expanded":false,"Exclusion Rule Type":"None","UNR":"none","title":"wfi","At Least":"1","All Average Grd":"100%","All Cov":"1 / 1 (100%)","Source":"        wfi : coverpoint cntxt.debug_cntxt.vif_cov.mon_cb.is_wfi {"
,"subitems":[{"expanded":false,"Exclusion Rule Type":"None","UNR":"none","title":"hit","All Average Grd":"100%","All Cov":"1 / 1 (100%)","Score":"1087922","At Least":"1","Source":"            bins hit = {1};"}
],"columns":""}
,{"expanded":false,"Exclusion Rule Type":"None","UNR":"none","title":"ill","At Least":"1","All Average Grd":"100%","All Cov":"1 / 1 (100%)","Source":"        ill : coverpoint cntxt.debug_cntxt.vif_cov.mon_cb.illegal_insn_i {"
,"subitems":[{"expanded":false,"Exclusion Rule Type":"None","UNR":"none","title":"hit","All Average Grd":"100%","All Cov":"1 / 1 (100%)","Score":"1422054","At Least":"1","Source":"            bins hit = {1};"}
],"columns":""}
,{"expanded":false,"Exclusion Rule Type":"None","UNR":"none","title":"pc_will_trig","At Least":"1","All Average Grd":"100%","All Cov":"1 / 1 (100%)","Source":"        pc_will_trig : coverpoint cntxt.debug_cntxt.vif_cov.mon_cb.dpc_will_hit {"
,"subitems":[{"expanded":false,"Exclusion Rule Type":"None","UNR":"none","title":"hit","All Average Grd":"100%","All Cov":"1 / 1 (100%)","Score":"384534719","At Least":"1","Source":"            bins hit = {1};"}
],"columns":""}
,{"expanded":false,"Exclusion Rule Type":"None","UNR":"none","title":"stepie","At Least":"1","All Average Grd":"100%","All Cov":"2 / 2 (100%)","Source":"        stepie : coverpoint cntxt.debug_cntxt.vif_cov.mon_cb.dcsr_q[11];"
,"subitems":[{"expanded":false,"Exclusion Rule Type":"None","UNR":"none","title":"auto[0]","All Average Grd":"100%","All Cov":"1 / 1 (100%)","Score":"620379782","At Least":"1","Source":"        stepie : coverpoint cntxt.debug_cntxt.vif_cov.mon_cb.dcsr_q[11];"}
,{"expanded":false,"Exclusion Rule Type":"None","UNR":"none","title":"auto[1]","All Average Grd":"100%","All Cov":"1 / 1 (100%)","Score":"144334","At Least":"1","Source":"        stepie : coverpoint cntxt.debug_cntxt.vif_cov.mon_cb.dcsr_q[11];"}
],"columns":""}
,{"expanded":false,"Exclusion Rule Type":"None","UNR":"none","title":"mmode_step","At Least":"1","All Average Grd":"100%","All Cov":"1 / 1 (100%)","Source":"        mmode_step : cross step, mmode;"
,"subitems":[{"expanded":false,"Exclusion Rule Type":"None","UNR":"none","title":"en;hit","All Average Grd":"100%","All Cov":"1 / 1 (100%)","Score":"800460","At Least":"1","Source":"        mmode_step : cross step, mmode;"}
],"columns":"step;mmode"}
,{"expanded":false,"Exclusion Rule Type":"None","UNR":"none","title":"mmode_step_trigger_match","At Least":"1","All Average Grd":"100%","All Cov":"1 / 1 (100%)","Source":"        mmode_step_trigger_match : cross step, mmode, trigger;"
,"subitems":[{"expanded":false,"Exclusion Rule Type":"None","UNR":"none","title":"en;hit;hit","All Average Grd":"100%","All Cov":"1 / 1 (100%)","Score":"3","At Least":"1","Source":"        mmode_step_trigger_match : cross step, mmode, trigger;"}
],"columns":"step;mmode;trigger"}
,{"expanded":false,"Exclusion Rule Type":"None","UNR":"none","title":"mmode_step_wfi","At Least":"1","All Average Grd":"100%","All Cov":"1 / 1 (100%)","Source":"        mmode_step_wfi : cross step, mmode, wfi;"
,"subitems":[{"expanded":false,"Exclusion Rule Type":"None","UNR":"none","title":"en;hit;hit","All Average Grd":"100%","All Cov":"1 / 1 (100%)","Score":"2088","At Least":"1","Source":"        mmode_step_wfi : cross step, mmode, wfi;"}
],"columns":"step;mmode;wfi"}
,{"expanded":false,"Exclusion Rule Type":"None","UNR":"none","title":"mmode_step_stepie","At Least":"1","All Average Grd":"100%","All Cov":"2 / 2 (100%)","Source":"        mmode_step_stepie : cross step, mmode, stepie;"
,"subitems":[{"expanded":false,"Exclusion Rule Type":"None","UNR":"none","title":"en;hit;auto[0]","All Average Grd":"100%","All Cov":"1 / 1 (100%)","Score":"796434","At Least":"1","Source":"        mmode_step_stepie : cross step, mmode, stepie;"}
,{"expanded":false,"Exclusion Rule Type":"None","UNR":"none","title":"en;hit;auto[1]","All Average Grd":"100%","All Cov":"1 / 1 (100%)","Score":"4026","At Least":"1","Source":"        mmode_step_stepie : cross step, mmode, stepie;"}
],"columns":"step;mmode;stepie"}
,{"expanded":false,"Exclusion Rule Type":"None","UNR":"none","title":"mmode_step_illegal","At Least":"1","All Average Grd":"100%","All Cov":"1 / 1 (100%)","Source":"        mmode_step_illegal : cross step, mmode, ill;"
,"subitems":[{"expanded":false,"Exclusion Rule Type":"None","UNR":"none","title":"en;hit;hit","All Average Grd":"100%","All Cov":"1 / 1 (100%)","Score":"347891","At Least":"1","Source":"        mmode_step_illegal : cross step, mmode, ill;"}
],"columns":"step;mmode;ill"}
,{"expanded":false,"Exclusion Rule Type":"None","UNR":"none","title":"mmode_step_next_pc_will_match","At Least":"1","All Average Grd":"100%","All Cov":"1 / 1 (100%)","Source":"        mmode_step_next_pc_will_match : cross step, mmode, pc_will_trig;"
,"subitems":[{"expanded":false,"Exclusion Rule Type":"None","UNR":"none","title":"en;hit;hit","All Average Grd":"100%","All Cov":"1 / 1 (100%)","Score":"13","At Least":"1","Source":"        mmode_step_next_pc_will_match : cross step, mmode, pc_will_trig;"}
],"columns":"step;mmode;pc_will_trig"}
]}
,{"expanded":false,"Exclusion Rule Type":"None","UNR":"none","title":"cg_mmode_dret","All Average Grd":"100%","All Cov":"5 / 5 (100%)","Enclosing Entity":"uvm_pkg.uvm_test_top.env.cov_model.debug_covg","Source":"    covergroup cg_mmode_dret;"
,"subitems":[{"expanded":false,"Exclusion Rule Type":"None","UNR":"none","title":"mmode","At Least":"1","All Average Grd":"100%","All Cov":"2 / 2 (100%)","Source":"        mmode : coverpoint cntxt.debug_cntxt.vif_cov.mon_cb.debug_mode_q;"
,"subitems":[{"expanded":false,"Exclusion Rule Type":"None","UNR":"none","title":"auto[0]","All Average Grd":"100%","All Cov":"1 / 1 (100%)","Score":"447937493","At Least":"1","Source":"        mmode : coverpoint cntxt.debug_cntxt.vif_cov.mon_cb.debug_mode_q;"}
,{"expanded":false,"Exclusion Rule Type":"None","UNR":"none","title":"auto[1]","All Average Grd":"100%","All Cov":"1 / 1 (100%)","Score":"172586623","At Least":"1","Source":"        mmode : coverpoint cntxt.debug_cntxt.vif_cov.mon_cb.debug_mode_q;"}
],"columns":""}
,{"expanded":false,"Exclusion Rule Type":"None","UNR":"none","title":"dret_ins","At Least":"1","All Average Grd":"100%","All Cov":"1 / 1 (100%)","Source":"        dret_ins : coverpoint cntxt.debug_cntxt.vif_cov.mon_cb.is_dret {"
,"subitems":[{"expanded":false,"Exclusion Rule Type":"None","UNR":"none","title":"hit","All Average Grd":"100%","All Cov":"1 / 1 (100%)","Score":"321012","At Least":"1","Source":"            bins hit = {1};"}
],"columns":""}
,{"expanded":false,"Exclusion Rule Type":"None","UNR":"none","title":"dret_ex","At Least":"1","All Average Grd":"100%","All Cov":"2 / 2 (100%)","Source":"        dret_ex : cross mmode, dret_ins;"
,"subitems":[{"expanded":false,"Exclusion Rule Type":"None","UNR":"none","title":"auto[0];hit","All Average Grd":"100%","All Cov":"1 / 1 (100%)","Score":"6893","At Least":"1","Source":"        dret_ex : cross mmode, dret_ins;"}
,{"expanded":false,"Exclusion Rule Type":"None","UNR":"none","title":"auto[1];hit","All Average Grd":"100%","All Cov":"1 / 1 (100%)","Score":"314119","At Least":"1","Source":"        dret_ex : cross mmode, dret_ins;"}
],"columns":"mmode;dret_ins"}
]}
,{"expanded":false,"Exclusion Rule Type":"None","UNR":"none","title":"cg_irq_dreq","All Average Grd":"100%","All Cov":"15 / 15 (100%)","Enclosing Entity":"uvm_pkg.uvm_test_top.env.cov_model.debug_covg","Source":"    covergroup cg_irq_dreq;"
,"subitems":[{"expanded":false,"Exclusion Rule Type":"None","UNR":"none","title":"dreq","At Least":"1","All Average Grd":"100%","All Cov":"1 / 1 (100%)","Source":"        dreq : coverpoint cntxt.debug_cntxt.vif_cov.mon_cb.debug_req_i {"
,"subitems":[{"expanded":false,"Exclusion Rule Type":"None","UNR":"none","title":"trans_active","All Average Grd":"100%","All Cov":"1 / 1 (100%)","Score":"240715","At Least":"1","Source":"                bins trans_active  = (1'b0 => 1'b1);"}
],"columns":""}
,{"expanded":false,"Exclusion Rule Type":"None","UNR":"none","title":"irq","At Least":"1","All Average Grd":"100%","All Cov":"1 / 1 (100%)","Source":"        irq  : coverpoint |cntxt.debug_cntxt.vif_cov.mon_cb.irq_i {"
,"subitems":[{"expanded":false,"Exclusion Rule Type":"None","UNR":"none","title":"trans_active","All Average Grd":"100%","All Cov":"1 / 1 (100%)","Score":"1606","At Least":"1","Source":"                bins trans_active = (1'b0 => 1'b1);"}
],"columns":""}
,{"expanded":false,"Exclusion Rule Type":"None","UNR":"none","title":"trigger","At Least":"1","All Average Grd":"100%","All Cov":"1 / 1 (100%)","Source":"        trigger : coverpoint cntxt.debug_cntxt.vif_cov.mon_cb.trigger_match_i {"
,"subitems":[{"expanded":false,"Exclusion Rule Type":"None","UNR":"none","title":"hit","All Average Grd":"100%","All Cov":"1 / 1 (100%)","Score":"33","At Least":"1","Source":"            bins hit = {1};"}
],"columns":""}
,{"expanded":false,"Exclusion Rule Type":"None","UNR":"none","title":"ill","At Least":"1","All Average Grd":"100%","All Cov":"1 / 1 (100%)","Source":"        ill : coverpoint cntxt.debug_cntxt.vif_cov.mon_cb.illegal_insn_i {"
,"subitems":[{"expanded":false,"Exclusion Rule Type":"None","UNR":"none","title":"hit","All Average Grd":"100%","All Cov":"1 / 1 (100%)","Score":"1422054","At Least":"1","Source":"            bins hit = {1};"}
],"columns":""}
,{"expanded":false,"Exclusion Rule Type":"None","UNR":"none","title":"ebreak","At Least":"1","All Average Grd":"100%","All Cov":"1 / 1 (100%)","Source":"         ebreak : coverpoint cntxt.debug_cntxt.vif_cov.mon_cb.is_ebreak { "
,"subitems":[{"expanded":false,"Exclusion Rule Type":"None","UNR":"none","title":"active","All Average Grd":"100%","All Cov":"1 / 1 (100%)","Score":"71865","At Least":"1","Source":"            bins active= {1'b1};"}
],"columns":""}
,{"expanded":false,"Exclusion Rule Type":"None","UNR":"none","title":"cebreak","At Least":"1","All Average Grd":"100%","All Cov":"1 / 1 (100%)","Source":"         cebreak : coverpoint cntxt.debug_cntxt.vif_cov.mon_cb.is_cebreak { "
,"subitems":[{"expanded":false,"Exclusion Rule Type":"None","UNR":"none","title":"active","All Average Grd":"100%","All Cov":"1 / 1 (100%)","Score":"69455","At Least":"1","Source":"            bins active= {1'b1};"}
],"columns":""}
,{"expanded":false,"Exclusion Rule Type":"None","UNR":"none","title":"branch","At Least":"1","All Average Grd":"100%","All Cov":"1 / 1 (100%)","Source":"         branch : coverpoint cntxt.debug_cntxt.vif_cov.mon_cb.branch_in_decode { "
,"subitems":[{"expanded":false,"Exclusion Rule Type":"None","UNR":"none","title":"active","All Average Grd":"100%","All Cov":"1 / 1 (100%)","Score":"23195819","At Least":"1","Source":"            bins active= {1'b1};"}
],"columns":""}
,{"expanded":false,"Exclusion Rule Type":"None","UNR":"none","title":"mulhsu","At Least":"1","All Average Grd":"100%","All Cov":"1 / 1 (100%)","Source":"         mulhsu : coverpoint cntxt.debug_cntxt.vif_cov.mon_cb.is_mulhsu { "
,"subitems":[{"expanded":false,"Exclusion Rule Type":"None","UNR":"none","title":"active","All Average Grd":"100%","All Cov":"1 / 1 (100%)","Score":"3045620","At Least":"1","Source":"            bins active= {1'b1};"}
],"columns":""}
,{"expanded":false,"Exclusion Rule Type":"None","UNR":"none","title":"dreq_and_ill","At Least":"1","All Average Grd":"100%","All Cov":"1 / 1 (100%)","Source":"        dreq_and_ill : cross dreq, ill;"
,"subitems":[{"expanded":false,"Exclusion Rule Type":"None","UNR":"none","title":"trans_active;hit","All Average Grd":"100%","All Cov":"1 / 1 (100%)","Score":"454","At Least":"1","Source":"        dreq_and_ill : cross dreq, ill;"}
],"columns":"dreq;ill"}
,{"expanded":false,"Exclusion Rule Type":"None","UNR":"none","title":"irq_and_dreq","At Least":"1","All Average Grd":"100%","All Cov":"1 / 1 (100%)","Source":"        irq_and_dreq : cross dreq, irq;"
,"subitems":[{"expanded":false,"Exclusion Rule Type":"None","UNR":"none","title":"trans_active;trans_active","All Average Grd":"100%","All Cov":"1 / 1 (100%)","Score":"8","At Least":"1","Source":"        irq_and_dreq : cross dreq, irq;"}
],"columns":"dreq;irq"}
,{"expanded":false,"Exclusion Rule Type":"None","UNR":"none","title":"irq_dreq_trig_ill","At Least":"1","All Average Grd":"100%","All Cov":"1 / 1 (100%)","Source":"        irq_dreq_trig_ill : cross dreq, irq, trigger, ill;"
,"subitems":[{"expanded":false,"Exclusion Rule Type":"None","UNR":"none","title":"trans_active;trans_active;hit;hit","All Average Grd":"100%","All Cov":"1 / 1 (100%)","Score":"1","At Least":"1","Source":"        irq_dreq_trig_ill : cross dreq, irq, trigger, ill;"}
],"columns":"dreq;irq;trigger;ill"}
,{"expanded":false,"Exclusion Rule Type":"None","UNR":"none","title":"irq_dreq_trig_cebreak","At Least":"1","All Average Grd":"100%","All Cov":"1 / 1 (100%)","Source":"        irq_dreq_trig_cebreak : cross dreq, irq, trigger, cebreak;"
,"subitems":[{"expanded":false,"Exclusion Rule Type":"None","UNR":"none","title":"trans_active;trans_active;hit;active","All Average Grd":"100%","All Cov":"1 / 1 (100%)","Score":"1","At Least":"1","Source":"        irq_dreq_trig_cebreak : cross dreq, irq, trigger, cebreak;"}
],"columns":"dreq;irq;trigger;cebreak"}
,{"expanded":false,"Exclusion Rule Type":"None","UNR":"none","title":"irq_dreq_trig_ebreak","At Least":"1","All Average Grd":"100%","All Cov":"1 / 1 (100%)","Source":"        irq_dreq_trig_ebreak : cross dreq, irq, trigger, ebreak;"
,"subitems":[{"expanded":false,"Exclusion Rule Type":"None","UNR":"none","title":"trans_active;trans_active;hit;active","All Average Grd":"100%","All Cov":"1 / 1 (100%)","Score":"1","At Least":"1","Source":"        irq_dreq_trig_ebreak : cross dreq, irq, trigger, ebreak;"}
],"columns":"dreq;irq;trigger;ebreak"}
,{"expanded":false,"Exclusion Rule Type":"None","UNR":"none","title":"irq_dreq_trig_branch","At Least":"1","All Average Grd":"100%","All Cov":"1 / 1 (100%)","Source":"        irq_dreq_trig_branch : cross dreq, irq, trigger, branch;"
,"subitems":[{"expanded":false,"Exclusion Rule Type":"None","UNR":"none","title":"trans_active;trans_active;hit;active","All Average Grd":"100%","All Cov":"1 / 1 (100%)","Score":"1","At Least":"1","Source":"        irq_dreq_trig_branch : cross dreq, irq, trigger, branch;"}
],"columns":"dreq;irq;trigger;branch"}
,{"expanded":false,"Exclusion Rule Type":"None","UNR":"none","title":"irq_dreq_trig_multicycle","At Least":"1","All Average Grd":"100%","All Cov":"1 / 1 (100%)","Source":"        irq_dreq_trig_multicycle : cross dreq, irq, trigger, mulhsu;"
,"subitems":[{"expanded":false,"Exclusion Rule Type":"None","UNR":"none","title":"trans_active;trans_active;hit;active","All Average Grd":"100%","All Cov":"1 / 1 (100%)","Score":"1","At Least":"1","Source":"        irq_dreq_trig_multicycle : cross dreq, irq, trigger, mulhsu;"}
],"columns":"dreq;irq;trigger;mulhsu"}
]}
,{"expanded":false,"Exclusion Rule Type":"None","UNR":"none","title":"cg_debug_regs_d_mode","All Average Grd":"100%","All Cov":"16 / 16 (100%)","Enclosing Entity":"uvm_pkg.uvm_test_top.env.cov_model.debug_covg","Source":"    covergroup cg_debug_regs_d_mode;"
,"subitems":[{"expanded":false,"Exclusion Rule Type":"None","UNR":"none","title":"mode","At Least":"1","All Average Grd":"100%","All Cov":"1 / 1 (100%)","Source":"        mode : coverpoint cntxt.debug_cntxt.vif_cov.mon_cb.debug_mode_q {"
,"subitems":[{"expanded":false,"Exclusion Rule Type":"None","UNR":"none","title":"M","All Average Grd":"100%","All Cov":"1 / 1 (100%)","Score":"172586623","At Least":"1","Source":"            bins M = {1} ;"}
],"columns":""}
,{"expanded":false,"Exclusion Rule Type":"None","UNR":"none","title":"access","At Least":"1","All Average Grd":"100%","All Cov":"1 / 1 (100%)","Source":"        access : coverpoint cntxt.debug_cntxt.vif_cov.mon_cb.csr_access {"
,"subitems":[{"expanded":false,"Exclusion Rule Type":"None","UNR":"none","title":"hit","All Average Grd":"100%","All Cov":"1 / 1 (100%)","Score":"24971080","At Least":"1","Source":"            bins hit = {1};"}
],"columns":""}
,{"expanded":false,"Exclusion Rule Type":"None","UNR":"none","title":"op","At Least":"1","All Average Grd":"100%","All Cov":"2 / 2 (100%)","Source":"        op : coverpoint cntxt.debug_cntxt.vif_cov.mon_cb.csr_op {"
,"subitems":[{"expanded":false,"Exclusion Rule Type":"None","UNR":"none","title":"read","All Average Grd":"100%","All Cov":"1 / 1 (100%)","Score":"612495436","At Least":"1","Source":"            bins read = {'h0};"}
,{"expanded":false,"Exclusion Rule Type":"None","UNR":"none","title":"write","All Average Grd":"100%","All Cov":"1 / 1 (100%)","Score":"3686058","At Least":"1","Source":"            bins write = {'h1};"}
],"columns":""}
,{"expanded":false,"Exclusion Rule Type":"None","UNR":"none","title":"addr","At Least":"1","All Average Grd":"100%","All Cov":"4 / 4 (100%)","Source":"        addr  : coverpoint cntxt.debug_cntxt.vif_cov.mon_cb.id_stage_instr_rdata_i[31:20] { // csr addr not updated if illegal access"
,"subitems":[{"expanded":false,"Exclusion Rule Type":"None","UNR":"none","title":"dcsr","All Average Grd":"100%","All Cov":"1 / 1 (100%)","Score":"2898079","At Least":"1","Source":"            bins dcsr = {'h7B0};"}
,{"expanded":false,"Exclusion Rule Type":"None","UNR":"none","title":"dpc","All Average Grd":"100%","All Cov":"1 / 1 (100%)","Score":"1183001","At Least":"1","Source":"            bins dpc = {'h7B1};"}
,{"expanded":false,"Exclusion Rule Type":"None","UNR":"none","title":"dscratch0","All Average Grd":"100%","All Cov":"1 / 1 (100%)","Score":"5396049","At Least":"1","Source":"            bins dscratch0 = {'h7B2};"}
,{"expanded":false,"Exclusion Rule Type":"None","UNR":"none","title":"dscratch1","All Average Grd":"100%","All Cov":"1 / 1 (100%)","Score":"2246530","At Least":"1","Source":"            bins dscratch1 = {'h7B3};"}
],"columns":""}
,{"expanded":false,"Exclusion Rule Type":"None","UNR":"none","title":"dregs_access","At Least":"1","All Average Grd":"100%","All Cov":"8 / 8 (100%)","Source":"        dregs_access : cross mode, access, op,addr;"
,"subitems":[{"expanded":false,"Exclusion Rule Type":"None","UNR":"none","title":"M;hit;read;dcsr","All Average Grd":"100%","All Cov":"1 / 1 (100%)","Score":"2683160","At Least":"1","Source":"        dregs_access : cross mode, access, op,addr;"}
,{"expanded":false,"Exclusion Rule Type":"None","UNR":"none","title":"M;hit;read;dpc","All Average Grd":"100%","All Cov":"1 / 1 (100%)","Score":"1085264","At Least":"1","Source":"        dregs_access : cross mode, access, op,addr;"}
,{"expanded":false,"Exclusion Rule Type":"None","UNR":"none","title":"M;hit;read;dscratch0","All Average Grd":"100%","All Cov":"1 / 1 (100%)","Score":"2929972","At Least":"1","Source":"        dregs_access : cross mode, access, op,addr;"}
,{"expanded":false,"Exclusion Rule Type":"None","UNR":"none","title":"M;hit;read;dscratch1","All Average Grd":"100%","All Cov":"1 / 1 (100%)","Score":"2001197","At Least":"1","Source":"        dregs_access : cross mode, access, op,addr;"}
,{"expanded":false,"Exclusion Rule Type":"None","UNR":"none","title":"M;hit;write;dcsr","All Average Grd":"100%","All Cov":"1 / 1 (100%)","Score":"994","At Least":"1","Source":"        dregs_access : cross mode, access, op,addr;"}
,{"expanded":false,"Exclusion Rule Type":"None","UNR":"none","title":"M;hit;write;dpc","All Average Grd":"100%","All Cov":"1 / 1 (100%)","Score":"94465","At Least":"1","Source":"        dregs_access : cross mode, access, op,addr;"}
,{"expanded":false,"Exclusion Rule Type":"None","UNR":"none","title":"M;hit;write;dscratch0","All Average Grd":"100%","All Cov":"1 / 1 (100%)","Score":"327503","At Least":"1","Source":"        dregs_access : cross mode, access, op,addr;"}
,{"expanded":false,"Exclusion Rule Type":"None","UNR":"none","title":"M;hit;write;dscratch1","All Average Grd":"100%","All Cov":"1 / 1 (100%)","Score":"241022","At Least":"1","Source":"        dregs_access : cross mode, access, op,addr;"}
],"columns":"mode;access;op;addr"}
]}
,{"expanded":false,"Exclusion Rule Type":"None","UNR":"none","title":"cg_debug_regs_m_mode","All Average Grd":"100%","All Cov":"16 / 16 (100%)","Enclosing Entity":"uvm_pkg.uvm_test_top.env.cov_model.debug_covg","Source":"    covergroup cg_debug_regs_m_mode;"
,"subitems":[{"expanded":false,"Exclusion Rule Type":"None","UNR":"none","title":"mode","At Least":"1","All Average Grd":"100%","All Cov":"1 / 1 (100%)","Source":"        mode : coverpoint cntxt.debug_cntxt.vif_cov.mon_cb.debug_mode_q {"
,"subitems":[{"expanded":false,"Exclusion Rule Type":"None","UNR":"none","title":"M","All Average Grd":"100%","All Cov":"1 / 1 (100%)","Score":"447937493","At Least":"1","Source":"            bins M = {0} ;"}
],"columns":""}
,{"expanded":false,"Exclusion Rule Type":"None","UNR":"none","title":"access","At Least":"1","All Average Grd":"100%","All Cov":"1 / 1 (100%)","Source":"        access : coverpoint cntxt.debug_cntxt.vif_cov.mon_cb.csr_access {"
,"subitems":[{"expanded":false,"Exclusion Rule Type":"None","UNR":"none","title":"hit","All Average Grd":"100%","All Cov":"1 / 1 (100%)","Score":"24971080","At Least":"1","Source":"            bins hit = {1};"}
],"columns":""}
,{"expanded":false,"Exclusion Rule Type":"None","UNR":"none","title":"op","At Least":"1","All Average Grd":"100%","All Cov":"2 / 2 (100%)","Source":"        op : coverpoint cntxt.debug_cntxt.vif_cov.mon_cb.csr_op_dec {"
,"subitems":[{"expanded":false,"Exclusion Rule Type":"None","UNR":"none","title":"read","All Average Grd":"100%","All Cov":"1 / 1 (100%)","Score":"606829848","At Least":"1","Source":"            bins read = {1'h0};"}
,{"expanded":false,"Exclusion Rule Type":"None","UNR":"none","title":"write","All Average Grd":"100%","All Cov":"1 / 1 (100%)","Score":"7200826","At Least":"1","Source":"            bins write = {1'h1};"}
],"columns":""}
,{"expanded":false,"Exclusion Rule Type":"None","UNR":"none","title":"addr","At Least":"1","All Average Grd":"100%","All Cov":"4 / 4 (100%)","Source":"        addr  : coverpoint cntxt.debug_cntxt.vif_cov.mon_cb.id_stage_instr_rdata_i[31:20] { // csr addr not updated if illegal access"
,"subitems":[{"expanded":false,"Exclusion Rule Type":"None","UNR":"none","title":"dcsr","All Average Grd":"100%","All Cov":"1 / 1 (100%)","Score":"2898079","At Least":"1","Source":"            bins dcsr = {'h7B0};"}
,{"expanded":false,"Exclusion Rule Type":"None","UNR":"none","title":"dpc","All Average Grd":"100%","All Cov":"1 / 1 (100%)","Score":"1183001","At Least":"1","Source":"            bins dpc = {'h7B1};"}
,{"expanded":false,"Exclusion Rule Type":"None","UNR":"none","title":"dscratch0","All Average Grd":"100%","All Cov":"1 / 1 (100%)","Score":"5396049","At Least":"1","Source":"            bins dscratch0 = {'h7B2};"}
,{"expanded":false,"Exclusion Rule Type":"None","UNR":"none","title":"dscratch1","All Average Grd":"100%","All Cov":"1 / 1 (100%)","Score":"2246530","At Least":"1","Source":"            bins dscratch1 = {'h7B3};"}
],"columns":""}
,{"expanded":false,"Exclusion Rule Type":"None","UNR":"none","title":"dregs_access","At Least":"1","All Average Grd":"100%","All Cov":"8 / 8 (100%)","Source":"        dregs_access : cross mode, access, op,addr;"
,"subitems":[{"expanded":false,"Exclusion Rule Type":"None","UNR":"none","title":"M;hit;read;dcsr","All Average Grd":"100%","All Cov":"1 / 1 (100%)","Score":"21","At Least":"1","Source":"        dregs_access : cross mode, access, op,addr;"}
,{"expanded":false,"Exclusion Rule Type":"None","UNR":"none","title":"M;hit;read;dpc","All Average Grd":"100%","All Cov":"1 / 1 (100%)","Score":"9","At Least":"1","Source":"        dregs_access : cross mode, access, op,addr;"}
,{"expanded":false,"Exclusion Rule Type":"None","UNR":"none","title":"M;hit;read;dscratch0","All Average Grd":"100%","All Cov":"1 / 1 (100%)","Score":"4","At Least":"1","Source":"        dregs_access : cross mode, access, op,addr;"}
,{"expanded":false,"Exclusion Rule Type":"None","UNR":"none","title":"M;hit;read;dscratch1","All Average Grd":"100%","All Cov":"1 / 1 (100%)","Score":"10","At Least":"1","Source":"        dregs_access : cross mode, access, op,addr;"}
,{"expanded":false,"Exclusion Rule Type":"None","UNR":"none","title":"M;hit;write;dcsr","All Average Grd":"100%","All Cov":"1 / 1 (100%)","Score":"8","At Least":"1","Source":"        dregs_access : cross mode, access, op,addr;"}
,{"expanded":false,"Exclusion Rule Type":"None","UNR":"none","title":"M;hit;write;dpc","All Average Grd":"100%","All Cov":"1 / 1 (100%)","Score":"10","At Least":"1","Source":"        dregs_access : cross mode, access, op,addr;"}
,{"expanded":false,"Exclusion Rule Type":"None","UNR":"none","title":"M;hit;write;dscratch0","All Average Grd":"100%","All Cov":"1 / 1 (100%)","Score":"4","At Least":"1","Source":"        dregs_access : cross mode, access, op,addr;"}
,{"expanded":false,"Exclusion Rule Type":"None","UNR":"none","title":"M;hit;write;dscratch1","All Average Grd":"100%","All Cov":"1 / 1 (100%)","Score":"4","At Least":"1","Source":"        dregs_access : cross mode, access, op,addr;"}
],"columns":"mode;access;op;addr"}
]}
,{"expanded":false,"Exclusion Rule Type":"None","UNR":"none","title":"cg_trigger_regs","All Average Grd":"100%","All Cov":"30 / 30 (100%)","Enclosing Entity":"uvm_pkg.uvm_test_top.env.cov_model.debug_covg","Source":"    covergroup cg_trigger_regs;"
,"subitems":[{"expanded":false,"Exclusion Rule Type":"None","UNR":"none","title":"mode","At Least":"1","All Average Grd":"100%","All Cov":"2 / 2 (100%)","Source":"        mode : coverpoint cntxt.debug_cntxt.vif_cov.mon_cb.debug_mode_q; // Only M and D supported"
,"subitems":[{"expanded":false,"Exclusion Rule Type":"None","UNR":"none","title":"auto[0]","All Average Grd":"100%","All Cov":"1 / 1 (100%)","Score":"447937493","At Least":"1","Source":"        mode : coverpoint cntxt.debug_cntxt.vif_cov.mon_cb.debug_mode_q; // Only M and D supported"}
,{"expanded":false,"Exclusion Rule Type":"None","UNR":"none","title":"auto[1]","All Average Grd":"100%","All Cov":"1 / 1 (100%)","Score":"172586623","At Least":"1","Source":"        mode : coverpoint cntxt.debug_cntxt.vif_cov.mon_cb.debug_mode_q; // Only M and D supported"}
],"columns":""}
,{"expanded":false,"Exclusion Rule Type":"None","UNR":"none","title":"access","At Least":"1","All Average Grd":"100%","All Cov":"1 / 1 (100%)","Source":"        access : coverpoint cntxt.debug_cntxt.vif_cov.mon_cb.csr_access {"
,"subitems":[{"expanded":false,"Exclusion Rule Type":"None","UNR":"none","title":"hit","All Average Grd":"100%","All Cov":"1 / 1 (100%)","Score":"24971080","At Least":"1","Source":"            bins hit = {1};"}
],"columns":""}
,{"expanded":false,"Exclusion Rule Type":"None","UNR":"none","title":"op","At Least":"1","All Average Grd":"100%","All Cov":"2 / 2 (100%)","Source":"        op : coverpoint cntxt.debug_cntxt.vif_cov.mon_cb.csr_op {"
,"subitems":[{"expanded":false,"Exclusion Rule Type":"None","UNR":"none","title":"read","All Average Grd":"100%","All Cov":"1 / 1 (100%)","Score":"612495436","At Least":"1","Source":"            bins read = {'h0};"}
,{"expanded":false,"Exclusion Rule Type":"None","UNR":"none","title":"write","All Average Grd":"100%","All Cov":"1 / 1 (100%)","Score":"3686058","At Least":"1","Source":"            bins write = {'h1};"}
],"columns":""}
,{"expanded":false,"Exclusion Rule Type":"None","UNR":"none","title":"addr","At Least":"1","All Average Grd":"100%","All Cov":"5 / 5 (100%)","Source":"        addr  : coverpoint cntxt.debug_cntxt.vif_cov.mon_cb.id_stage_instr_rdata_i[31:20]{ // csr addr not updated if illegal access"
,"subitems":[{"expanded":false,"Exclusion Rule Type":"None","UNR":"none","title":"tsel","All Average Grd":"100%","All Cov":"1 / 1 (100%)","Score":"103033","At Least":"1","Source":"            bins tsel = {'h7A0};"}
,{"expanded":false,"Exclusion Rule Type":"None","UNR":"none","title":"tdata1","All Average Grd":"100%","All Cov":"1 / 1 (100%)","Score":"3201","At Least":"1","Source":"            bins tdata1 = {'h7A1};"}
,{"expanded":false,"Exclusion Rule Type":"None","UNR":"none","title":"tdata2","All Average Grd":"100%","All Cov":"1 / 1 (100%)","Score":"3281","At Least":"1","Source":"            bins tdata2 = {'h7A2};"}
,{"expanded":false,"Exclusion Rule Type":"None","UNR":"none","title":"tdata3","All Average Grd":"100%","All Cov":"1 / 1 (100%)","Score":"3103","At Least":"1","Source":"            bins tdata3 = {'h7A3};"}
,{"expanded":false,"Exclusion Rule Type":"None","UNR":"none","title":"tinfo","All Average Grd":"100%","All Cov":"1 / 1 (100%)","Score":"3120","At Least":"1","Source":"            bins tinfo  = {'h7A4};"}
],"columns":""}
,{"expanded":false,"Exclusion Rule Type":"None","UNR":"none","title":"tregs_access","At Least":"1","All Average Grd":"100%","All Cov":"20 / 20 (100%)","Source":"        tregs_access : cross mode, access, op,addr;"
,"subitems":[{"expanded":false,"Exclusion Rule Type":"None","UNR":"none","title":"auto[0];hit;read;tsel","All Average Grd":"100%","All Cov":"1 / 1 (100%)","Score":"3","At Least":"1","Source":"        tregs_access : cross mode, access, op,addr;"}
,{"expanded":false,"Exclusion Rule Type":"None","UNR":"none","title":"auto[0];hit;read;tdata1","All Average Grd":"100%","All Cov":"1 / 1 (100%)","Score":"72","At Least":"1","Source":"        tregs_access : cross mode, access, op,addr;"}
,{"expanded":false,"Exclusion Rule Type":"None","UNR":"none","title":"auto[0];hit;read;tdata2","All Average Grd":"100%","All Cov":"1 / 1 (100%)","Score":"5","At Least":"1","Source":"        tregs_access : cross mode, access, op,addr;"}
,{"expanded":false,"Exclusion Rule Type":"None","UNR":"none","title":"auto[0];hit;read;tdata3","All Average Grd":"100%","All Cov":"1 / 1 (100%)","Score":"4","At Least":"1","Source":"        tregs_access : cross mode, access, op,addr;"}
,{"expanded":false,"Exclusion Rule Type":"None","UNR":"none","title":"auto[0];hit;read;tinfo","All Average Grd":"100%","All Cov":"1 / 1 (100%)","Score":"3","At Least":"1","Source":"        tregs_access : cross mode, access, op,addr;"}
,{"expanded":false,"Exclusion Rule Type":"None","UNR":"none","title":"auto[0];hit;write;tsel","All Average Grd":"100%","All Cov":"1 / 1 (100%)","Score":"193","At Least":"1","Source":"        tregs_access : cross mode, access, op,addr;"}
,{"expanded":false,"Exclusion Rule Type":"None","UNR":"none","title":"auto[0];hit;write;tdata1","All Average Grd":"100%","All Cov":"1 / 1 (100%)","Score":"193","At Least":"1","Source":"        tregs_access : cross mode, access, op,addr;"}
,{"expanded":false,"Exclusion Rule Type":"None","UNR":"none","title":"auto[0];hit;write;tdata2","All Average Grd":"100%","All Cov":"1 / 1 (100%)","Score":"193","At Least":"1","Source":"        tregs_access : cross mode, access, op,addr;"}
,{"expanded":false,"Exclusion Rule Type":"None","UNR":"none","title":"auto[0];hit;write;tdata3","All Average Grd":"100%","All Cov":"1 / 1 (100%)","Score":"193","At Least":"1","Source":"        tregs_access : cross mode, access, op,addr;"}
,{"expanded":false,"Exclusion Rule Type":"None","UNR":"none","title":"auto[0];hit;write;tinfo","All Average Grd":"100%","All Cov":"1 / 1 (100%)","Score":"193","At Least":"1","Source":"        tregs_access : cross mode, access, op,addr;"}
,{"expanded":false,"Exclusion Rule Type":"None","UNR":"none","title":"auto[1];hit;read;tsel","All Average Grd":"100%","All Cov":"1 / 1 (100%)","Score":"13","At Least":"1","Source":"        tregs_access : cross mode, access, op,addr;"}
,{"expanded":false,"Exclusion Rule Type":"None","UNR":"none","title":"auto[1];hit;read;tdata1","All Average Grd":"100%","All Cov":"1 / 1 (100%)","Score":"19","At Least":"1","Source":"        tregs_access : cross mode, access, op,addr;"}
,{"expanded":false,"Exclusion Rule Type":"None","UNR":"none","title":"auto[1];hit;read;tdata2","All Average Grd":"100%","All Cov":"1 / 1 (100%)","Score":"11","At Least":"1","Source":"        tregs_access : cross mode, access, op,addr;"}
,{"expanded":false,"Exclusion Rule Type":"None","UNR":"none","title":"auto[1];hit;read;tdata3","All Average Grd":"100%","All Cov":"1 / 1 (100%)","Score":"13","At Least":"1","Source":"        tregs_access : cross mode, access, op,addr;"}
,{"expanded":false,"Exclusion Rule Type":"None","UNR":"none","title":"auto[1];hit;read;tinfo","All Average Grd":"100%","All Cov":"1 / 1 (100%)","Score":"12","At Least":"1","Source":"        tregs_access : cross mode, access, op,addr;"}
,{"expanded":false,"Exclusion Rule Type":"None","UNR":"none","title":"auto[1];hit;write;tsel","All Average Grd":"100%","All Cov":"1 / 1 (100%)","Score":"4","At Least":"1","Source":"        tregs_access : cross mode, access, op,addr;"}
,{"expanded":false,"Exclusion Rule Type":"None","UNR":"none","title":"auto[1];hit;write;tdata1","All Average Grd":"100%","All Cov":"1 / 1 (100%)","Score":"11","At Least":"1","Source":"        tregs_access : cross mode, access, op,addr;"}
,{"expanded":false,"Exclusion Rule Type":"None","UNR":"none","title":"auto[1];hit;write;tdata2","All Average Grd":"100%","All Cov":"1 / 1 (100%)","Score":"13","At Least":"1","Source":"        tregs_access : cross mode, access, op,addr;"}
,{"expanded":false,"Exclusion Rule Type":"None","UNR":"none","title":"auto[1];hit;write;tdata3","All Average Grd":"100%","All Cov":"1 / 1 (100%)","Score":"4","At Least":"1","Source":"        tregs_access : cross mode, access, op,addr;"}
,{"expanded":false,"Exclusion Rule Type":"None","UNR":"none","title":"auto[1];hit;write;tinfo","All Average Grd":"100%","All Cov":"1 / 1 (100%)","Score":"4","At Least":"1","Source":"        tregs_access : cross mode, access, op,addr;"}
],"columns":"mode;access;op;addr"}
]}
,{"expanded":false,"Exclusion Rule Type":"None","UNR":"none","title":"cg_counters_enabled","All Average Grd":"100%","All Cov":"4 / 4 (100%)","Enclosing Entity":"uvm_pkg.uvm_test_top.env.cov_model.debug_covg","Source":"    covergroup cg_counters_enabled;"
,"subitems":[{"expanded":false,"Exclusion Rule Type":"None","UNR":"none","title":"mcycle_en","At Least":"1","All Average Grd":"100%","All Cov":"2 / 2 (100%)","Source":"        mcycle_en : coverpoint cntxt.debug_cntxt.vif_cov.mon_cb.mcountinhibit_q[0];"
,"subitems":[{"expanded":false,"Exclusion Rule Type":"None","UNR":"none","title":"auto[0]","All Average Grd":"100%","All Cov":"1 / 1 (100%)","Score":"1063499","At Least":"1","Source":"        mcycle_en : coverpoint cntxt.debug_cntxt.vif_cov.mon_cb.mcountinhibit_q[0];"}
,{"expanded":false,"Exclusion Rule Type":"None","UNR":"none","title":"auto[1]","All Average Grd":"100%","All Cov":"1 / 1 (100%)","Score":"619460617","At Least":"1","Source":"        mcycle_en : coverpoint cntxt.debug_cntxt.vif_cov.mon_cb.mcountinhibit_q[0];"}
],"columns":""}
,{"expanded":false,"Exclusion Rule Type":"None","UNR":"none","title":"minstret_en","At Least":"1","All Average Grd":"100%","All Cov":"2 / 2 (100%)","Source":"        minstret_en : coverpoint cntxt.debug_cntxt.vif_cov.mon_cb.mcountinhibit_q[2];"
,"subitems":[{"expanded":false,"Exclusion Rule Type":"None","UNR":"none","title":"auto[0]","All Average Grd":"100%","All Cov":"1 / 1 (100%)","Score":"1063509","At Least":"1","Source":"        minstret_en : coverpoint cntxt.debug_cntxt.vif_cov.mon_cb.mcountinhibit_q[2];"}
,{"expanded":false,"Exclusion Rule Type":"None","UNR":"none","title":"auto[1]","All Average Grd":"100%","All Cov":"1 / 1 (100%)","Score":"619460607","At Least":"1","Source":"        minstret_en : coverpoint cntxt.debug_cntxt.vif_cov.mon_cb.mcountinhibit_q[2];"}
],"columns":""}
]}
,{"expanded":false,"Exclusion Rule Type":"None","UNR":"none","title":"cg_debug_at_reset","All Average Grd":"100%","All Cov":"3 / 3 (100%)","Enclosing Entity":"uvm_pkg.uvm_test_top.env.cov_model.debug_covg","Source":"    covergroup cg_debug_at_reset;"
,"subitems":[{"expanded":false,"Exclusion Rule Type":"None","UNR":"none","title":"state","At Least":"1","All Average Grd":"100%","All Cov":"1 / 1 (100%)","Source":"        state : coverpoint cntxt.debug_cntxt.vif_cov.mon_cb.ctrl_fsm_cs { "
,"subitems":[{"expanded":false,"Exclusion Rule Type":"None","UNR":"none","title":"reset","All Average Grd":"100%","All Cov":"1 / 1 (100%)","Score":"64767","At Least":"1","Source":"            bins reset= {cv32e40p_pkg::RESET};"}
],"columns":""}
,{"expanded":false,"Exclusion Rule Type":"None","UNR":"none","title":"dbg","At Least":"1","All Average Grd":"100%","All Cov":"1 / 1 (100%)","Source":"         dbg : coverpoint cntxt.debug_cntxt.vif_cov.mon_cb.debug_req_i { "
,"subitems":[{"expanded":false,"Exclusion Rule Type":"None","UNR":"none","title":"active","All Average Grd":"100%","All Cov":"1 / 1 (100%)","Score":"12192684","At Least":"1","Source":"            bins active= {1'b1};"}
],"columns":""}
,{"expanded":false,"Exclusion Rule Type":"None","UNR":"none","title":"dbg_at_reset","At Least":"1","All Average Grd":"100%","All Cov":"1 / 1 (100%)","Source":"        dbg_at_reset : cross state, dbg;"
,"subitems":[{"expanded":false,"Exclusion Rule Type":"None","UNR":"none","title":"reset;active","All Average Grd":"100%","All Cov":"1 / 1 (100%)","Score":"4394","At Least":"1","Source":"        dbg_at_reset : cross state, dbg;"}
],"columns":"state;dbg"}
]}
,{"expanded":false,"Exclusion Rule Type":"None","UNR":"none","title":"cg_fence_in_debug","All Average Grd":"100%","All Cov":"3 / 3 (100%)","Enclosing Entity":"uvm_pkg.uvm_test_top.env.cov_model.debug_covg","Source":"    covergroup cg_fence_in_debug;"
,"subitems":[{"expanded":false,"Exclusion Rule Type":"None","UNR":"none","title":"mode","At Least":"1","All Average Grd":"100%","All Cov":"1 / 1 (100%)","Source":"        mode : coverpoint cntxt.debug_cntxt.vif_cov.mon_cb.debug_mode_q { "
,"subitems":[{"expanded":false,"Exclusion Rule Type":"None","UNR":"none","title":"debug","All Average Grd":"100%","All Cov":"1 / 1 (100%)","Score":"172586623","At Least":"1","Source":"            bins debug= {1'b1};"}
],"columns":""}
,{"expanded":false,"Exclusion Rule Type":"None","UNR":"none","title":"fence","At Least":"1","All Average Grd":"100%","All Cov":"1 / 1 (100%)","Source":"        fence : coverpoint cntxt.debug_cntxt.vif_cov.mon_cb.fence_i { "
,"subitems":[{"expanded":false,"Exclusion Rule Type":"None","UNR":"none","title":"active","All Average Grd":"100%","All Cov":"1 / 1 (100%)","Score":"8581138","At Least":"1","Source":"            bins active= {1'b1};"}
],"columns":""}
,{"expanded":false,"Exclusion Rule Type":"None","UNR":"none","title":"fence_in_debug","At Least":"1","All Average Grd":"100%","All Cov":"1 / 1 (100%)","Source":"        fence_in_debug : cross mode, fence;"
,"subitems":[{"expanded":false,"Exclusion Rule Type":"None","UNR":"none","title":"debug;active","All Average Grd":"100%","All Cov":"1 / 1 (100%)","Score":"1686528","At Least":"1","Source":"        fence_in_debug : cross mode, fence;"}
],"columns":"mode;fence"}
]}
,{"expanded":false,"Exclusion Rule Type":"None","UNR":"none","title":"cg_debug_causes","All Average Grd":"100%","All Cov":"15 / 15 (100%)","Enclosing Entity":"uvm_pkg.uvm_test_top.env.cov_model.debug_covg","Source":"    covergroup cg_debug_causes;"
,"subitems":[{"expanded":false,"Exclusion Rule Type":"None","UNR":"none","title":"tmatch","At Least":"1","All Average Grd":"100%","All Cov":"1 / 1 (100%)","Source":"        tmatch : coverpoint cntxt.debug_cntxt.vif_cov.mon_cb.trigger_match_i { "
,"subitems":[{"expanded":false,"Exclusion Rule Type":"None","UNR":"none","title":"match","All Average Grd":"100%","All Cov":"1 / 1 (100%)","Score":"33","At Least":"1","Source":"            bins match= {1'b1};"}
],"columns":""}
,{"expanded":false,"Exclusion Rule Type":"None","UNR":"none","title":"tnomatch","At Least":"1","All Average Grd":"100%","All Cov":"1 / 1 (100%)","Source":"        tnomatch : coverpoint cntxt.debug_cntxt.vif_cov.mon_cb.trigger_match_i { "
,"subitems":[{"expanded":false,"Exclusion Rule Type":"None","UNR":"none","title":"nomatch","All Average Grd":"100%","All Cov":"1 / 1 (100%)","Score":"620524083","At Least":"1","Source":"            bins nomatch= {1'b0};"}
],"columns":""}
,{"expanded":false,"Exclusion Rule Type":"None","UNR":"none","title":"ebreak","At Least":"1","All Average Grd":"100%","All Cov":"1 / 1 (100%)","Source":"         ebreak : coverpoint cntxt.debug_cntxt.vif_cov.mon_cb.is_ebreak { "
,"subitems":[{"expanded":false,"Exclusion Rule Type":"None","UNR":"none","title":"active","All Average Grd":"100%","All Cov":"1 / 1 (100%)","Score":"71865","At Least":"1","Source":"            bins active= {1'b1};"}
],"columns":""}
,{"expanded":false,"Exclusion Rule Type":"None","UNR":"none","title":"cebreak","At Least":"1","All Average Grd":"100%","All Cov":"1 / 1 (100%)","Source":"         cebreak : coverpoint cntxt.debug_cntxt.vif_cov.mon_cb.is_cebreak { "
,"subitems":[{"expanded":false,"Exclusion Rule Type":"None","UNR":"none","title":"active","All Average Grd":"100%","All Cov":"1 / 1 (100%)","Score":"69455","At Least":"1","Source":"            bins active= {1'b1};"}
],"columns":""}
,{"expanded":false,"Exclusion Rule Type":"None","UNR":"none","title":"dbg_req","At Least":"1","All Average Grd":"100%","All Cov":"1 / 1 (100%)","Source":"         dbg_req : coverpoint cntxt.debug_cntxt.vif_cov.mon_cb.debug_req_i { "
,"subitems":[{"expanded":false,"Exclusion Rule Type":"None","UNR":"none","title":"active","All Average Grd":"100%","All Cov":"1 / 1 (100%)","Score":"12192684","At Least":"1","Source":"            bins active= {1'b1};"}
],"columns":""}
,{"expanded":false,"Exclusion Rule Type":"None","UNR":"none","title":"step","At Least":"1","All Average Grd":"100%","All Cov":"1 / 1 (100%)","Source":"         step : coverpoint cntxt.debug_cntxt.vif_cov.mon_cb.dcsr_q[2] & !cntxt.debug_cntxt.vif_cov.mon_cb.debug_mode_q { "
,"subitems":[{"expanded":false,"Exclusion Rule Type":"None","UNR":"none","title":"active","All Average Grd":"100%","All Cov":"1 / 1 (100%)","Score":"800460","At Least":"1","Source":"            bins active= {1'b1};"}
],"columns":""}
,{"expanded":false,"Exclusion Rule Type":"None","UNR":"none","title":"trig_vs_ebreak","At Least":"1","All Average Grd":"100%","All Cov":"1 / 1 (100%)","Source":"        trig_vs_ebreak : cross tmatch, ebreak;"
,"subitems":[{"expanded":false,"Exclusion Rule Type":"None","UNR":"none","title":"match;active","All Average Grd":"100%","All Cov":"1 / 1 (100%)","Score":"1","At Least":"1","Source":"        trig_vs_ebreak : cross tmatch, ebreak;"}
],"columns":"tmatch;ebreak"}
,{"expanded":false,"Exclusion Rule Type":"None","UNR":"none","title":"trig_vs_cebreak","At Least":"1","All Average Grd":"100%","All Cov":"1 / 1 (100%)","Source":"        trig_vs_cebreak : cross tmatch, cebreak;"
,"subitems":[{"expanded":false,"Exclusion Rule Type":"None","UNR":"none","title":"match;active","All Average Grd":"100%","All Cov":"1 / 1 (100%)","Score":"1","At Least":"1","Source":"        trig_vs_cebreak : cross tmatch, cebreak;"}
],"columns":"tmatch;cebreak"}
,{"expanded":false,"Exclusion Rule Type":"None","UNR":"none","title":"trig_vs_dbg_req","At Least":"1","All Average Grd":"100%","All Cov":"1 / 1 (100%)","Source":"        trig_vs_dbg_req : cross tmatch, dbg_req;"
,"subitems":[{"expanded":false,"Exclusion Rule Type":"None","UNR":"none","title":"match;active","All Average Grd":"100%","All Cov":"1 / 1 (100%)","Score":"24","At Least":"1","Source":"        trig_vs_dbg_req : cross tmatch, dbg_req;"}
],"columns":"tmatch;dbg_req"}
,{"expanded":false,"Exclusion Rule Type":"None","UNR":"none","title":"trig_vs_step","At Least":"1","All Average Grd":"100%","All Cov":"1 / 1 (100%)","Source":"        trig_vs_step : cross tmatch, step;"
,"subitems":[{"expanded":false,"Exclusion Rule Type":"None","UNR":"none","title":"match;active","All Average Grd":"100%","All Cov":"1 / 1 (100%)","Score":"3","At Least":"1","Source":"        trig_vs_step : cross tmatch, step;"}
],"columns":"tmatch;step"}
,{"expanded":false,"Exclusion Rule Type":"None","UNR":"none","title":"ebreak_vs_req","At Least":"1","All Average Grd":"100%","All Cov":"1 / 1 (100%)","Source":"        ebreak_vs_req : cross ebreak, dbg_req, tnomatch;"
,"subitems":[{"expanded":false,"Exclusion Rule Type":"None","UNR":"none","title":"active;active;nomatch","All Average Grd":"100%","All Cov":"1 / 1 (100%)","Score":"717","At Least":"1","Source":"        ebreak_vs_req : cross ebreak, dbg_req, tnomatch;"}
],"columns":"ebreak;dbg_req;tnomatch"}
,{"expanded":false,"Exclusion Rule Type":"None","UNR":"none","title":"cebreak_vs_req","At Least":"1","All Average Grd":"100%","All Cov":"1 / 1 (100%)","Source":"        cebreak_vs_req : cross cebreak, dbg_req, tnomatch;"
,"subitems":[{"expanded":false,"Exclusion Rule Type":"None","UNR":"none","title":"active;active;nomatch","All Average Grd":"100%","All Cov":"1 / 1 (100%)","Score":"609","At Least":"1","Source":"        cebreak_vs_req : cross cebreak, dbg_req, tnomatch;"}
],"columns":"cebreak;dbg_req;tnomatch"}
,{"expanded":false,"Exclusion Rule Type":"None","UNR":"none","title":"ebreak_vs_step","At Least":"1","All Average Grd":"100%","All Cov":"1 / 1 (100%)","Source":"        ebreak_vs_step : cross ebreak, step;"
,"subitems":[{"expanded":false,"Exclusion Rule Type":"None","UNR":"none","title":"active;active","All Average Grd":"100%","All Cov":"1 / 1 (100%)","Score":"2","At Least":"1","Source":"        ebreak_vs_step : cross ebreak, step;"}
],"columns":"ebreak;step"}
,{"expanded":false,"Exclusion Rule Type":"None","UNR":"none","title":"cebreak_cs_step","At Least":"1","All Average Grd":"100%","All Cov":"1 / 1 (100%)","Source":"        cebreak_cs_step : cross cebreak, step;"
,"subitems":[{"expanded":false,"Exclusion Rule Type":"None","UNR":"none","title":"active;active","All Average Grd":"100%","All Cov":"1 / 1 (100%)","Score":"2","At Least":"1","Source":"        cebreak_cs_step : cross cebreak, step;"}
],"columns":"cebreak;step"}
,{"expanded":false,"Exclusion Rule Type":"None","UNR":"none","title":"dbg_req_vs_step","At Least":"1","All Average Grd":"100%","All Cov":"1 / 1 (100%)","Source":"        dbg_req_vs_step : cross dbg_req, step;"
,"subitems":[{"expanded":false,"Exclusion Rule Type":"None","UNR":"none","title":"active;active","All Average Grd":"100%","All Cov":"1 / 1 (100%)","Score":"62428","At Least":"1","Source":"        dbg_req_vs_step : cross dbg_req, step;"}
],"columns":"dbg_req;step"}
]}
]
}
