{
"block_items":[{"expanded":false,"Exclusion Rule Type":"None","UNR":"none","Index":"274","Blk Type":"a case item of","Src Start Line":"1338","Score":"0","All Average Grd":"0%","Enclosing Entity":"uvmt_cv32_tb.dut_wrap.cv32e40p_wrapper_i.core_i.id_stage_i.decoder_i","Source":"            {6'b00_1010, 3'b101}: begin         // p.clipr"}
,{"expanded":false,"Exclusion Rule Type":"None","UNR":"none","Index":"276","Blk Type":"false part of","Src Start Line":"1342","Score":"0","All Average Grd":"0%","Enclosing Entity":"uvmt_cv32_tb.dut_wrap.cv32e40p_wrapper_i.core_i.id_stage_i.decoder_i","Source":"              end else begin"}
]
,"expression_items":[]}
