{
"block_items":[]
,"expression_items":[{"expanded":false,"expanded":false,"Exclusion Rule Type":"None","Index":"1","All Average Grd":"66.67%","All Cov":"2 / 3 (66.67%)","Src Start Line":"35","Enclosing Entity":"uvmt_cv32_tb.debug_if","Source":"    assign debug_req = is_active ? debug_drv : 1'b0;"
,"subitems":[{"expanded":false,"expanded":false,"Exclusion Rule Type":"None","Index":"1","All Average Grd":"66.67%","All Cov":"2 / 3 (66.67%)","Source":"    assign debug_req = is_active ? debug_drv : 1'b0;","table_type":"cov"
,"subitems":[{"title":"1;1","expanded":false,"Exclusion Rule Type":"None","UNR":"none","Score":"1","Out":"1"}
,{"title":"-;0","expanded":false,"Exclusion Rule Type":"None","UNR":"none","Score":"1","Out":"0"}
,{"title":"0;-","expanded":false,"Exclusion Rule Type":"None","UNR":"none","Score":"0","Out":"0"}
],"cov_table_title":"Coverage Table with Output","header":"is_active ? debug_drv : 1'b0","columns":"is_active;debug_drv"}
]}
]}
