{"assertion_items"
:[{"expanded":false,"Exclusion Rule Type":"None","UNR":"none","title":"a_mul_op","All Average Grd":"100%","Assertion Status Grd":"100%","Enclosing Entity":"uvmt_cv32_tb.dut_wrap.cv32e40p_wrapper_i.core_i.id_stage_i.gen_no_pulp_xpulp_assertions","Source":"      a_mul_op : assert property(p_mul_op);"}
,{"expanded":false,"Exclusion Rule Type":"None","UNR":"none","title":"a_vector_mode","All Average Grd":"100%","Assertion Status Grd":"100%","Enclosing Entity":"uvmt_cv32_tb.dut_wrap.cv32e40p_wrapper_i.core_i.id_stage_i.gen_no_pulp_xpulp_assertions","Source":"      a_vector_mode : assert property(p_vector_mode);"}
,{"expanded":false,"Exclusion Rule Type":"None","UNR":"none","title":"a_alu_op","All Average Grd":"100%","Assertion Status Grd":"100%","Enclosing Entity":"uvmt_cv32_tb.dut_wrap.cv32e40p_wrapper_i.core_i.id_stage_i.gen_no_pulp_xpulp_assertions","Source":"      a_alu_op : assert property(p_alu_op);"}
,{"expanded":false,"Exclusion Rule Type":"None","UNR":"none","title":"a_illegal_1","All Average Grd":"100%","Assertion Status Grd":"100%","Enclosing Entity":"uvmt_cv32_tb.dut_wrap.cv32e40p_wrapper_i.core_i.id_stage_i.gen_no_pulp_xpulp_assertions","Source":"      a_illegal_1 : assert property(p_illegal_1);"}
]}
