{
"block_items":[],"assertion_items"
:[{"expanded":false,"Exclusion Rule Type":"None","UNR":"none","title":"a_illegal_insn_debug_req","All Average Grd":"100%","Assertion Status Grd":"100%","Enclosing Entity":"uvmt_cv32_tb.u_debug_assert","Source":"    a_illegal_insn_debug_req : assert property(p_illegal_insn_debug_req)"}
,{"expanded":false,"Exclusion Rule Type":"None","UNR":"none","title":"a_debug_at_reset","All Average Grd":"100%","Assertion Status Grd":"100%","Enclosing Entity":"uvmt_cv32_tb.u_debug_assert","Source":"    a_debug_at_reset : assert property(p_debug_at_reset)"}
,{"expanded":false,"Exclusion Rule Type":"None","UNR":"none","title":"a_debug_req_and_irq","All Average Grd":"100%","Assertion Status Grd":"100%","Enclosing Entity":"uvmt_cv32_tb.u_debug_assert","Source":"    a_debug_req_and_irq : assert property(p_debug_req_and_irq)"}
,{"expanded":false,"Exclusion Rule Type":"None","UNR":"none","title":"a_minstret_count","All Average Grd":"100%","Assertion Status Grd":"100%","Enclosing Entity":"uvmt_cv32_tb.u_debug_assert","Source":"    a_minstret_count : assert property(p_minstret_count)"}
,{"expanded":false,"Exclusion Rule Type":"None","UNR":"none","title":"a_mcycle_count","All Average Grd":"100%","Assertion Status Grd":"100%","Enclosing Entity":"uvmt_cv32_tb.u_debug_assert","Source":"    a_mcycle_count : assert property(p_mcycle_count)"}
,{"expanded":false,"Exclusion Rule Type":"None","UNR":"none","title":"a_mmode_tdata2_write","All Average Grd":"100%","Assertion Status Grd":"100%","Enclosing Entity":"uvmt_cv32_tb.u_debug_assert","Source":"    a_mmode_tdata2_write : assert property(p_mmode_tdata2_write)"}
,{"expanded":false,"Exclusion Rule Type":"None","UNR":"none","title":"a_mmode_tdata1_write","All Average Grd":"100%","Assertion Status Grd":"100%","Enclosing Entity":"uvmt_cv32_tb.u_debug_assert","Source":"    a_mmode_tdata1_write : assert property(p_mmode_tdata1_write)"}
,{"expanded":false,"Exclusion Rule Type":"None","UNR":"none","title":"a_dmode_dret","All Average Grd":"100%","Assertion Status Grd":"100%","Enclosing Entity":"uvmt_cv32_tb.u_debug_assert","Source":"    a_dmode_dret : assert property(p_dmode_dret)"}
,{"expanded":false,"Exclusion Rule Type":"None","UNR":"none","title":"a_mmode_dret","All Average Grd":"100%","Assertion Status Grd":"100%","Enclosing Entity":"uvmt_cv32_tb.u_debug_assert","Source":"    a_mmode_dret : assert property(p_mmode_dret)"}
,{"expanded":false,"Exclusion Rule Type":"None","UNR":"none","title":"a_single_step","All Average Grd":"100%","Assertion Status Grd":"100%","Enclosing Entity":"uvmt_cv32_tb.u_debug_assert","Source":"    a_single_step: assert property(p_single_step)"}
,{"expanded":false,"Exclusion Rule Type":"None","UNR":"none","title":"a_single_step_wfi","All Average Grd":"100%","Assertion Status Grd":"100%","Enclosing Entity":"uvmt_cv32_tb.u_debug_assert","Source":"    a_single_step_wfi : assert property(p_single_step_wfi)"}
,{"expanded":false,"Exclusion Rule Type":"None","UNR":"none","title":"a_single_step_trigger","All Average Grd":"100%","Assertion Status Grd":"100%","Enclosing Entity":"uvmt_cv32_tb.u_debug_assert","Source":"    a_single_step_trigger : assert property (p_single_step_trigger)"}
,{"expanded":false,"Exclusion Rule Type":"None","UNR":"none","title":"a_single_step_exception","All Average Grd":"100%","Assertion Status Grd":"100%","Enclosing Entity":"uvmt_cv32_tb.u_debug_assert","Source":"    a_single_step_exception : assert property(p_single_step_exception)"}
,{"expanded":false,"Exclusion Rule Type":"None","UNR":"none","title":"a_debug_regs_mmode","All Average Grd":"100%","Assertion Status Grd":"100%","Enclosing Entity":"uvmt_cv32_tb.u_debug_assert","Source":"    a_debug_regs_mmode : assert property(p_debug_regs_mmode)"}
,{"expanded":false,"Exclusion Rule Type":"None","UNR":"none","title":"a_sleep_debug_req","All Average Grd":"100%","Assertion Status Grd":"100%","Enclosing Entity":"uvmt_cv32_tb.u_debug_assert","Source":"    a_sleep_debug_req : assert property(p_sleep_debug_req)"}
,{"expanded":false,"Exclusion Rule Type":"None","UNR":"none","title":"a_wfi_in_debug","All Average Grd":"100%","Assertion Status Grd":"100%","Enclosing Entity":"uvmt_cv32_tb.u_debug_assert","Source":"    a_wfi_in_debug : assert property(p_wfi_in_debug)"}
,{"expanded":false,"Exclusion Rule Type":"None","UNR":"none","title":"a_irq_in_debug","All Average Grd":"100%","Assertion Status Grd":"100%","Enclosing Entity":"uvmt_cv32_tb.u_debug_assert","Source":"    a_irq_in_debug : assert property(p_irq_in_debug)"}
,{"expanded":false,"Exclusion Rule Type":"None","UNR":"none","title":"a_debug_mode_ecall","All Average Grd":"100%","Assertion Status Grd":"100%","Enclosing Entity":"uvmt_cv32_tb.u_debug_assert","Source":"    a_debug_mode_ecall : assert property(p_debug_mode_ecall)"}
,{"expanded":false,"Exclusion Rule Type":"None","UNR":"none","title":"a_debug_mode_exception","All Average Grd":"100%","Assertion Status Grd":"100%","Enclosing Entity":"uvmt_cv32_tb.u_debug_assert","Source":"    a_debug_mode_exception : assert property(p_debug_mode_exception)"}
,{"expanded":false,"Exclusion Rule Type":"None","UNR":"none","title":"a_trigger_match_disabled","All Average Grd":"100%","Assertion Status Grd":"100%","Enclosing Entity":"uvmt_cv32_tb.u_debug_assert","Source":"    a_trigger_match_disabled: assert property(p_trigger_match_disabled)"}
,{"expanded":false,"Exclusion Rule Type":"None","UNR":"none","title":"a_trigger_match","All Average Grd":"100%","Assertion Status Grd":"100%","Enclosing Entity":"uvmt_cv32_tb.u_debug_assert","Source":"    a_trigger_match: assert property(p_trigger_match)"}
,{"expanded":false,"Exclusion Rule Type":"None","UNR":"none","title":"a_ebreak_during_debug_mode","All Average Grd":"100%","Assertion Status Grd":"100%","Enclosing Entity":"uvmt_cv32_tb.u_debug_assert","Source":"    a_ebreak_during_debug_mode: assert property(p_ebreak_during_debug_mode)"}
,{"expanded":false,"Exclusion Rule Type":"None","UNR":"none","title":"a_cebreak_during_debug_mode","All Average Grd":"100%","Assertion Status Grd":"100%","Enclosing Entity":"uvmt_cv32_tb.u_debug_assert","Source":"    a_cebreak_during_debug_mode: assert property(p_cebreak_during_debug_mode)"}
,{"expanded":false,"Exclusion Rule Type":"None","UNR":"none","title":"a_ebreak_exception","All Average Grd":"100%","Assertion Status Grd":"100%","Enclosing Entity":"uvmt_cv32_tb.u_debug_assert","Source":"    a_ebreak_exception: assert property(p_ebreak_exception)"}
,{"expanded":false,"Exclusion Rule Type":"None","UNR":"none","title":"a_cebreak_exception","All Average Grd":"0%","Assertion Status Grd":"0%","Enclosing Entity":"uvmt_cv32_tb.u_debug_assert","Source":"    a_cebreak_exception: assert property(p_cebreak_exception)"}
,{"expanded":false,"Exclusion Rule Type":"None","UNR":"none","title":"a_cebreak_debug_mode","All Average Grd":"100%","Assertion Status Grd":"100%","Enclosing Entity":"uvmt_cv32_tb.u_debug_assert","Source":"    a_cebreak_debug_mode: assert property(p_cebreak_debug_mode)"}
,{"expanded":false,"Exclusion Rule Type":"None","UNR":"none","title":"a_debug_mode_ext_req","All Average Grd":"100%","Assertion Status Grd":"100%","Enclosing Entity":"uvmt_cv32_tb.u_debug_assert","Source":"    a_debug_mode_ext_req: assert property(p_debug_mode_ext_req)"}
,{"expanded":false,"Exclusion Rule Type":"None","UNR":"none","title":"a_debug_mode_pc","All Average Grd":"100%","Assertion Status Grd":"100%","Enclosing Entity":"uvmt_cv32_tb.u_debug_assert","Source":"    a_debug_mode_pc: assert property(p_debug_mode_pc)"}
,{"expanded":false,"Exclusion Rule Type":"None","UNR":"none","title":"a_enter_debug","All Average Grd":"100%","Assertion Status Grd":"100%","Enclosing Entity":"uvmt_cv32_tb.u_debug_assert","Source":"    a_enter_debug: assert property(p_enter_debug)"}
]
,"expression_items":[]}
