{
"expression_items":[{"expanded":false,"expanded":false,"Exclusion Rule Type":"None","Index":"1","All Average Grd":"88.89%","All Cov":"8 / 9 (88.89%)","Src Start Line":"1477","Enclosing Entity":"uvmt_cv32_tb.dut_wrap.cv32e40p_wrapper_i.core_i.cs_registers_i.gen_mhpmcounter_write[3].gen_no_pulp_perf_counters.gen_mhpmcounter","Source":"                                                          !mcountinhibit_q[wcnt_gidx] &&"
,"subitems":[{"expanded":false,"expanded":false,"Exclusion Rule Type":"None","Index":"1","All Average Grd":"80%","All Cov":"4 / 5 (80%)","Source":"                                                          !mcountinhibit_q[wcnt_gidx] &&","table_type":"cov"
,"subitems":[{"title":"0;0;0;1","expanded":false,"Exclusion Rule Type":"None","UNR":"none","Score":"1","Out":"1"}
,{"title":"-;-;-;0","expanded":false,"Exclusion Rule Type":"None","UNR":"none","Score":"1","Out":"0"}
,{"title":"-;-;1;-","expanded":false,"Exclusion Rule Type":"None","UNR":"none","Score":"1","Out":"0"}
,{"title":"-;1;-;-","expanded":false,"Exclusion Rule Type":"None","UNR":"none","Score":"0","Out":"0"}
,{"title":"1;-;-;-","expanded":false,"Exclusion Rule Type":"None","UNR":"none","Score":"1","Out":"0"}
],"cov_table_title":"Coverage Table with Output","header":"(((! mhpmcounter_write_lower[wcnt_gidx]) && (! mhpmcounter_write_upper[wcnt_gidx])) && (! mcountinhibit_q[wcnt_gidx])) && (| (hpm_events & mhpmevent_q[wcnt_gidx][(NUM_HPM_EVENTS - 1):0]))","columns":"mhpmcounter_write_lower[wcnt_gidx];mhpmcounter_write_upper[wcnt_gidx];mcountinhibit_q[wcnt_gidx];(| (hpm_events & mhpmevent_q[wcnt_gidx][(NUM_HPM_EVENTS - 1):0]))"}
]}
]}
