{"cover_group_items"
:[{"expanded":false,"Exclusion Rule Type":"None","UNR":"none","title":"cg_irq_entry","All Average Grd":"100%","All Cov":"80 / 80 (100%)","Enclosing Entity":"uvm_pkg.uvm_test_top.env.cov_model.interrupt_covg","Source":"    covergroup cg_irq_entry with function sample(ins_t ins);"
,"subitems":[{"expanded":false,"Exclusion Rule Type":"None","UNR":"none","title":"cp_irq","At Least":"1","All Average Grd":"100%","All Cov":"80 / 80 (100%)","Source":"        cp_irq : coverpoint ins.asm {"
,"subitems":[{"expanded":false,"Exclusion Rule Type":"None","UNR":"none","title":"auto[ADD]","All Average Grd":"100%","All Cov":"1 / 1 (100%)","Score":"77","At Least":"1","Source":"        cp_irq : coverpoint ins.asm {"}
,{"expanded":false,"Exclusion Rule Type":"None","UNR":"none","title":"auto[ADDI]","All Average Grd":"100%","All Cov":"1 / 1 (100%)","Score":"301","At Least":"1","Source":"        cp_irq : coverpoint ins.asm {"}
,{"expanded":false,"Exclusion Rule Type":"None","UNR":"none","title":"auto[AND]","All Average Grd":"100%","All Cov":"1 / 1 (100%)","Score":"61","At Least":"1","Source":"        cp_irq : coverpoint ins.asm {"}
,{"expanded":false,"Exclusion Rule Type":"None","UNR":"none","title":"auto[ANDI]","All Average Grd":"100%","All Cov":"1 / 1 (100%)","Score":"80","At Least":"1","Source":"        cp_irq : coverpoint ins.asm {"}
,{"expanded":false,"Exclusion Rule Type":"None","UNR":"none","title":"auto[AUIPC]","All Average Grd":"100%","All Cov":"1 / 1 (100%)","Score":"189","At Least":"1","Source":"        cp_irq : coverpoint ins.asm {"}
,{"expanded":false,"Exclusion Rule Type":"None","UNR":"none","title":"auto[BEQ]","All Average Grd":"100%","All Cov":"1 / 1 (100%)","Score":"170","At Least":"1","Source":"        cp_irq : coverpoint ins.asm {"}
,{"expanded":false,"Exclusion Rule Type":"None","UNR":"none","title":"auto[BGE]","All Average Grd":"100%","All Cov":"1 / 1 (100%)","Score":"177","At Least":"1","Source":"        cp_irq : coverpoint ins.asm {"}
,{"expanded":false,"Exclusion Rule Type":"None","UNR":"none","title":"auto[BGEU]","All Average Grd":"100%","All Cov":"1 / 1 (100%)","Score":"124","At Least":"1","Source":"        cp_irq : coverpoint ins.asm {"}
,{"expanded":false,"Exclusion Rule Type":"None","UNR":"none","title":"auto[BLTU]","All Average Grd":"100%","All Cov":"1 / 1 (100%)","Score":"121","At Least":"1","Source":"        cp_irq : coverpoint ins.asm {"}
,{"expanded":false,"Exclusion Rule Type":"None","UNR":"none","title":"auto[BNE]","All Average Grd":"100%","All Cov":"1 / 1 (100%)","Score":"147","At Least":"1","Source":"        cp_irq : coverpoint ins.asm {"}
,{"expanded":false,"Exclusion Rule Type":"None","UNR":"none","title":"auto[BLT]","All Average Grd":"100%","All Cov":"1 / 1 (100%)","Score":"121","At Least":"1","Source":"        cp_irq : coverpoint ins.asm {"}
,{"expanded":false,"Exclusion Rule Type":"None","UNR":"none","title":"auto[FENCE]","All Average Grd":"100%","All Cov":"1 / 1 (100%)","Score":"299","At Least":"1","Source":"        cp_irq : coverpoint ins.asm {"}
,{"expanded":false,"Exclusion Rule Type":"None","UNR":"none","title":"auto[FENCE_I]","All Average Grd":"100%","All Cov":"1 / 1 (100%)","Score":"280","At Least":"1","Source":"        cp_irq : coverpoint ins.asm {"}
,{"expanded":false,"Exclusion Rule Type":"None","UNR":"none","title":"auto[JAL]","All Average Grd":"100%","All Cov":"1 / 1 (100%)","Score":"105","At Least":"1","Source":"        cp_irq : coverpoint ins.asm {"}
,{"expanded":false,"Exclusion Rule Type":"None","UNR":"none","title":"auto[JALR]","All Average Grd":"100%","All Cov":"1 / 1 (100%)","Score":"40","At Least":"1","Source":"        cp_irq : coverpoint ins.asm {"}
,{"expanded":false,"Exclusion Rule Type":"None","UNR":"none","title":"auto[LB]","All Average Grd":"100%","All Cov":"1 / 1 (100%)","Score":"371","At Least":"1","Source":"        cp_irq : coverpoint ins.asm {"}
,{"expanded":false,"Exclusion Rule Type":"None","UNR":"none","title":"auto[LBU]","All Average Grd":"100%","All Cov":"1 / 1 (100%)","Score":"358","At Least":"1","Source":"        cp_irq : coverpoint ins.asm {"}
,{"expanded":false,"Exclusion Rule Type":"None","UNR":"none","title":"auto[LH]","All Average Grd":"100%","All Cov":"1 / 1 (100%)","Score":"101","At Least":"1","Source":"        cp_irq : coverpoint ins.asm {"}
,{"expanded":false,"Exclusion Rule Type":"None","UNR":"none","title":"auto[LHU]","All Average Grd":"100%","All Cov":"1 / 1 (100%)","Score":"85","At Least":"1","Source":"        cp_irq : coverpoint ins.asm {"}
,{"expanded":false,"Exclusion Rule Type":"None","UNR":"none","title":"auto[LUI]","All Average Grd":"100%","All Cov":"1 / 1 (100%)","Score":"152","At Least":"1","Source":"        cp_irq : coverpoint ins.asm {"}
,{"expanded":false,"Exclusion Rule Type":"None","UNR":"none","title":"auto[LW]","All Average Grd":"100%","All Cov":"1 / 1 (100%)","Score":"76","At Least":"1","Source":"        cp_irq : coverpoint ins.asm {"}
,{"expanded":false,"Exclusion Rule Type":"None","UNR":"none","title":"auto[OR]","All Average Grd":"100%","All Cov":"1 / 1 (100%)","Score":"80","At Least":"1","Source":"        cp_irq : coverpoint ins.asm {"}
,{"expanded":false,"Exclusion Rule Type":"None","UNR":"none","title":"auto[ORI]","All Average Grd":"100%","All Cov":"1 / 1 (100%)","Score":"92","At Least":"1","Source":"        cp_irq : coverpoint ins.asm {"}
,{"expanded":false,"Exclusion Rule Type":"None","UNR":"none","title":"auto[SB]","All Average Grd":"100%","All Cov":"1 / 1 (100%)","Score":"341","At Least":"1","Source":"        cp_irq : coverpoint ins.asm {"}
,{"expanded":false,"Exclusion Rule Type":"None","UNR":"none","title":"auto[SH]","All Average Grd":"100%","All Cov":"1 / 1 (100%)","Score":"105","At Least":"1","Source":"        cp_irq : coverpoint ins.asm {"}
,{"expanded":false,"Exclusion Rule Type":"None","UNR":"none","title":"auto[SLL]","All Average Grd":"100%","All Cov":"1 / 1 (100%)","Score":"71","At Least":"1","Source":"        cp_irq : coverpoint ins.asm {"}
,{"expanded":false,"Exclusion Rule Type":"None","UNR":"none","title":"auto[SLLI]","All Average Grd":"100%","All Cov":"1 / 1 (100%)","Score":"78","At Least":"1","Source":"        cp_irq : coverpoint ins.asm {"}
,{"expanded":false,"Exclusion Rule Type":"None","UNR":"none","title":"auto[SLT]","All Average Grd":"100%","All Cov":"1 / 1 (100%)","Score":"68","At Least":"1","Source":"        cp_irq : coverpoint ins.asm {"}
,{"expanded":false,"Exclusion Rule Type":"None","UNR":"none","title":"auto[SLTI]","All Average Grd":"100%","All Cov":"1 / 1 (100%)","Score":"91","At Least":"1","Source":"        cp_irq : coverpoint ins.asm {"}
,{"expanded":false,"Exclusion Rule Type":"None","UNR":"none","title":"auto[SLTIU]","All Average Grd":"100%","All Cov":"1 / 1 (100%)","Score":"71","At Least":"1","Source":"        cp_irq : coverpoint ins.asm {"}
,{"expanded":false,"Exclusion Rule Type":"None","UNR":"none","title":"auto[SLTU]","All Average Grd":"100%","All Cov":"1 / 1 (100%)","Score":"76","At Least":"1","Source":"        cp_irq : coverpoint ins.asm {"}
,{"expanded":false,"Exclusion Rule Type":"None","UNR":"none","title":"auto[SRA]","All Average Grd":"100%","All Cov":"1 / 1 (100%)","Score":"63","At Least":"1","Source":"        cp_irq : coverpoint ins.asm {"}
,{"expanded":false,"Exclusion Rule Type":"None","UNR":"none","title":"auto[SRAI]","All Average Grd":"100%","All Cov":"1 / 1 (100%)","Score":"87","At Least":"1","Source":"        cp_irq : coverpoint ins.asm {"}
,{"expanded":false,"Exclusion Rule Type":"None","UNR":"none","title":"auto[SRL]","All Average Grd":"100%","All Cov":"1 / 1 (100%)","Score":"68","At Least":"1","Source":"        cp_irq : coverpoint ins.asm {"}
,{"expanded":false,"Exclusion Rule Type":"None","UNR":"none","title":"auto[SRLI]","All Average Grd":"100%","All Cov":"1 / 1 (100%)","Score":"70","At Least":"1","Source":"        cp_irq : coverpoint ins.asm {"}
,{"expanded":false,"Exclusion Rule Type":"None","UNR":"none","title":"auto[SUB]","All Average Grd":"100%","All Cov":"1 / 1 (100%)","Score":"82","At Least":"1","Source":"        cp_irq : coverpoint ins.asm {"}
,{"expanded":false,"Exclusion Rule Type":"None","UNR":"none","title":"auto[SW]","All Average Grd":"100%","All Cov":"1 / 1 (100%)","Score":"119","At Least":"1","Source":"        cp_irq : coverpoint ins.asm {"}
,{"expanded":false,"Exclusion Rule Type":"None","UNR":"none","title":"auto[XOR]","All Average Grd":"100%","All Cov":"1 / 1 (100%)","Score":"88","At Least":"1","Source":"        cp_irq : coverpoint ins.asm {"}
,{"expanded":false,"Exclusion Rule Type":"None","UNR":"none","title":"auto[XORI]","All Average Grd":"100%","All Cov":"1 / 1 (100%)","Score":"77","At Least":"1","Source":"        cp_irq : coverpoint ins.asm {"}
,{"expanded":false,"Exclusion Rule Type":"None","UNR":"none","title":"auto[MUL]","All Average Grd":"100%","All Cov":"1 / 1 (100%)","Score":"75","At Least":"1","Source":"        cp_irq : coverpoint ins.asm {"}
,{"expanded":false,"Exclusion Rule Type":"None","UNR":"none","title":"auto[MULH]","All Average Grd":"100%","All Cov":"1 / 1 (100%)","Score":"270","At Least":"1","Source":"        cp_irq : coverpoint ins.asm {"}
,{"expanded":false,"Exclusion Rule Type":"None","UNR":"none","title":"auto[MULHU]","All Average Grd":"100%","All Cov":"1 / 1 (100%)","Score":"322","At Least":"1","Source":"        cp_irq : coverpoint ins.asm {"}
,{"expanded":false,"Exclusion Rule Type":"None","UNR":"none","title":"auto[MULHSU]","All Average Grd":"100%","All Cov":"1 / 1 (100%)","Score":"282","At Least":"1","Source":"        cp_irq : coverpoint ins.asm {"}
,{"expanded":false,"Exclusion Rule Type":"None","UNR":"none","title":"auto[DIV]","All Average Grd":"100%","All Cov":"1 / 1 (100%)","Score":"1480","At Least":"1","Source":"        cp_irq : coverpoint ins.asm {"}
,{"expanded":false,"Exclusion Rule Type":"None","UNR":"none","title":"auto[REM]","All Average Grd":"100%","All Cov":"1 / 1 (100%)","Score":"1284","At Least":"1","Source":"        cp_irq : coverpoint ins.asm {"}
,{"expanded":false,"Exclusion Rule Type":"None","UNR":"none","title":"auto[DIVU]","All Average Grd":"100%","All Cov":"1 / 1 (100%)","Score":"1131","At Least":"1","Source":"        cp_irq : coverpoint ins.asm {"}
,{"expanded":false,"Exclusion Rule Type":"None","UNR":"none","title":"auto[REMU]","All Average Grd":"100%","All Cov":"1 / 1 (100%)","Score":"1135","At Least":"1","Source":"        cp_irq : coverpoint ins.asm {"}
,{"expanded":false,"Exclusion Rule Type":"None","UNR":"none","title":"auto[WFI]","All Average Grd":"100%","All Cov":"1 / 1 (100%)","Score":"12418","At Least":"1","Source":"        cp_irq : coverpoint ins.asm {"}
,{"expanded":false,"Exclusion Rule Type":"None","UNR":"none","title":"auto[MRET]","All Average Grd":"100%","All Cov":"1 / 1 (100%)","Score":"146327","At Least":"1","Source":"        cp_irq : coverpoint ins.asm {"}
,{"expanded":false,"Exclusion Rule Type":"None","UNR":"none","title":"auto[DRET]","All Average Grd":"100%","All Cov":"1 / 1 (100%)","Score":"5532","At Least":"1","Source":"        cp_irq : coverpoint ins.asm {"}
,{"expanded":false,"Exclusion Rule Type":"None","UNR":"none","title":"auto[CSRRW]","All Average Grd":"100%","All Cov":"1 / 1 (100%)","Score":"3527","At Least":"1","Source":"        cp_irq : coverpoint ins.asm {"}
,{"expanded":false,"Exclusion Rule Type":"None","UNR":"none","title":"auto[CSRRC]","All Average Grd":"100%","All Cov":"1 / 1 (100%)","Score":"74","At Least":"1","Source":"        cp_irq : coverpoint ins.asm {"}
,{"expanded":false,"Exclusion Rule Type":"None","UNR":"none","title":"auto[CSRRS]","All Average Grd":"100%","All Cov":"1 / 1 (100%)","Score":"818","At Least":"1","Source":"        cp_irq : coverpoint ins.asm {"}
,{"expanded":false,"Exclusion Rule Type":"None","UNR":"none","title":"auto[CSRRCI]","All Average Grd":"100%","All Cov":"1 / 1 (100%)","Score":"79","At Least":"1","Source":"        cp_irq : coverpoint ins.asm {"}
,{"expanded":false,"Exclusion Rule Type":"None","UNR":"none","title":"auto[CSRRSI]","All Average Grd":"100%","All Cov":"1 / 1 (100%)","Score":"18769","At Least":"1","Source":"        cp_irq : coverpoint ins.asm {"}
,{"expanded":false,"Exclusion Rule Type":"None","UNR":"none","title":"auto[CSRRWI]","All Average Grd":"100%","All Cov":"1 / 1 (100%)","Score":"66","At Least":"1","Source":"        cp_irq : coverpoint ins.asm {"}
,{"expanded":false,"Exclusion Rule Type":"None","UNR":"none","title":"auto[C_LWSP]","All Average Grd":"100%","All Cov":"1 / 1 (100%)","Score":"7","At Least":"1","Source":"        cp_irq : coverpoint ins.asm {"}
,{"expanded":false,"Exclusion Rule Type":"None","UNR":"none","title":"auto[C_SWSP]","All Average Grd":"100%","All Cov":"1 / 1 (100%)","Score":"4","At Least":"1","Source":"        cp_irq : coverpoint ins.asm {"}
,{"expanded":false,"Exclusion Rule Type":"None","UNR":"none","title":"auto[C_LW]","All Average Grd":"100%","All Cov":"1 / 1 (100%)","Score":"1","At Least":"1","Source":"        cp_irq : coverpoint ins.asm {"}
,{"expanded":false,"Exclusion Rule Type":"None","UNR":"none","title":"auto[C_SW]","All Average Grd":"100%","All Cov":"1 / 1 (100%)","Score":"1","At Least":"1","Source":"        cp_irq : coverpoint ins.asm {"}
,{"expanded":false,"Exclusion Rule Type":"None","UNR":"none","title":"auto[C_BEQZ]","All Average Grd":"100%","All Cov":"1 / 1 (100%)","Score":"91","At Least":"1","Source":"        cp_irq : coverpoint ins.asm {"}
,{"expanded":false,"Exclusion Rule Type":"None","UNR":"none","title":"auto[C_BNEZ]","All Average Grd":"100%","All Cov":"1 / 1 (100%)","Score":"113","At Least":"1","Source":"        cp_irq : coverpoint ins.asm {"}
,{"expanded":false,"Exclusion Rule Type":"None","UNR":"none","title":"auto[C_J]","All Average Grd":"100%","All Cov":"1 / 1 (100%)","Score":"78","At Least":"1","Source":"        cp_irq : coverpoint ins.asm {"}
,{"expanded":false,"Exclusion Rule Type":"None","UNR":"none","title":"auto[C_JR]","All Average Grd":"100%","All Cov":"1 / 1 (100%)","Score":"26","At Least":"1","Source":"        cp_irq : coverpoint ins.asm {"}
,{"expanded":false,"Exclusion Rule Type":"None","UNR":"none","title":"auto[C_JAL]","All Average Grd":"100%","All Cov":"1 / 1 (100%)","Score":"88","At Least":"1","Source":"        cp_irq : coverpoint ins.asm {"}
,{"expanded":false,"Exclusion Rule Type":"None","UNR":"none","title":"auto[C_JALR]","All Average Grd":"100%","All Cov":"1 / 1 (100%)","Score":"28","At Least":"1","Source":"        cp_irq : coverpoint ins.asm {"}
,{"expanded":false,"Exclusion Rule Type":"None","UNR":"none","title":"auto[C_LI]","All Average Grd":"100%","All Cov":"1 / 1 (100%)","Score":"82","At Least":"1","Source":"        cp_irq : coverpoint ins.asm {"}
,{"expanded":false,"Exclusion Rule Type":"None","UNR":"none","title":"auto[C_LUI]","All Average Grd":"100%","All Cov":"1 / 1 (100%)","Score":"55","At Least":"1","Source":"        cp_irq : coverpoint ins.asm {"}
,{"expanded":false,"Exclusion Rule Type":"None","UNR":"none","title":"auto[C_ADDI]","All Average Grd":"100%","All Cov":"1 / 1 (100%)","Score":"293","At Least":"1","Source":"        cp_irq : coverpoint ins.asm {"}
,{"expanded":false,"Exclusion Rule Type":"None","UNR":"none","title":"auto[C_ADDI16SP]","All Average Grd":"100%","All Cov":"1 / 1 (100%)","Score":"51","At Least":"1","Source":"        cp_irq : coverpoint ins.asm {"}
,{"expanded":false,"Exclusion Rule Type":"None","UNR":"none","title":"auto[C_ADDI4SPN]","All Average Grd":"100%","All Cov":"1 / 1 (100%)","Score":"52","At Least":"1","Source":"        cp_irq : coverpoint ins.asm {"}
,{"expanded":false,"Exclusion Rule Type":"None","UNR":"none","title":"auto[C_SLLI]","All Average Grd":"100%","All Cov":"1 / 1 (100%)","Score":"66","At Least":"1","Source":"        cp_irq : coverpoint ins.asm {"}
,{"expanded":false,"Exclusion Rule Type":"None","UNR":"none","title":"auto[C_SRLI]","All Average Grd":"100%","All Cov":"1 / 1 (100%)","Score":"59","At Least":"1","Source":"        cp_irq : coverpoint ins.asm {"}
,{"expanded":false,"Exclusion Rule Type":"None","UNR":"none","title":"auto[C_SRAI]","All Average Grd":"100%","All Cov":"1 / 1 (100%)","Score":"58","At Least":"1","Source":"        cp_irq : coverpoint ins.asm {"}
,{"expanded":false,"Exclusion Rule Type":"None","UNR":"none","title":"auto[C_ANDI]","All Average Grd":"100%","All Cov":"1 / 1 (100%)","Score":"76","At Least":"1","Source":"        cp_irq : coverpoint ins.asm {"}
,{"expanded":false,"Exclusion Rule Type":"None","UNR":"none","title":"auto[C_ADD]","All Average Grd":"100%","All Cov":"1 / 1 (100%)","Score":"141","At Least":"1","Source":"        cp_irq : coverpoint ins.asm {"}
,{"expanded":false,"Exclusion Rule Type":"None","UNR":"none","title":"auto[C_AND]","All Average Grd":"100%","All Cov":"1 / 1 (100%)","Score":"65","At Least":"1","Source":"        cp_irq : coverpoint ins.asm {"}
,{"expanded":false,"Exclusion Rule Type":"None","UNR":"none","title":"auto[C_OR]","All Average Grd":"100%","All Cov":"1 / 1 (100%)","Score":"62","At Least":"1","Source":"        cp_irq : coverpoint ins.asm {"}
,{"expanded":false,"Exclusion Rule Type":"None","UNR":"none","title":"auto[C_XOR]","All Average Grd":"100%","All Cov":"1 / 1 (100%)","Score":"75","At Least":"1","Source":"        cp_irq : coverpoint ins.asm {"}
,{"expanded":false,"Exclusion Rule Type":"None","UNR":"none","title":"auto[C_SUB]","All Average Grd":"100%","All Cov":"1 / 1 (100%)","Score":"79","At Least":"1","Source":"        cp_irq : coverpoint ins.asm {"}
],"columns":""}
]}
,{"expanded":false,"Exclusion Rule Type":"None","UNR":"none","title":"cg_wfi_entry","All Average Grd":"100%","All Cov":"83 / 83 (100%)","Enclosing Entity":"uvm_pkg.uvm_test_top.env.cov_model.interrupt_covg","Source":"    covergroup cg_wfi_entry with function sample(ins_t ins);"
,"subitems":[{"expanded":false,"Exclusion Rule Type":"None","UNR":"none","title":"cp_wfi","At Least":"1","All Average Grd":"100%","All Cov":"83 / 83 (100%)","Source":"        cp_wfi : coverpoint ins.asm {"
,"subitems":[{"expanded":false,"Exclusion Rule Type":"None","UNR":"none","title":"auto[ADD]","All Average Grd":"100%","All Cov":"1 / 1 (100%)","Score":"15963","At Least":"1","Source":"        cp_wfi : coverpoint ins.asm {"}
,{"expanded":false,"Exclusion Rule Type":"None","UNR":"none","title":"auto[ADDI]","All Average Grd":"100%","All Cov":"1 / 1 (100%)","Score":"101213","At Least":"1","Source":"        cp_wfi : coverpoint ins.asm {"}
,{"expanded":false,"Exclusion Rule Type":"None","UNR":"none","title":"auto[AND]","All Average Grd":"100%","All Cov":"1 / 1 (100%)","Score":"22337","At Least":"1","Source":"        cp_wfi : coverpoint ins.asm {"}
,{"expanded":false,"Exclusion Rule Type":"None","UNR":"none","title":"auto[ANDI]","All Average Grd":"100%","All Cov":"1 / 1 (100%)","Score":"18425","At Least":"1","Source":"        cp_wfi : coverpoint ins.asm {"}
,{"expanded":false,"Exclusion Rule Type":"None","UNR":"none","title":"auto[AUIPC]","All Average Grd":"100%","All Cov":"1 / 1 (100%)","Score":"14265","At Least":"1","Source":"        cp_wfi : coverpoint ins.asm {"}
,{"expanded":false,"Exclusion Rule Type":"None","UNR":"none","title":"auto[BEQ]","All Average Grd":"100%","All Cov":"1 / 1 (100%)","Score":"15820","At Least":"1","Source":"        cp_wfi : coverpoint ins.asm {"}
,{"expanded":false,"Exclusion Rule Type":"None","UNR":"none","title":"auto[BGE]","All Average Grd":"100%","All Cov":"1 / 1 (100%)","Score":"17018","At Least":"1","Source":"        cp_wfi : coverpoint ins.asm {"}
,{"expanded":false,"Exclusion Rule Type":"None","UNR":"none","title":"auto[BGEU]","All Average Grd":"100%","All Cov":"1 / 1 (100%)","Score":"13431","At Least":"1","Source":"        cp_wfi : coverpoint ins.asm {"}
,{"expanded":false,"Exclusion Rule Type":"None","UNR":"none","title":"auto[BLTU]","All Average Grd":"100%","All Cov":"1 / 1 (100%)","Score":"13110","At Least":"1","Source":"        cp_wfi : coverpoint ins.asm {"}
,{"expanded":false,"Exclusion Rule Type":"None","UNR":"none","title":"auto[BNE]","All Average Grd":"100%","All Cov":"1 / 1 (100%)","Score":"17643","At Least":"1","Source":"        cp_wfi : coverpoint ins.asm {"}
,{"expanded":false,"Exclusion Rule Type":"None","UNR":"none","title":"auto[BLT]","All Average Grd":"100%","All Cov":"1 / 1 (100%)","Score":"11987","At Least":"1","Source":"        cp_wfi : coverpoint ins.asm {"}
,{"expanded":false,"Exclusion Rule Type":"None","UNR":"none","title":"auto[FENCE]","All Average Grd":"100%","All Cov":"1 / 1 (100%)","Score":"3882","At Least":"1","Source":"        cp_wfi : coverpoint ins.asm {"}
,{"expanded":false,"Exclusion Rule Type":"None","UNR":"none","title":"auto[FENCE_I]","All Average Grd":"100%","All Cov":"1 / 1 (100%)","Score":"1634","At Least":"1","Source":"        cp_wfi : coverpoint ins.asm {"}
,{"expanded":false,"Exclusion Rule Type":"None","UNR":"none","title":"auto[EBREAK]","All Average Grd":"100%","All Cov":"1 / 1 (100%)","Score":"18131","At Least":"1","Source":"        cp_wfi : coverpoint ins.asm {"}
,{"expanded":false,"Exclusion Rule Type":"None","UNR":"none","title":"auto[ECALL]","All Average Grd":"100%","All Cov":"1 / 1 (100%)","Score":"19","At Least":"1","Source":"        cp_wfi : coverpoint ins.asm {"}
,{"expanded":false,"Exclusion Rule Type":"None","UNR":"none","title":"auto[JAL]","All Average Grd":"100%","All Cov":"1 / 1 (100%)","Score":"18571","At Least":"1","Source":"        cp_wfi : coverpoint ins.asm {"}
,{"expanded":false,"Exclusion Rule Type":"None","UNR":"none","title":"auto[JALR]","All Average Grd":"100%","All Cov":"1 / 1 (100%)","Score":"156","At Least":"1","Source":"        cp_wfi : coverpoint ins.asm {"}
,{"expanded":false,"Exclusion Rule Type":"None","UNR":"none","title":"auto[LB]","All Average Grd":"100%","All Cov":"1 / 1 (100%)","Score":"1339","At Least":"1","Source":"        cp_wfi : coverpoint ins.asm {"}
,{"expanded":false,"Exclusion Rule Type":"None","UNR":"none","title":"auto[LBU]","All Average Grd":"100%","All Cov":"1 / 1 (100%)","Score":"1085","At Least":"1","Source":"        cp_wfi : coverpoint ins.asm {"}
,{"expanded":false,"Exclusion Rule Type":"None","UNR":"none","title":"auto[LH]","All Average Grd":"100%","All Cov":"1 / 1 (100%)","Score":"296","At Least":"1","Source":"        cp_wfi : coverpoint ins.asm {"}
,{"expanded":false,"Exclusion Rule Type":"None","UNR":"none","title":"auto[LHU]","All Average Grd":"100%","All Cov":"1 / 1 (100%)","Score":"298","At Least":"1","Source":"        cp_wfi : coverpoint ins.asm {"}
,{"expanded":false,"Exclusion Rule Type":"None","UNR":"none","title":"auto[LUI]","All Average Grd":"100%","All Cov":"1 / 1 (100%)","Score":"17928","At Least":"1","Source":"        cp_wfi : coverpoint ins.asm {"}
,{"expanded":false,"Exclusion Rule Type":"None","UNR":"none","title":"auto[LW]","All Average Grd":"100%","All Cov":"1 / 1 (100%)","Score":"1070","At Least":"1","Source":"        cp_wfi : coverpoint ins.asm {"}
,{"expanded":false,"Exclusion Rule Type":"None","UNR":"none","title":"auto[OR]","All Average Grd":"100%","All Cov":"1 / 1 (100%)","Score":"8800","At Least":"1","Source":"        cp_wfi : coverpoint ins.asm {"}
,{"expanded":false,"Exclusion Rule Type":"None","UNR":"none","title":"auto[ORI]","All Average Grd":"100%","All Cov":"1 / 1 (100%)","Score":"22457","At Least":"1","Source":"        cp_wfi : coverpoint ins.asm {"}
,{"expanded":false,"Exclusion Rule Type":"None","UNR":"none","title":"auto[SB]","All Average Grd":"100%","All Cov":"1 / 1 (100%)","Score":"1294","At Least":"1","Source":"        cp_wfi : coverpoint ins.asm {"}
,{"expanded":false,"Exclusion Rule Type":"None","UNR":"none","title":"auto[SH]","All Average Grd":"100%","All Cov":"1 / 1 (100%)","Score":"268","At Least":"1","Source":"        cp_wfi : coverpoint ins.asm {"}
,{"expanded":false,"Exclusion Rule Type":"None","UNR":"none","title":"auto[SLL]","All Average Grd":"100%","All Cov":"1 / 1 (100%)","Score":"17532","At Least":"1","Source":"        cp_wfi : coverpoint ins.asm {"}
,{"expanded":false,"Exclusion Rule Type":"None","UNR":"none","title":"auto[SLLI]","All Average Grd":"100%","All Cov":"1 / 1 (100%)","Score":"14643","At Least":"1","Source":"        cp_wfi : coverpoint ins.asm {"}
,{"expanded":false,"Exclusion Rule Type":"None","UNR":"none","title":"auto[SLT]","All Average Grd":"100%","All Cov":"1 / 1 (100%)","Score":"6461","At Least":"1","Source":"        cp_wfi : coverpoint ins.asm {"}
,{"expanded":false,"Exclusion Rule Type":"None","UNR":"none","title":"auto[SLTI]","All Average Grd":"100%","All Cov":"1 / 1 (100%)","Score":"15727","At Least":"1","Source":"        cp_wfi : coverpoint ins.asm {"}
,{"expanded":false,"Exclusion Rule Type":"None","UNR":"none","title":"auto[SLTIU]","All Average Grd":"100%","All Cov":"1 / 1 (100%)","Score":"17692","At Least":"1","Source":"        cp_wfi : coverpoint ins.asm {"}
,{"expanded":false,"Exclusion Rule Type":"None","UNR":"none","title":"auto[SLTU]","All Average Grd":"100%","All Cov":"1 / 1 (100%)","Score":"11172","At Least":"1","Source":"        cp_wfi : coverpoint ins.asm {"}
,{"expanded":false,"Exclusion Rule Type":"None","UNR":"none","title":"auto[SRA]","All Average Grd":"100%","All Cov":"1 / 1 (100%)","Score":"23253","At Least":"1","Source":"        cp_wfi : coverpoint ins.asm {"}
,{"expanded":false,"Exclusion Rule Type":"None","UNR":"none","title":"auto[SRAI]","All Average Grd":"100%","All Cov":"1 / 1 (100%)","Score":"14448","At Least":"1","Source":"        cp_wfi : coverpoint ins.asm {"}
,{"expanded":false,"Exclusion Rule Type":"None","UNR":"none","title":"auto[SRL]","All Average Grd":"100%","All Cov":"1 / 1 (100%)","Score":"10225","At Least":"1","Source":"        cp_wfi : coverpoint ins.asm {"}
,{"expanded":false,"Exclusion Rule Type":"None","UNR":"none","title":"auto[SRLI]","All Average Grd":"100%","All Cov":"1 / 1 (100%)","Score":"18275","At Least":"1","Source":"        cp_wfi : coverpoint ins.asm {"}
,{"expanded":false,"Exclusion Rule Type":"None","UNR":"none","title":"auto[SUB]","All Average Grd":"100%","All Cov":"1 / 1 (100%)","Score":"13866","At Least":"1","Source":"        cp_wfi : coverpoint ins.asm {"}
,{"expanded":false,"Exclusion Rule Type":"None","UNR":"none","title":"auto[SW]","All Average Grd":"100%","All Cov":"1 / 1 (100%)","Score":"1046","At Least":"1","Source":"        cp_wfi : coverpoint ins.asm {"}
,{"expanded":false,"Exclusion Rule Type":"None","UNR":"none","title":"auto[XOR]","All Average Grd":"100%","All Cov":"1 / 1 (100%)","Score":"13145","At Least":"1","Source":"        cp_wfi : coverpoint ins.asm {"}
,{"expanded":false,"Exclusion Rule Type":"None","UNR":"none","title":"auto[XORI]","All Average Grd":"100%","All Cov":"1 / 1 (100%)","Score":"16456","At Least":"1","Source":"        cp_wfi : coverpoint ins.asm {"}
,{"expanded":false,"Exclusion Rule Type":"None","UNR":"none","title":"auto[MUL]","All Average Grd":"100%","All Cov":"1 / 1 (100%)","Score":"13182","At Least":"1","Source":"        cp_wfi : coverpoint ins.asm {"}
,{"expanded":false,"Exclusion Rule Type":"None","UNR":"none","title":"auto[MULH]","All Average Grd":"100%","All Cov":"1 / 1 (100%)","Score":"25356","At Least":"1","Source":"        cp_wfi : coverpoint ins.asm {"}
,{"expanded":false,"Exclusion Rule Type":"None","UNR":"none","title":"auto[MULHU]","All Average Grd":"100%","All Cov":"1 / 1 (100%)","Score":"12850","At Least":"1","Source":"        cp_wfi : coverpoint ins.asm {"}
,{"expanded":false,"Exclusion Rule Type":"None","UNR":"none","title":"auto[MULHSU]","All Average Grd":"100%","All Cov":"1 / 1 (100%)","Score":"11019","At Least":"1","Source":"        cp_wfi : coverpoint ins.asm {"}
,{"expanded":false,"Exclusion Rule Type":"None","UNR":"none","title":"auto[DIV]","All Average Grd":"100%","All Cov":"1 / 1 (100%)","Score":"19088","At Least":"1","Source":"        cp_wfi : coverpoint ins.asm {"}
,{"expanded":false,"Exclusion Rule Type":"None","UNR":"none","title":"auto[REM]","All Average Grd":"100%","All Cov":"1 / 1 (100%)","Score":"11107","At Least":"1","Source":"        cp_wfi : coverpoint ins.asm {"}
,{"expanded":false,"Exclusion Rule Type":"None","UNR":"none","title":"auto[DIVU]","All Average Grd":"100%","All Cov":"1 / 1 (100%)","Score":"18181","At Least":"1","Source":"        cp_wfi : coverpoint ins.asm {"}
,{"expanded":false,"Exclusion Rule Type":"None","UNR":"none","title":"auto[REMU]","All Average Grd":"100%","All Cov":"1 / 1 (100%)","Score":"13525","At Least":"1","Source":"        cp_wfi : coverpoint ins.asm {"}
,{"expanded":false,"Exclusion Rule Type":"None","UNR":"none","title":"auto[WFI]","All Average Grd":"100%","All Cov":"1 / 1 (100%)","Score":"14593","At Least":"1","Source":"        cp_wfi : coverpoint ins.asm {"}
,{"expanded":false,"Exclusion Rule Type":"None","UNR":"none","title":"auto[MRET]","All Average Grd":"100%","All Cov":"1 / 1 (100%)","Score":"647","At Least":"1","Source":"        cp_wfi : coverpoint ins.asm {"}
,{"expanded":false,"Exclusion Rule Type":"None","UNR":"none","title":"auto[DRET]","All Average Grd":"100%","All Cov":"1 / 1 (100%)","Score":"11797","At Least":"1","Source":"        cp_wfi : coverpoint ins.asm {"}
,{"expanded":false,"Exclusion Rule Type":"None","UNR":"none","title":"auto[CSRRW]","All Average Grd":"100%","All Cov":"1 / 1 (100%)","Score":"256","At Least":"1","Source":"        cp_wfi : coverpoint ins.asm {"}
,{"expanded":false,"Exclusion Rule Type":"None","UNR":"none","title":"auto[CSRRC]","All Average Grd":"100%","All Cov":"1 / 1 (100%)","Score":"311","At Least":"1","Source":"        cp_wfi : coverpoint ins.asm {"}
,{"expanded":false,"Exclusion Rule Type":"None","UNR":"none","title":"auto[CSRRS]","All Average Grd":"100%","All Cov":"1 / 1 (100%)","Score":"6850","At Least":"1","Source":"        cp_wfi : coverpoint ins.asm {"}
,{"expanded":false,"Exclusion Rule Type":"None","UNR":"none","title":"auto[CSRRCI]","All Average Grd":"100%","All Cov":"1 / 1 (100%)","Score":"425","At Least":"1","Source":"        cp_wfi : coverpoint ins.asm {"}
,{"expanded":false,"Exclusion Rule Type":"None","UNR":"none","title":"auto[CSRRSI]","All Average Grd":"100%","All Cov":"1 / 1 (100%)","Score":"387","At Least":"1","Source":"        cp_wfi : coverpoint ins.asm {"}
,{"expanded":false,"Exclusion Rule Type":"None","UNR":"none","title":"auto[CSRRWI]","All Average Grd":"100%","All Cov":"1 / 1 (100%)","Score":"2029","At Least":"1","Source":"        cp_wfi : coverpoint ins.asm {"}
,{"expanded":false,"Exclusion Rule Type":"None","UNR":"none","title":"auto[C_LWSP]","All Average Grd":"100%","All Cov":"1 / 1 (100%)","Score":"8","At Least":"1","Source":"        cp_wfi : coverpoint ins.asm {"}
,{"expanded":false,"Exclusion Rule Type":"None","UNR":"none","title":"auto[C_SWSP]","All Average Grd":"100%","All Cov":"1 / 1 (100%)","Score":"11","At Least":"1","Source":"        cp_wfi : coverpoint ins.asm {"}
,{"expanded":false,"Exclusion Rule Type":"None","UNR":"none","title":"auto[C_LW]","All Average Grd":"100%","All Cov":"1 / 1 (100%)","Score":"12","At Least":"1","Source":"        cp_wfi : coverpoint ins.asm {"}
,{"expanded":false,"Exclusion Rule Type":"None","UNR":"none","title":"auto[C_SW]","All Average Grd":"100%","All Cov":"1 / 1 (100%)","Score":"22","At Least":"1","Source":"        cp_wfi : coverpoint ins.asm {"}
,{"expanded":false,"Exclusion Rule Type":"None","UNR":"none","title":"auto[C_BEQZ]","All Average Grd":"100%","All Cov":"1 / 1 (100%)","Score":"19496","At Least":"1","Source":"        cp_wfi : coverpoint ins.asm {"}
,{"expanded":false,"Exclusion Rule Type":"None","UNR":"none","title":"auto[C_BNEZ]","All Average Grd":"100%","All Cov":"1 / 1 (100%)","Score":"27389","At Least":"1","Source":"        cp_wfi : coverpoint ins.asm {"}
,{"expanded":false,"Exclusion Rule Type":"None","UNR":"none","title":"auto[C_J]","All Average Grd":"100%","All Cov":"1 / 1 (100%)","Score":"242","At Least":"1","Source":"        cp_wfi : coverpoint ins.asm {"}
,{"expanded":false,"Exclusion Rule Type":"None","UNR":"none","title":"auto[C_JR]","All Average Grd":"100%","All Cov":"1 / 1 (100%)","Score":"75","At Least":"1","Source":"        cp_wfi : coverpoint ins.asm {"}
,{"expanded":false,"Exclusion Rule Type":"None","UNR":"none","title":"auto[C_JAL]","All Average Grd":"100%","All Cov":"1 / 1 (100%)","Score":"179","At Least":"1","Source":"        cp_wfi : coverpoint ins.asm {"}
,{"expanded":false,"Exclusion Rule Type":"None","UNR":"none","title":"auto[C_JALR]","All Average Grd":"100%","All Cov":"1 / 1 (100%)","Score":"72","At Least":"1","Source":"        cp_wfi : coverpoint ins.asm {"}
,{"expanded":false,"Exclusion Rule Type":"None","UNR":"none","title":"auto[C_LI]","All Average Grd":"100%","All Cov":"1 / 1 (100%)","Score":"15715","At Least":"1","Source":"        cp_wfi : coverpoint ins.asm {"}
,{"expanded":false,"Exclusion Rule Type":"None","UNR":"none","title":"auto[C_LUI]","All Average Grd":"100%","All Cov":"1 / 1 (100%)","Score":"8875","At Least":"1","Source":"        cp_wfi : coverpoint ins.asm {"}
,{"expanded":false,"Exclusion Rule Type":"None","UNR":"none","title":"auto[C_ADDI]","All Average Grd":"100%","All Cov":"1 / 1 (100%)","Score":"43595","At Least":"1","Source":"        cp_wfi : coverpoint ins.asm {"}
,{"expanded":false,"Exclusion Rule Type":"None","UNR":"none","title":"auto[C_ADDI16SP]","All Average Grd":"100%","All Cov":"1 / 1 (100%)","Score":"1966","At Least":"1","Source":"        cp_wfi : coverpoint ins.asm {"}
,{"expanded":false,"Exclusion Rule Type":"None","UNR":"none","title":"auto[C_ADDI4SPN]","All Average Grd":"100%","All Cov":"1 / 1 (100%)","Score":"8550","At Least":"1","Source":"        cp_wfi : coverpoint ins.asm {"}
,{"expanded":false,"Exclusion Rule Type":"None","UNR":"none","title":"auto[C_SLLI]","All Average Grd":"100%","All Cov":"1 / 1 (100%)","Score":"12826","At Least":"1","Source":"        cp_wfi : coverpoint ins.asm {"}
,{"expanded":false,"Exclusion Rule Type":"None","UNR":"none","title":"auto[C_SRLI]","All Average Grd":"100%","All Cov":"1 / 1 (100%)","Score":"12531","At Least":"1","Source":"        cp_wfi : coverpoint ins.asm {"}
,{"expanded":false,"Exclusion Rule Type":"None","UNR":"none","title":"auto[C_SRAI]","All Average Grd":"100%","All Cov":"1 / 1 (100%)","Score":"10344","At Least":"1","Source":"        cp_wfi : coverpoint ins.asm {"}
,{"expanded":false,"Exclusion Rule Type":"None","UNR":"none","title":"auto[C_ANDI]","All Average Grd":"100%","All Cov":"1 / 1 (100%)","Score":"5390","At Least":"1","Source":"        cp_wfi : coverpoint ins.asm {"}
,{"expanded":false,"Exclusion Rule Type":"None","UNR":"none","title":"auto[C_ADD]","All Average Grd":"100%","All Cov":"1 / 1 (100%)","Score":"35774","At Least":"1","Source":"        cp_wfi : coverpoint ins.asm {"}
,{"expanded":false,"Exclusion Rule Type":"None","UNR":"none","title":"auto[C_AND]","All Average Grd":"100%","All Cov":"1 / 1 (100%)","Score":"14875","At Least":"1","Source":"        cp_wfi : coverpoint ins.asm {"}
,{"expanded":false,"Exclusion Rule Type":"None","UNR":"none","title":"auto[C_OR]","All Average Grd":"100%","All Cov":"1 / 1 (100%)","Score":"9027","At Least":"1","Source":"        cp_wfi : coverpoint ins.asm {"}
,{"expanded":false,"Exclusion Rule Type":"None","UNR":"none","title":"auto[C_XOR]","All Average Grd":"100%","All Cov":"1 / 1 (100%)","Score":"12106","At Least":"1","Source":"        cp_wfi : coverpoint ins.asm {"}
,{"expanded":false,"Exclusion Rule Type":"None","UNR":"none","title":"auto[C_SUB]","All Average Grd":"100%","All Cov":"1 / 1 (100%)","Score":"6407","At Least":"1","Source":"        cp_wfi : coverpoint ins.asm {"}
,{"expanded":false,"Exclusion Rule Type":"None","UNR":"none","title":"auto[C_EBREAK]","All Average Grd":"100%","All Cov":"1 / 1 (100%)","Score":"16354","At Least":"1","Source":"        cp_wfi : coverpoint ins.asm {"}
],"columns":""}
]}
,{"expanded":false,"Exclusion Rule Type":"None","UNR":"none","title":"cg_irq_exit","All Average Grd":"100%","All Cov":"81 / 81 (100%)","Enclosing Entity":"uvm_pkg.uvm_test_top.env.cov_model.interrupt_covg","Source":"    covergroup cg_irq_exit with function sample(ins_t ins);"
,"subitems":[{"expanded":false,"Exclusion Rule Type":"None","UNR":"none","title":"cp_irq","At Least":"1","All Average Grd":"100%","All Cov":"81 / 81 (100%)","Source":"        cp_irq : coverpoint ins.asm {"
,"subitems":[{"expanded":false,"Exclusion Rule Type":"None","UNR":"none","title":"auto[ADD]","All Average Grd":"100%","All Cov":"1 / 1 (100%)","Score":"417","At Least":"1","Source":"        cp_irq : coverpoint ins.asm {"}
,{"expanded":false,"Exclusion Rule Type":"None","UNR":"none","title":"auto[ADDI]","All Average Grd":"100%","All Cov":"1 / 1 (100%)","Score":"1345","At Least":"1","Source":"        cp_irq : coverpoint ins.asm {"}
,{"expanded":false,"Exclusion Rule Type":"None","UNR":"none","title":"auto[AND]","All Average Grd":"100%","All Cov":"1 / 1 (100%)","Score":"425","At Least":"1","Source":"        cp_irq : coverpoint ins.asm {"}
,{"expanded":false,"Exclusion Rule Type":"None","UNR":"none","title":"auto[ANDI]","All Average Grd":"100%","All Cov":"1 / 1 (100%)","Score":"482","At Least":"1","Source":"        cp_irq : coverpoint ins.asm {"}
,{"expanded":false,"Exclusion Rule Type":"None","UNR":"none","title":"auto[AUIPC]","All Average Grd":"100%","All Cov":"1 / 1 (100%)","Score":"645","At Least":"1","Source":"        cp_irq : coverpoint ins.asm {"}
,{"expanded":false,"Exclusion Rule Type":"None","UNR":"none","title":"auto[BEQ]","All Average Grd":"100%","All Cov":"1 / 1 (100%)","Score":"345","At Least":"1","Source":"        cp_irq : coverpoint ins.asm {"}
,{"expanded":false,"Exclusion Rule Type":"None","UNR":"none","title":"auto[BGE]","All Average Grd":"100%","All Cov":"1 / 1 (100%)","Score":"346","At Least":"1","Source":"        cp_irq : coverpoint ins.asm {"}
,{"expanded":false,"Exclusion Rule Type":"None","UNR":"none","title":"auto[BGEU]","All Average Grd":"100%","All Cov":"1 / 1 (100%)","Score":"291","At Least":"1","Source":"        cp_irq : coverpoint ins.asm {"}
,{"expanded":false,"Exclusion Rule Type":"None","UNR":"none","title":"auto[BLTU]","All Average Grd":"100%","All Cov":"1 / 1 (100%)","Score":"415","At Least":"1","Source":"        cp_irq : coverpoint ins.asm {"}
,{"expanded":false,"Exclusion Rule Type":"None","UNR":"none","title":"auto[BNE]","All Average Grd":"100%","All Cov":"1 / 1 (100%)","Score":"875","At Least":"1","Source":"        cp_irq : coverpoint ins.asm {"}
,{"expanded":false,"Exclusion Rule Type":"None","UNR":"none","title":"auto[BLT]","All Average Grd":"100%","All Cov":"1 / 1 (100%)","Score":"326","At Least":"1","Source":"        cp_irq : coverpoint ins.asm {"}
,{"expanded":false,"Exclusion Rule Type":"None","UNR":"none","title":"auto[FENCE]","All Average Grd":"100%","All Cov":"1 / 1 (100%)","Score":"346","At Least":"1","Source":"        cp_irq : coverpoint ins.asm {"}
,{"expanded":false,"Exclusion Rule Type":"None","UNR":"none","title":"auto[FENCE_I]","All Average Grd":"100%","All Cov":"1 / 1 (100%)","Score":"454","At Least":"1","Source":"        cp_irq : coverpoint ins.asm {"}
,{"expanded":false,"Exclusion Rule Type":"None","UNR":"none","title":"auto[EBREAK]","All Average Grd":"100%","All Cov":"1 / 1 (100%)","Score":"153","At Least":"1","Source":"        cp_irq : coverpoint ins.asm {"}
,{"expanded":false,"Exclusion Rule Type":"None","UNR":"none","title":"auto[ECALL]","All Average Grd":"100%","All Cov":"1 / 1 (100%)","Score":"5","At Least":"1","Source":"        cp_irq : coverpoint ins.asm {"}
,{"expanded":false,"Exclusion Rule Type":"None","UNR":"none","title":"auto[JAL]","All Average Grd":"100%","All Cov":"1 / 1 (100%)","Score":"126046","At Least":"1","Source":"        cp_irq : coverpoint ins.asm {"}
,{"expanded":false,"Exclusion Rule Type":"None","UNR":"none","title":"auto[JALR]","All Average Grd":"100%","All Cov":"1 / 1 (100%)","Score":"159","At Least":"1","Source":"        cp_irq : coverpoint ins.asm {"}
,{"expanded":false,"Exclusion Rule Type":"None","UNR":"none","title":"auto[LB]","All Average Grd":"100%","All Cov":"1 / 1 (100%)","Score":"1580","At Least":"1","Source":"        cp_irq : coverpoint ins.asm {"}
,{"expanded":false,"Exclusion Rule Type":"None","UNR":"none","title":"auto[LBU]","All Average Grd":"100%","All Cov":"1 / 1 (100%)","Score":"1537","At Least":"1","Source":"        cp_irq : coverpoint ins.asm {"}
,{"expanded":false,"Exclusion Rule Type":"None","UNR":"none","title":"auto[LH]","All Average Grd":"100%","All Cov":"1 / 1 (100%)","Score":"529","At Least":"1","Source":"        cp_irq : coverpoint ins.asm {"}
,{"expanded":false,"Exclusion Rule Type":"None","UNR":"none","title":"auto[LHU]","All Average Grd":"100%","All Cov":"1 / 1 (100%)","Score":"495","At Least":"1","Source":"        cp_irq : coverpoint ins.asm {"}
,{"expanded":false,"Exclusion Rule Type":"None","UNR":"none","title":"auto[LUI]","All Average Grd":"100%","All Cov":"1 / 1 (100%)","Score":"700","At Least":"1","Source":"        cp_irq : coverpoint ins.asm {"}
,{"expanded":false,"Exclusion Rule Type":"None","UNR":"none","title":"auto[LW]","All Average Grd":"100%","All Cov":"1 / 1 (100%)","Score":"355","At Least":"1","Source":"        cp_irq : coverpoint ins.asm {"}
,{"expanded":false,"Exclusion Rule Type":"None","UNR":"none","title":"auto[OR]","All Average Grd":"100%","All Cov":"1 / 1 (100%)","Score":"527","At Least":"1","Source":"        cp_irq : coverpoint ins.asm {"}
,{"expanded":false,"Exclusion Rule Type":"None","UNR":"none","title":"auto[ORI]","All Average Grd":"100%","All Cov":"1 / 1 (100%)","Score":"428","At Least":"1","Source":"        cp_irq : coverpoint ins.asm {"}
,{"expanded":false,"Exclusion Rule Type":"None","UNR":"none","title":"auto[SB]","All Average Grd":"100%","All Cov":"1 / 1 (100%)","Score":"1801","At Least":"1","Source":"        cp_irq : coverpoint ins.asm {"}
,{"expanded":false,"Exclusion Rule Type":"None","UNR":"none","title":"auto[SH]","All Average Grd":"100%","All Cov":"1 / 1 (100%)","Score":"471","At Least":"1","Source":"        cp_irq : coverpoint ins.asm {"}
,{"expanded":false,"Exclusion Rule Type":"None","UNR":"none","title":"auto[SLL]","All Average Grd":"100%","All Cov":"1 / 1 (100%)","Score":"339","At Least":"1","Source":"        cp_irq : coverpoint ins.asm {"}
,{"expanded":false,"Exclusion Rule Type":"None","UNR":"none","title":"auto[SLLI]","All Average Grd":"100%","All Cov":"1 / 1 (100%)","Score":"393","At Least":"1","Source":"        cp_irq : coverpoint ins.asm {"}
,{"expanded":false,"Exclusion Rule Type":"None","UNR":"none","title":"auto[SLT]","All Average Grd":"100%","All Cov":"1 / 1 (100%)","Score":"457","At Least":"1","Source":"        cp_irq : coverpoint ins.asm {"}
,{"expanded":false,"Exclusion Rule Type":"None","UNR":"none","title":"auto[SLTI]","All Average Grd":"100%","All Cov":"1 / 1 (100%)","Score":"473","At Least":"1","Source":"        cp_irq : coverpoint ins.asm {"}
,{"expanded":false,"Exclusion Rule Type":"None","UNR":"none","title":"auto[SLTIU]","All Average Grd":"100%","All Cov":"1 / 1 (100%)","Score":"409","At Least":"1","Source":"        cp_irq : coverpoint ins.asm {"}
,{"expanded":false,"Exclusion Rule Type":"None","UNR":"none","title":"auto[SLTU]","All Average Grd":"100%","All Cov":"1 / 1 (100%)","Score":"421","At Least":"1","Source":"        cp_irq : coverpoint ins.asm {"}
,{"expanded":false,"Exclusion Rule Type":"None","UNR":"none","title":"auto[SRA]","All Average Grd":"100%","All Cov":"1 / 1 (100%)","Score":"439","At Least":"1","Source":"        cp_irq : coverpoint ins.asm {"}
,{"expanded":false,"Exclusion Rule Type":"None","UNR":"none","title":"auto[SRAI]","All Average Grd":"100%","All Cov":"1 / 1 (100%)","Score":"540","At Least":"1","Source":"        cp_irq : coverpoint ins.asm {"}
,{"expanded":false,"Exclusion Rule Type":"None","UNR":"none","title":"auto[SRL]","All Average Grd":"100%","All Cov":"1 / 1 (100%)","Score":"391","At Least":"1","Source":"        cp_irq : coverpoint ins.asm {"}
,{"expanded":false,"Exclusion Rule Type":"None","UNR":"none","title":"auto[SRLI]","All Average Grd":"100%","All Cov":"1 / 1 (100%)","Score":"511","At Least":"1","Source":"        cp_irq : coverpoint ins.asm {"}
,{"expanded":false,"Exclusion Rule Type":"None","UNR":"none","title":"auto[SUB]","All Average Grd":"100%","All Cov":"1 / 1 (100%)","Score":"396","At Least":"1","Source":"        cp_irq : coverpoint ins.asm {"}
,{"expanded":false,"Exclusion Rule Type":"None","UNR":"none","title":"auto[SW]","All Average Grd":"100%","All Cov":"1 / 1 (100%)","Score":"331","At Least":"1","Source":"        cp_irq : coverpoint ins.asm {"}
,{"expanded":false,"Exclusion Rule Type":"None","UNR":"none","title":"auto[XOR]","All Average Grd":"100%","All Cov":"1 / 1 (100%)","Score":"390","At Least":"1","Source":"        cp_irq : coverpoint ins.asm {"}
,{"expanded":false,"Exclusion Rule Type":"None","UNR":"none","title":"auto[XORI]","All Average Grd":"100%","All Cov":"1 / 1 (100%)","Score":"500","At Least":"1","Source":"        cp_irq : coverpoint ins.asm {"}
,{"expanded":false,"Exclusion Rule Type":"None","UNR":"none","title":"auto[MUL]","All Average Grd":"100%","All Cov":"1 / 1 (100%)","Score":"500","At Least":"1","Source":"        cp_irq : coverpoint ins.asm {"}
,{"expanded":false,"Exclusion Rule Type":"None","UNR":"none","title":"auto[MULH]","All Average Grd":"100%","All Cov":"1 / 1 (100%)","Score":"560","At Least":"1","Source":"        cp_irq : coverpoint ins.asm {"}
,{"expanded":false,"Exclusion Rule Type":"None","UNR":"none","title":"auto[MULHU]","All Average Grd":"100%","All Cov":"1 / 1 (100%)","Score":"459","At Least":"1","Source":"        cp_irq : coverpoint ins.asm {"}
,{"expanded":false,"Exclusion Rule Type":"None","UNR":"none","title":"auto[MULHSU]","All Average Grd":"100%","All Cov":"1 / 1 (100%)","Score":"517","At Least":"1","Source":"        cp_irq : coverpoint ins.asm {"}
,{"expanded":false,"Exclusion Rule Type":"None","UNR":"none","title":"auto[DIV]","All Average Grd":"100%","All Cov":"1 / 1 (100%)","Score":"525","At Least":"1","Source":"        cp_irq : coverpoint ins.asm {"}
,{"expanded":false,"Exclusion Rule Type":"None","UNR":"none","title":"auto[REM]","All Average Grd":"100%","All Cov":"1 / 1 (100%)","Score":"443","At Least":"1","Source":"        cp_irq : coverpoint ins.asm {"}
,{"expanded":false,"Exclusion Rule Type":"None","UNR":"none","title":"auto[DIVU]","All Average Grd":"100%","All Cov":"1 / 1 (100%)","Score":"407","At Least":"1","Source":"        cp_irq : coverpoint ins.asm {"}
,{"expanded":false,"Exclusion Rule Type":"None","UNR":"none","title":"auto[REMU]","All Average Grd":"100%","All Cov":"1 / 1 (100%)","Score":"426","At Least":"1","Source":"        cp_irq : coverpoint ins.asm {"}
,{"expanded":false,"Exclusion Rule Type":"None","UNR":"none","title":"auto[WFI]","All Average Grd":"100%","All Cov":"1 / 1 (100%)","Score":"391","At Least":"1","Source":"        cp_irq : coverpoint ins.asm {"}
,{"expanded":false,"Exclusion Rule Type":"None","UNR":"none","title":"auto[CSRRW]","All Average Grd":"100%","All Cov":"1 / 1 (100%)","Score":"20930","At Least":"1","Source":"        cp_irq : coverpoint ins.asm {"}
,{"expanded":false,"Exclusion Rule Type":"None","UNR":"none","title":"auto[CSRRC]","All Average Grd":"100%","All Cov":"1 / 1 (100%)","Score":"327","At Least":"1","Source":"        cp_irq : coverpoint ins.asm {"}
,{"expanded":false,"Exclusion Rule Type":"None","UNR":"none","title":"auto[CSRRS]","All Average Grd":"100%","All Cov":"1 / 1 (100%)","Score":"16358","At Least":"1","Source":"        cp_irq : coverpoint ins.asm {"}
,{"expanded":false,"Exclusion Rule Type":"None","UNR":"none","title":"auto[CSRRCI]","All Average Grd":"100%","All Cov":"1 / 1 (100%)","Score":"462","At Least":"1","Source":"        cp_irq : coverpoint ins.asm {"}
,{"expanded":false,"Exclusion Rule Type":"None","UNR":"none","title":"auto[CSRRSI]","All Average Grd":"100%","All Cov":"1 / 1 (100%)","Score":"390","At Least":"1","Source":"        cp_irq : coverpoint ins.asm {"}
,{"expanded":false,"Exclusion Rule Type":"None","UNR":"none","title":"auto[CSRRWI]","All Average Grd":"100%","All Cov":"1 / 1 (100%)","Score":"283","At Least":"1","Source":"        cp_irq : coverpoint ins.asm {"}
,{"expanded":false,"Exclusion Rule Type":"None","UNR":"none","title":"auto[C_LWSP]","All Average Grd":"100%","All Cov":"1 / 1 (100%)","Score":"28","At Least":"1","Source":"        cp_irq : coverpoint ins.asm {"}
,{"expanded":false,"Exclusion Rule Type":"None","UNR":"none","title":"auto[C_SWSP]","All Average Grd":"100%","All Cov":"1 / 1 (100%)","Score":"36","At Least":"1","Source":"        cp_irq : coverpoint ins.asm {"}
,{"expanded":false,"Exclusion Rule Type":"None","UNR":"none","title":"auto[C_LW]","All Average Grd":"100%","All Cov":"1 / 1 (100%)","Score":"3","At Least":"1","Source":"        cp_irq : coverpoint ins.asm {"}
,{"expanded":false,"Exclusion Rule Type":"None","UNR":"none","title":"auto[C_SW]","All Average Grd":"100%","All Cov":"1 / 1 (100%)","Score":"5","At Least":"1","Source":"        cp_irq : coverpoint ins.asm {"}
,{"expanded":false,"Exclusion Rule Type":"None","UNR":"none","title":"auto[C_BEQZ]","All Average Grd":"100%","All Cov":"1 / 1 (100%)","Score":"257","At Least":"1","Source":"        cp_irq : coverpoint ins.asm {"}
,{"expanded":false,"Exclusion Rule Type":"None","UNR":"none","title":"auto[C_BNEZ]","All Average Grd":"100%","All Cov":"1 / 1 (100%)","Score":"459","At Least":"1","Source":"        cp_irq : coverpoint ins.asm {"}
,{"expanded":false,"Exclusion Rule Type":"None","UNR":"none","title":"auto[C_J]","All Average Grd":"100%","All Cov":"1 / 1 (100%)","Score":"202","At Least":"1","Source":"        cp_irq : coverpoint ins.asm {"}
,{"expanded":false,"Exclusion Rule Type":"None","UNR":"none","title":"auto[C_JR]","All Average Grd":"100%","All Cov":"1 / 1 (100%)","Score":"391","At Least":"1","Source":"        cp_irq : coverpoint ins.asm {"}
,{"expanded":false,"Exclusion Rule Type":"None","UNR":"none","title":"auto[C_JAL]","All Average Grd":"100%","All Cov":"1 / 1 (100%)","Score":"200","At Least":"1","Source":"        cp_irq : coverpoint ins.asm {"}
,{"expanded":false,"Exclusion Rule Type":"None","UNR":"none","title":"auto[C_JALR]","All Average Grd":"100%","All Cov":"1 / 1 (100%)","Score":"61","At Least":"1","Source":"        cp_irq : coverpoint ins.asm {"}
,{"expanded":false,"Exclusion Rule Type":"None","UNR":"none","title":"auto[C_LI]","All Average Grd":"100%","All Cov":"1 / 1 (100%)","Score":"478","At Least":"1","Source":"        cp_irq : coverpoint ins.asm {"}
,{"expanded":false,"Exclusion Rule Type":"None","UNR":"none","title":"auto[C_LUI]","All Average Grd":"100%","All Cov":"1 / 1 (100%)","Score":"440","At Least":"1","Source":"        cp_irq : coverpoint ins.asm {"}
,{"expanded":false,"Exclusion Rule Type":"None","UNR":"none","title":"auto[C_ADDI]","All Average Grd":"100%","All Cov":"1 / 1 (100%)","Score":"1960","At Least":"1","Source":"        cp_irq : coverpoint ins.asm {"}
,{"expanded":false,"Exclusion Rule Type":"None","UNR":"none","title":"auto[C_ADDI16SP]","All Average Grd":"100%","All Cov":"1 / 1 (100%)","Score":"430","At Least":"1","Source":"        cp_irq : coverpoint ins.asm {"}
,{"expanded":false,"Exclusion Rule Type":"None","UNR":"none","title":"auto[C_ADDI4SPN]","All Average Grd":"100%","All Cov":"1 / 1 (100%)","Score":"310","At Least":"1","Source":"        cp_irq : coverpoint ins.asm {"}
,{"expanded":false,"Exclusion Rule Type":"None","UNR":"none","title":"auto[C_SLLI]","All Average Grd":"100%","All Cov":"1 / 1 (100%)","Score":"491","At Least":"1","Source":"        cp_irq : coverpoint ins.asm {"}
,{"expanded":false,"Exclusion Rule Type":"None","UNR":"none","title":"auto[C_SRLI]","All Average Grd":"100%","All Cov":"1 / 1 (100%)","Score":"419","At Least":"1","Source":"        cp_irq : coverpoint ins.asm {"}
,{"expanded":false,"Exclusion Rule Type":"None","UNR":"none","title":"auto[C_SRAI]","All Average Grd":"100%","All Cov":"1 / 1 (100%)","Score":"440","At Least":"1","Source":"        cp_irq : coverpoint ins.asm {"}
,{"expanded":false,"Exclusion Rule Type":"None","UNR":"none","title":"auto[C_ANDI]","All Average Grd":"100%","All Cov":"1 / 1 (100%)","Score":"443","At Least":"1","Source":"        cp_irq : coverpoint ins.asm {"}
,{"expanded":false,"Exclusion Rule Type":"None","UNR":"none","title":"auto[C_ADD]","All Average Grd":"100%","All Cov":"1 / 1 (100%)","Score":"795","At Least":"1","Source":"        cp_irq : coverpoint ins.asm {"}
,{"expanded":false,"Exclusion Rule Type":"None","UNR":"none","title":"auto[C_AND]","All Average Grd":"100%","All Cov":"1 / 1 (100%)","Score":"534","At Least":"1","Source":"        cp_irq : coverpoint ins.asm {"}
,{"expanded":false,"Exclusion Rule Type":"None","UNR":"none","title":"auto[C_OR]","All Average Grd":"100%","All Cov":"1 / 1 (100%)","Score":"460","At Least":"1","Source":"        cp_irq : coverpoint ins.asm {"}
,{"expanded":false,"Exclusion Rule Type":"None","UNR":"none","title":"auto[C_XOR]","All Average Grd":"100%","All Cov":"1 / 1 (100%)","Score":"546","At Least":"1","Source":"        cp_irq : coverpoint ins.asm {"}
,{"expanded":false,"Exclusion Rule Type":"None","UNR":"none","title":"auto[C_SUB]","All Average Grd":"100%","All Cov":"1 / 1 (100%)","Score":"417","At Least":"1","Source":"        cp_irq : coverpoint ins.asm {"}
,{"expanded":false,"Exclusion Rule Type":"None","UNR":"none","title":"auto[C_EBREAK]","All Average Grd":"100%","All Cov":"1 / 1 (100%)","Score":"131","At Least":"1","Source":"        cp_irq : coverpoint ins.asm {"}
],"columns":""}
]}
,{"expanded":false,"Exclusion Rule Type":"None","UNR":"none","title":"cg_wfi_exit","All Average Grd":"100%","All Cov":"83 / 83 (100%)","Enclosing Entity":"uvm_pkg.uvm_test_top.env.cov_model.interrupt_covg","Source":"    covergroup cg_wfi_exit with function sample(ins_t ins);"
,"subitems":[{"expanded":false,"Exclusion Rule Type":"None","UNR":"none","title":"cp_wfi","At Least":"1","All Average Grd":"100%","All Cov":"83 / 83 (100%)","Source":"        cp_wfi : coverpoint ins.asm {"
,"subitems":[{"expanded":false,"Exclusion Rule Type":"None","UNR":"none","title":"auto[ADD]","All Average Grd":"100%","All Cov":"1 / 1 (100%)","Score":"8048","At Least":"1","Source":"        cp_wfi : coverpoint ins.asm {"}
,{"expanded":false,"Exclusion Rule Type":"None","UNR":"none","title":"auto[ADDI]","All Average Grd":"100%","All Cov":"1 / 1 (100%)","Score":"6407","At Least":"1","Source":"        cp_wfi : coverpoint ins.asm {"}
,{"expanded":false,"Exclusion Rule Type":"None","UNR":"none","title":"auto[AND]","All Average Grd":"100%","All Cov":"1 / 1 (100%)","Score":"27510","At Least":"1","Source":"        cp_wfi : coverpoint ins.asm {"}
,{"expanded":false,"Exclusion Rule Type":"None","UNR":"none","title":"auto[ANDI]","All Average Grd":"100%","All Cov":"1 / 1 (100%)","Score":"15774","At Least":"1","Source":"        cp_wfi : coverpoint ins.asm {"}
,{"expanded":false,"Exclusion Rule Type":"None","UNR":"none","title":"auto[AUIPC]","All Average Grd":"100%","All Cov":"1 / 1 (100%)","Score":"18902","At Least":"1","Source":"        cp_wfi : coverpoint ins.asm {"}
,{"expanded":false,"Exclusion Rule Type":"None","UNR":"none","title":"auto[BEQ]","All Average Grd":"100%","All Cov":"1 / 1 (100%)","Score":"14990","At Least":"1","Source":"        cp_wfi : coverpoint ins.asm {"}
,{"expanded":false,"Exclusion Rule Type":"None","UNR":"none","title":"auto[BGE]","All Average Grd":"100%","All Cov":"1 / 1 (100%)","Score":"13691","At Least":"1","Source":"        cp_wfi : coverpoint ins.asm {"}
,{"expanded":false,"Exclusion Rule Type":"None","UNR":"none","title":"auto[BGEU]","All Average Grd":"100%","All Cov":"1 / 1 (100%)","Score":"21444","At Least":"1","Source":"        cp_wfi : coverpoint ins.asm {"}
,{"expanded":false,"Exclusion Rule Type":"None","UNR":"none","title":"auto[BLTU]","All Average Grd":"100%","All Cov":"1 / 1 (100%)","Score":"13703","At Least":"1","Source":"        cp_wfi : coverpoint ins.asm {"}
,{"expanded":false,"Exclusion Rule Type":"None","UNR":"none","title":"auto[BNE]","All Average Grd":"100%","All Cov":"1 / 1 (100%)","Score":"112086","At Least":"1","Source":"        cp_wfi : coverpoint ins.asm {"}
,{"expanded":false,"Exclusion Rule Type":"None","UNR":"none","title":"auto[BLT]","All Average Grd":"100%","All Cov":"1 / 1 (100%)","Score":"2253","At Least":"1","Source":"        cp_wfi : coverpoint ins.asm {"}
,{"expanded":false,"Exclusion Rule Type":"None","UNR":"none","title":"auto[FENCE]","All Average Grd":"100%","All Cov":"1 / 1 (100%)","Score":"764","At Least":"1","Source":"        cp_wfi : coverpoint ins.asm {"}
,{"expanded":false,"Exclusion Rule Type":"None","UNR":"none","title":"auto[FENCE_I]","All Average Grd":"100%","All Cov":"1 / 1 (100%)","Score":"1063","At Least":"1","Source":"        cp_wfi : coverpoint ins.asm {"}
,{"expanded":false,"Exclusion Rule Type":"None","UNR":"none","title":"auto[EBREAK]","All Average Grd":"100%","All Cov":"1 / 1 (100%)","Score":"283","At Least":"1","Source":"        cp_wfi : coverpoint ins.asm {"}
,{"expanded":false,"Exclusion Rule Type":"None","UNR":"none","title":"auto[ECALL]","All Average Grd":"100%","All Cov":"1 / 1 (100%)","Score":"1","At Least":"1","Source":"        cp_wfi : coverpoint ins.asm {"}
,{"expanded":false,"Exclusion Rule Type":"None","UNR":"none","title":"auto[JAL]","All Average Grd":"100%","All Cov":"1 / 1 (100%)","Score":"10801","At Least":"1","Source":"        cp_wfi : coverpoint ins.asm {"}
,{"expanded":false,"Exclusion Rule Type":"None","UNR":"none","title":"auto[JALR]","All Average Grd":"100%","All Cov":"1 / 1 (100%)","Score":"66","At Least":"1","Source":"        cp_wfi : coverpoint ins.asm {"}
,{"expanded":false,"Exclusion Rule Type":"None","UNR":"none","title":"auto[LB]","All Average Grd":"100%","All Cov":"1 / 1 (100%)","Score":"693","At Least":"1","Source":"        cp_wfi : coverpoint ins.asm {"}
,{"expanded":false,"Exclusion Rule Type":"None","UNR":"none","title":"auto[LBU]","All Average Grd":"100%","All Cov":"1 / 1 (100%)","Score":"735","At Least":"1","Source":"        cp_wfi : coverpoint ins.asm {"}
,{"expanded":false,"Exclusion Rule Type":"None","UNR":"none","title":"auto[LH]","All Average Grd":"100%","All Cov":"1 / 1 (100%)","Score":"281","At Least":"1","Source":"        cp_wfi : coverpoint ins.asm {"}
,{"expanded":false,"Exclusion Rule Type":"None","UNR":"none","title":"auto[LHU]","All Average Grd":"100%","All Cov":"1 / 1 (100%)","Score":"232","At Least":"1","Source":"        cp_wfi : coverpoint ins.asm {"}
,{"expanded":false,"Exclusion Rule Type":"None","UNR":"none","title":"auto[LUI]","All Average Grd":"100%","All Cov":"1 / 1 (100%)","Score":"12616","At Least":"1","Source":"        cp_wfi : coverpoint ins.asm {"}
,{"expanded":false,"Exclusion Rule Type":"None","UNR":"none","title":"auto[LW]","All Average Grd":"100%","All Cov":"1 / 1 (100%)","Score":"12805","At Least":"1","Source":"        cp_wfi : coverpoint ins.asm {"}
,{"expanded":false,"Exclusion Rule Type":"None","UNR":"none","title":"auto[OR]","All Average Grd":"100%","All Cov":"1 / 1 (100%)","Score":"9794","At Least":"1","Source":"        cp_wfi : coverpoint ins.asm {"}
,{"expanded":false,"Exclusion Rule Type":"None","UNR":"none","title":"auto[ORI]","All Average Grd":"100%","All Cov":"1 / 1 (100%)","Score":"3487","At Least":"1","Source":"        cp_wfi : coverpoint ins.asm {"}
,{"expanded":false,"Exclusion Rule Type":"None","UNR":"none","title":"auto[SB]","All Average Grd":"100%","All Cov":"1 / 1 (100%)","Score":"736","At Least":"1","Source":"        cp_wfi : coverpoint ins.asm {"}
,{"expanded":false,"Exclusion Rule Type":"None","UNR":"none","title":"auto[SH]","All Average Grd":"100%","All Cov":"1 / 1 (100%)","Score":"134","At Least":"1","Source":"        cp_wfi : coverpoint ins.asm {"}
,{"expanded":false,"Exclusion Rule Type":"None","UNR":"none","title":"auto[SLL]","All Average Grd":"100%","All Cov":"1 / 1 (100%)","Score":"5071","At Least":"1","Source":"        cp_wfi : coverpoint ins.asm {"}
,{"expanded":false,"Exclusion Rule Type":"None","UNR":"none","title":"auto[SLLI]","All Average Grd":"100%","All Cov":"1 / 1 (100%)","Score":"13770","At Least":"1","Source":"        cp_wfi : coverpoint ins.asm {"}
,{"expanded":false,"Exclusion Rule Type":"None","UNR":"none","title":"auto[SLT]","All Average Grd":"100%","All Cov":"1 / 1 (100%)","Score":"10435","At Least":"1","Source":"        cp_wfi : coverpoint ins.asm {"}
,{"expanded":false,"Exclusion Rule Type":"None","UNR":"none","title":"auto[SLTI]","All Average Grd":"100%","All Cov":"1 / 1 (100%)","Score":"21568","At Least":"1","Source":"        cp_wfi : coverpoint ins.asm {"}
,{"expanded":false,"Exclusion Rule Type":"None","UNR":"none","title":"auto[SLTIU]","All Average Grd":"100%","All Cov":"1 / 1 (100%)","Score":"3262","At Least":"1","Source":"        cp_wfi : coverpoint ins.asm {"}
,{"expanded":false,"Exclusion Rule Type":"None","UNR":"none","title":"auto[SLTU]","All Average Grd":"100%","All Cov":"1 / 1 (100%)","Score":"18400","At Least":"1","Source":"        cp_wfi : coverpoint ins.asm {"}
,{"expanded":false,"Exclusion Rule Type":"None","UNR":"none","title":"auto[SRA]","All Average Grd":"100%","All Cov":"1 / 1 (100%)","Score":"9840","At Least":"1","Source":"        cp_wfi : coverpoint ins.asm {"}
,{"expanded":false,"Exclusion Rule Type":"None","UNR":"none","title":"auto[SRAI]","All Average Grd":"100%","All Cov":"1 / 1 (100%)","Score":"5652","At Least":"1","Source":"        cp_wfi : coverpoint ins.asm {"}
,{"expanded":false,"Exclusion Rule Type":"None","UNR":"none","title":"auto[SRL]","All Average Grd":"100%","All Cov":"1 / 1 (100%)","Score":"11143","At Least":"1","Source":"        cp_wfi : coverpoint ins.asm {"}
,{"expanded":false,"Exclusion Rule Type":"None","UNR":"none","title":"auto[SRLI]","All Average Grd":"100%","All Cov":"1 / 1 (100%)","Score":"12141","At Least":"1","Source":"        cp_wfi : coverpoint ins.asm {"}
,{"expanded":false,"Exclusion Rule Type":"None","UNR":"none","title":"auto[SUB]","All Average Grd":"100%","All Cov":"1 / 1 (100%)","Score":"16403","At Least":"1","Source":"        cp_wfi : coverpoint ins.asm {"}
,{"expanded":false,"Exclusion Rule Type":"None","UNR":"none","title":"auto[SW]","All Average Grd":"100%","All Cov":"1 / 1 (100%)","Score":"145","At Least":"1","Source":"        cp_wfi : coverpoint ins.asm {"}
,{"expanded":false,"Exclusion Rule Type":"None","UNR":"none","title":"auto[XOR]","All Average Grd":"100%","All Cov":"1 / 1 (100%)","Score":"14990","At Least":"1","Source":"        cp_wfi : coverpoint ins.asm {"}
,{"expanded":false,"Exclusion Rule Type":"None","UNR":"none","title":"auto[XORI]","All Average Grd":"100%","All Cov":"1 / 1 (100%)","Score":"21276","At Least":"1","Source":"        cp_wfi : coverpoint ins.asm {"}
,{"expanded":false,"Exclusion Rule Type":"None","UNR":"none","title":"auto[MUL]","All Average Grd":"100%","All Cov":"1 / 1 (100%)","Score":"14130","At Least":"1","Source":"        cp_wfi : coverpoint ins.asm {"}
,{"expanded":false,"Exclusion Rule Type":"None","UNR":"none","title":"auto[MULH]","All Average Grd":"100%","All Cov":"1 / 1 (100%)","Score":"18181","At Least":"1","Source":"        cp_wfi : coverpoint ins.asm {"}
,{"expanded":false,"Exclusion Rule Type":"None","UNR":"none","title":"auto[MULHU]","All Average Grd":"100%","All Cov":"1 / 1 (100%)","Score":"8252","At Least":"1","Source":"        cp_wfi : coverpoint ins.asm {"}
,{"expanded":false,"Exclusion Rule Type":"None","UNR":"none","title":"auto[MULHSU]","All Average Grd":"100%","All Cov":"1 / 1 (100%)","Score":"3631","At Least":"1","Source":"        cp_wfi : coverpoint ins.asm {"}
,{"expanded":false,"Exclusion Rule Type":"None","UNR":"none","title":"auto[DIV]","All Average Grd":"100%","All Cov":"1 / 1 (100%)","Score":"14713","At Least":"1","Source":"        cp_wfi : coverpoint ins.asm {"}
,{"expanded":false,"Exclusion Rule Type":"None","UNR":"none","title":"auto[REM]","All Average Grd":"100%","All Cov":"1 / 1 (100%)","Score":"15787","At Least":"1","Source":"        cp_wfi : coverpoint ins.asm {"}
,{"expanded":false,"Exclusion Rule Type":"None","UNR":"none","title":"auto[DIVU]","All Average Grd":"100%","All Cov":"1 / 1 (100%)","Score":"13018","At Least":"1","Source":"        cp_wfi : coverpoint ins.asm {"}
,{"expanded":false,"Exclusion Rule Type":"None","UNR":"none","title":"auto[REMU]","All Average Grd":"100%","All Cov":"1 / 1 (100%)","Score":"16963","At Least":"1","Source":"        cp_wfi : coverpoint ins.asm {"}
,{"expanded":false,"Exclusion Rule Type":"None","UNR":"none","title":"auto[WFI]","All Average Grd":"100%","All Cov":"1 / 1 (100%)","Score":"14593","At Least":"1","Source":"        cp_wfi : coverpoint ins.asm {"}
,{"expanded":false,"Exclusion Rule Type":"None","UNR":"none","title":"auto[MRET]","All Average Grd":"100%","All Cov":"1 / 1 (100%)","Score":"17605","At Least":"1","Source":"        cp_wfi : coverpoint ins.asm {"}
,{"expanded":false,"Exclusion Rule Type":"None","UNR":"none","title":"auto[DRET]","All Average Grd":"100%","All Cov":"1 / 1 (100%)","Score":"85856","At Least":"1","Source":"        cp_wfi : coverpoint ins.asm {"}
,{"expanded":false,"Exclusion Rule Type":"None","UNR":"none","title":"auto[CSRRW]","All Average Grd":"100%","All Cov":"1 / 1 (100%)","Score":"2064","At Least":"1","Source":"        cp_wfi : coverpoint ins.asm {"}
,{"expanded":false,"Exclusion Rule Type":"None","UNR":"none","title":"auto[CSRRC]","All Average Grd":"100%","All Cov":"1 / 1 (100%)","Score":"140","At Least":"1","Source":"        cp_wfi : coverpoint ins.asm {"}
,{"expanded":false,"Exclusion Rule Type":"None","UNR":"none","title":"auto[CSRRS]","All Average Grd":"100%","All Cov":"1 / 1 (100%)","Score":"104","At Least":"1","Source":"        cp_wfi : coverpoint ins.asm {"}
,{"expanded":false,"Exclusion Rule Type":"None","UNR":"none","title":"auto[CSRRCI]","All Average Grd":"100%","All Cov":"1 / 1 (100%)","Score":"239","At Least":"1","Source":"        cp_wfi : coverpoint ins.asm {"}
,{"expanded":false,"Exclusion Rule Type":"None","UNR":"none","title":"auto[CSRRSI]","All Average Grd":"100%","All Cov":"1 / 1 (100%)","Score":"261","At Least":"1","Source":"        cp_wfi : coverpoint ins.asm {"}
,{"expanded":false,"Exclusion Rule Type":"None","UNR":"none","title":"auto[CSRRWI]","All Average Grd":"100%","All Cov":"1 / 1 (100%)","Score":"159","At Least":"1","Source":"        cp_wfi : coverpoint ins.asm {"}
,{"expanded":false,"Exclusion Rule Type":"None","UNR":"none","title":"auto[C_LWSP]","All Average Grd":"100%","All Cov":"1 / 1 (100%)","Score":"2","At Least":"1","Source":"        cp_wfi : coverpoint ins.asm {"}
,{"expanded":false,"Exclusion Rule Type":"None","UNR":"none","title":"auto[C_SWSP]","All Average Grd":"100%","All Cov":"1 / 1 (100%)","Score":"3","At Least":"1","Source":"        cp_wfi : coverpoint ins.asm {"}
,{"expanded":false,"Exclusion Rule Type":"None","UNR":"none","title":"auto[C_LW]","All Average Grd":"100%","All Cov":"1 / 1 (100%)","Score":"1","At Least":"1","Source":"        cp_wfi : coverpoint ins.asm {"}
,{"expanded":false,"Exclusion Rule Type":"None","UNR":"none","title":"auto[C_SW]","All Average Grd":"100%","All Cov":"1 / 1 (100%)","Score":"2","At Least":"1","Source":"        cp_wfi : coverpoint ins.asm {"}
,{"expanded":false,"Exclusion Rule Type":"None","UNR":"none","title":"auto[C_BEQZ]","All Average Grd":"100%","All Cov":"1 / 1 (100%)","Score":"20163","At Least":"1","Source":"        cp_wfi : coverpoint ins.asm {"}
,{"expanded":false,"Exclusion Rule Type":"None","UNR":"none","title":"auto[C_BNEZ]","All Average Grd":"100%","All Cov":"1 / 1 (100%)","Score":"42607","At Least":"1","Source":"        cp_wfi : coverpoint ins.asm {"}
,{"expanded":false,"Exclusion Rule Type":"None","UNR":"none","title":"auto[C_J]","All Average Grd":"100%","All Cov":"1 / 1 (100%)","Score":"115","At Least":"1","Source":"        cp_wfi : coverpoint ins.asm {"}
,{"expanded":false,"Exclusion Rule Type":"None","UNR":"none","title":"auto[C_JR]","All Average Grd":"100%","All Cov":"1 / 1 (100%)","Score":"41","At Least":"1","Source":"        cp_wfi : coverpoint ins.asm {"}
,{"expanded":false,"Exclusion Rule Type":"None","UNR":"none","title":"auto[C_JAL]","All Average Grd":"100%","All Cov":"1 / 1 (100%)","Score":"83","At Least":"1","Source":"        cp_wfi : coverpoint ins.asm {"}
,{"expanded":false,"Exclusion Rule Type":"None","UNR":"none","title":"auto[C_JALR]","All Average Grd":"100%","All Cov":"1 / 1 (100%)","Score":"26","At Least":"1","Source":"        cp_wfi : coverpoint ins.asm {"}
,{"expanded":false,"Exclusion Rule Type":"None","UNR":"none","title":"auto[C_LI]","All Average Grd":"100%","All Cov":"1 / 1 (100%)","Score":"14196","At Least":"1","Source":"        cp_wfi : coverpoint ins.asm {"}
,{"expanded":false,"Exclusion Rule Type":"None","UNR":"none","title":"auto[C_LUI]","All Average Grd":"100%","All Cov":"1 / 1 (100%)","Score":"16848","At Least":"1","Source":"        cp_wfi : coverpoint ins.asm {"}
,{"expanded":false,"Exclusion Rule Type":"None","UNR":"none","title":"auto[C_ADDI]","All Average Grd":"100%","All Cov":"1 / 1 (100%)","Score":"25569","At Least":"1","Source":"        cp_wfi : coverpoint ins.asm {"}
,{"expanded":false,"Exclusion Rule Type":"None","UNR":"none","title":"auto[C_ADDI16SP]","All Average Grd":"100%","All Cov":"1 / 1 (100%)","Score":"9845","At Least":"1","Source":"        cp_wfi : coverpoint ins.asm {"}
,{"expanded":false,"Exclusion Rule Type":"None","UNR":"none","title":"auto[C_ADDI4SPN]","All Average Grd":"100%","All Cov":"1 / 1 (100%)","Score":"9423","At Least":"1","Source":"        cp_wfi : coverpoint ins.asm {"}
,{"expanded":false,"Exclusion Rule Type":"None","UNR":"none","title":"auto[C_SLLI]","All Average Grd":"100%","All Cov":"1 / 1 (100%)","Score":"39612","At Least":"1","Source":"        cp_wfi : coverpoint ins.asm {"}
,{"expanded":false,"Exclusion Rule Type":"None","UNR":"none","title":"auto[C_SRLI]","All Average Grd":"100%","All Cov":"1 / 1 (100%)","Score":"9952","At Least":"1","Source":"        cp_wfi : coverpoint ins.asm {"}
,{"expanded":false,"Exclusion Rule Type":"None","UNR":"none","title":"auto[C_SRAI]","All Average Grd":"100%","All Cov":"1 / 1 (100%)","Score":"7641","At Least":"1","Source":"        cp_wfi : coverpoint ins.asm {"}
,{"expanded":false,"Exclusion Rule Type":"None","UNR":"none","title":"auto[C_ANDI]","All Average Grd":"100%","All Cov":"1 / 1 (100%)","Score":"11998","At Least":"1","Source":"        cp_wfi : coverpoint ins.asm {"}
,{"expanded":false,"Exclusion Rule Type":"None","UNR":"none","title":"auto[C_ADD]","All Average Grd":"100%","All Cov":"1 / 1 (100%)","Score":"27123","At Least":"1","Source":"        cp_wfi : coverpoint ins.asm {"}
,{"expanded":false,"Exclusion Rule Type":"None","UNR":"none","title":"auto[C_AND]","All Average Grd":"100%","All Cov":"1 / 1 (100%)","Score":"13380","At Least":"1","Source":"        cp_wfi : coverpoint ins.asm {"}
,{"expanded":false,"Exclusion Rule Type":"None","UNR":"none","title":"auto[C_OR]","All Average Grd":"100%","All Cov":"1 / 1 (100%)","Score":"11432","At Least":"1","Source":"        cp_wfi : coverpoint ins.asm {"}
,{"expanded":false,"Exclusion Rule Type":"None","UNR":"none","title":"auto[C_XOR]","All Average Grd":"100%","All Cov":"1 / 1 (100%)","Score":"11827","At Least":"1","Source":"        cp_wfi : coverpoint ins.asm {"}
,{"expanded":false,"Exclusion Rule Type":"None","UNR":"none","title":"auto[C_SUB]","All Average Grd":"100%","All Cov":"1 / 1 (100%)","Score":"2811","At Least":"1","Source":"        cp_wfi : coverpoint ins.asm {"}
,{"expanded":false,"Exclusion Rule Type":"None","UNR":"none","title":"auto[C_EBREAK]","All Average Grd":"100%","All Cov":"1 / 1 (100%)","Score":"299","At Least":"1","Source":"        cp_wfi : coverpoint ins.asm {"}
],"columns":""}
]}
]
}
