{"cover_group_items"
:[{"expanded":false,"Exclusion Rule Type":"None","UNR":"none","title":"cg_debug_mode_ext","All Average Grd":"75%","All Cov":"12 / 16 (75%)","Enclosing Entity":"uvm_pkg.uvm_test_top.env.cov_model.debug_covg","Source":"  covergroup cg_debug_mode_ext ;"
,"subitems":[{"expanded":false,"Exclusion Rule Type":"None","UNR":"none","title":"state","At Least":"1","All Average Grd":"75%","All Cov":"12 / 16 (75%)","Source":"          state: coverpoint cntxt.debug_cntxt.vif_cov.mon_cb.ctrl_fsm_cs;"
,"subitems":[{"expanded":false,"Exclusion Rule Type":"None","UNR":"none","title":"auto[RESET]","All Average Grd":"100%","All Cov":"1 / 1 (100%)","Score":"101","At Least":"1","Source":"          state: coverpoint cntxt.debug_cntxt.vif_cov.mon_cb.ctrl_fsm_cs;"}
,{"expanded":false,"Exclusion Rule Type":"None","UNR":"none","title":"auto[BOOT_SET]","All Average Grd":"0%","All Cov":"0 / 1 (0%)","Score":"0","At Least":"1","Source":"          state: coverpoint cntxt.debug_cntxt.vif_cov.mon_cb.ctrl_fsm_cs;"}
,{"expanded":false,"Exclusion Rule Type":"None","UNR":"none","title":"auto[SLEEP]","All Average Grd":"100%","All Cov":"1 / 1 (100%)","Score":"40424","At Least":"1","Source":"          state: coverpoint cntxt.debug_cntxt.vif_cov.mon_cb.ctrl_fsm_cs;"}
,{"expanded":false,"Exclusion Rule Type":"None","UNR":"none","title":"auto[WAIT_SLEEP]","All Average Grd":"100%","All Cov":"1 / 1 (100%)","Score":"158","At Least":"1","Source":"          state: coverpoint cntxt.debug_cntxt.vif_cov.mon_cb.ctrl_fsm_cs;"}
,{"expanded":false,"Exclusion Rule Type":"None","UNR":"none","title":"auto[FIRST_FETCH]","All Average Grd":"100%","All Cov":"1 / 1 (100%)","Score":"16","At Least":"1","Source":"          state: coverpoint cntxt.debug_cntxt.vif_cov.mon_cb.ctrl_fsm_cs;"}
,{"expanded":false,"Exclusion Rule Type":"None","UNR":"none","title":"auto[DECODE]","All Average Grd":"100%","All Cov":"1 / 1 (100%)","Score":"220381","At Least":"1","Source":"          state: coverpoint cntxt.debug_cntxt.vif_cov.mon_cb.ctrl_fsm_cs;"}
,{"expanded":false,"Exclusion Rule Type":"None","UNR":"none","title":"auto[IRQ_FLUSH_ELW]","All Average Grd":"0%","All Cov":"0 / 1 (0%)","Score":"0","At Least":"1","Source":"          state: coverpoint cntxt.debug_cntxt.vif_cov.mon_cb.ctrl_fsm_cs;"}
,{"expanded":false,"Exclusion Rule Type":"None","UNR":"none","title":"auto[ELW_EXE]","All Average Grd":"0%","All Cov":"0 / 1 (0%)","Score":"0","At Least":"1","Source":"          state: coverpoint cntxt.debug_cntxt.vif_cov.mon_cb.ctrl_fsm_cs;"}
,{"expanded":false,"Exclusion Rule Type":"None","UNR":"none","title":"auto[FLUSH_EX]","All Average Grd":"100%","All Cov":"1 / 1 (100%)","Score":"3705","At Least":"1","Source":"          state: coverpoint cntxt.debug_cntxt.vif_cov.mon_cb.ctrl_fsm_cs;"}
,{"expanded":false,"Exclusion Rule Type":"None","UNR":"none","title":"auto[FLUSH_WB]","All Average Grd":"100%","All Cov":"1 / 1 (100%)","Score":"3526","At Least":"1","Source":"          state: coverpoint cntxt.debug_cntxt.vif_cov.mon_cb.ctrl_fsm_cs;"}
,{"expanded":false,"Exclusion Rule Type":"None","UNR":"none","title":"auto[XRET_JUMP]","All Average Grd":"100%","All Cov":"1 / 1 (100%)","Score":"709","At Least":"1","Source":"          state: coverpoint cntxt.debug_cntxt.vif_cov.mon_cb.ctrl_fsm_cs;"}
,{"expanded":false,"Exclusion Rule Type":"None","UNR":"none","title":"auto[DBG_TAKEN_ID]","All Average Grd":"100%","All Cov":"1 / 1 (100%)","Score":"170","At Least":"1","Source":"          state: coverpoint cntxt.debug_cntxt.vif_cov.mon_cb.ctrl_fsm_cs;"}
,{"expanded":false,"Exclusion Rule Type":"None","UNR":"none","title":"auto[DBG_TAKEN_IF]","All Average Grd":"100%","All Cov":"1 / 1 (100%)","Score":"84","At Least":"1","Source":"          state: coverpoint cntxt.debug_cntxt.vif_cov.mon_cb.ctrl_fsm_cs;"}
,{"expanded":false,"Exclusion Rule Type":"None","UNR":"none","title":"auto[DBG_FLUSH]","All Average Grd":"100%","All Cov":"1 / 1 (100%)","Score":"306","At Least":"1","Source":"          state: coverpoint cntxt.debug_cntxt.vif_cov.mon_cb.ctrl_fsm_cs;"}
,{"expanded":false,"Exclusion Rule Type":"None","UNR":"none","title":"auto[DBG_WAIT_BRANCH]","All Average Grd":"100%","All Cov":"1 / 1 (100%)","Score":"6","At Least":"1","Source":"          state: coverpoint cntxt.debug_cntxt.vif_cov.mon_cb.ctrl_fsm_cs;"}
,{"expanded":false,"Exclusion Rule Type":"None","UNR":"none","title":"auto[DECODE_HWLOOP]","All Average Grd":"0%","All Cov":"0 / 1 (0%)","Score":"0","At Least":"1","Source":"          state: coverpoint cntxt.debug_cntxt.vif_cov.mon_cb.ctrl_fsm_cs;"}
],"columns":""}
]}
,{"expanded":false,"Exclusion Rule Type":"None","UNR":"none","title":"cg_ebreak_execute_with_ebreakm","All Average Grd":"100%","All Cov":"5 / 5 (100%)","Enclosing Entity":"uvm_pkg.uvm_test_top.env.cov_model.debug_covg","Source":"  covergroup cg_ebreak_execute_with_ebreakm;"
,"subitems":[{"expanded":false,"Exclusion Rule Type":"None","UNR":"none","title":"ex","At Least":"1","All Average Grd":"100%","All Cov":"1 / 1 (100%)","Source":"          ex: coverpoint cntxt.debug_cntxt.vif_cov.mon_cb.is_ebreak {"
,"subitems":[{"expanded":false,"Exclusion Rule Type":"None","UNR":"none","title":"active","All Average Grd":"100%","All Cov":"1 / 1 (100%)","Score":"81149","At Least":"1","Source":"                  bins active = {1};"}
],"columns":""}
,{"expanded":false,"Exclusion Rule Type":"None","UNR":"none","title":"ebreakm_set","At Least":"1","All Average Grd":"100%","All Cov":"1 / 1 (100%)","Source":"          ebreakm_set: coverpoint cntxt.debug_cntxt.vif_cov.mon_cb.dcsr_q[15] {"
,"subitems":[{"expanded":false,"Exclusion Rule Type":"None","UNR":"none","title":"active","All Average Grd":"100%","All Cov":"1 / 1 (100%)","Score":"167965139","At Least":"1","Source":"                  bins active = {1};"}
],"columns":""}
,{"expanded":false,"Exclusion Rule Type":"None","UNR":"none","title":"dm","At Least":"1","All Average Grd":"100%","All Cov":"1 / 1 (100%)","Source":"          dm : coverpoint cntxt.debug_cntxt.vif_cov.mon_cb.debug_mode_q {"
,"subitems":[{"expanded":false,"Exclusion Rule Type":"None","UNR":"none","title":"active","All Average Grd":"100%","All Cov":"1 / 1 (100%)","Score":"195327162","At Least":"1","Source":"                  bins active = {1};"}
],"columns":""}
,{"expanded":false,"Exclusion Rule Type":"None","UNR":"none","title":"ebreak_with_ebreakm","At Least":"1","All Average Grd":"100%","All Cov":"1 / 1 (100%)","Source":"          ebreak_with_ebreakm: cross ex, ebreakm_set;  "
,"subitems":[{"expanded":false,"Exclusion Rule Type":"None","UNR":"none","title":"active;active","All Average Grd":"100%","All Cov":"1 / 1 (100%)","Score":"66497","At Least":"1","Source":"          ebreak_with_ebreakm: cross ex, ebreakm_set;  "}
],"columns":"ex;ebreakm_set"}
,{"expanded":false,"Exclusion Rule Type":"None","UNR":"none","title":"ebreak_in_debug","At Least":"1","All Average Grd":"100%","All Cov":"1 / 1 (100%)","Source":"          ebreak_in_debug : cross ex, dm;"
,"subitems":[{"expanded":false,"Exclusion Rule Type":"None","UNR":"none","title":"active;active","All Average Grd":"100%","All Cov":"1 / 1 (100%)","Score":"8822","At Least":"1","Source":"          ebreak_in_debug : cross ex, dm;"}
],"columns":"ex;dm"}
]}
,{"expanded":false,"Exclusion Rule Type":"None","UNR":"none","title":"cg_cebreak_execute_with_ebreakm","All Average Grd":"100%","All Cov":"5 / 5 (100%)","Enclosing Entity":"uvm_pkg.uvm_test_top.env.cov_model.debug_covg","Source":"  covergroup cg_cebreak_execute_with_ebreakm;"
,"subitems":[{"expanded":false,"Exclusion Rule Type":"None","UNR":"none","title":"ex","At Least":"1","All Average Grd":"100%","All Cov":"1 / 1 (100%)","Source":"          ex: coverpoint cntxt.debug_cntxt.vif_cov.mon_cb.is_cebreak {"
,"subitems":[{"expanded":false,"Exclusion Rule Type":"None","UNR":"none","title":"active","All Average Grd":"100%","All Cov":"1 / 1 (100%)","Score":"76241","At Least":"1","Source":"                  bins active = {1};"}
],"columns":""}
,{"expanded":false,"Exclusion Rule Type":"None","UNR":"none","title":"ebreakm_set","At Least":"1","All Average Grd":"100%","All Cov":"1 / 1 (100%)","Source":"          ebreakm_set: coverpoint cntxt.debug_cntxt.vif_cov.mon_cb.dcsr_q[15] {"
,"subitems":[{"expanded":false,"Exclusion Rule Type":"None","UNR":"none","title":"active","All Average Grd":"100%","All Cov":"1 / 1 (100%)","Score":"167965139","At Least":"1","Source":"                  bins active = {1};"}
],"columns":""}
,{"expanded":false,"Exclusion Rule Type":"None","UNR":"none","title":"dm","At Least":"1","All Average Grd":"100%","All Cov":"1 / 1 (100%)","Source":"          dm : coverpoint cntxt.debug_cntxt.vif_cov.mon_cb.debug_mode_q {"
,"subitems":[{"expanded":false,"Exclusion Rule Type":"None","UNR":"none","title":"active","All Average Grd":"100%","All Cov":"1 / 1 (100%)","Score":"195327162","At Least":"1","Source":"                  bins active = {1};"}
],"columns":""}
,{"expanded":false,"Exclusion Rule Type":"None","UNR":"none","title":"cebreak_with_ebreakm","At Least":"1","All Average Grd":"100%","All Cov":"1 / 1 (100%)","Source":"          cebreak_with_ebreakm: cross ex, ebreakm_set;  "
,"subitems":[{"expanded":false,"Exclusion Rule Type":"None","UNR":"none","title":"active;active","All Average Grd":"100%","All Cov":"1 / 1 (100%)","Score":"63344","At Least":"1","Source":"          cebreak_with_ebreakm: cross ex, ebreakm_set;  "}
],"columns":"ex;ebreakm_set"}
,{"expanded":false,"Exclusion Rule Type":"None","UNR":"none","title":"cebreak_in_debug","At Least":"1","All Average Grd":"100%","All Cov":"1 / 1 (100%)","Source":"          cebreak_in_debug : cross ex, dm;"
,"subitems":[{"expanded":false,"Exclusion Rule Type":"None","UNR":"none","title":"active;active","All Average Grd":"100%","All Cov":"1 / 1 (100%)","Score":"8173","At Least":"1","Source":"          cebreak_in_debug : cross ex, dm;"}
],"columns":"ex;dm"}
]}
,{"expanded":false,"Exclusion Rule Type":"None","UNR":"none","title":"cg_ebreak_execute_without_ebreakm","All Average Grd":"100%","All Cov":"3 / 3 (100%)","Enclosing Entity":"uvm_pkg.uvm_test_top.env.cov_model.debug_covg","Source":"  covergroup cg_ebreak_execute_without_ebreakm;"
,"subitems":[{"expanded":false,"Exclusion Rule Type":"None","UNR":"none","title":"ex","At Least":"1","All Average Grd":"100%","All Cov":"1 / 1 (100%)","Source":"          ex: coverpoint cntxt.debug_cntxt.vif_cov.mon_cb.is_ebreak {"
,"subitems":[{"expanded":false,"Exclusion Rule Type":"None","UNR":"none","title":"active","All Average Grd":"100%","All Cov":"1 / 1 (100%)","Score":"81149","At Least":"1","Source":"                  bins active = {1};"}
],"columns":""}
,{"expanded":false,"Exclusion Rule Type":"None","UNR":"none","title":"ebreakm_clear","At Least":"1","All Average Grd":"100%","All Cov":"1 / 1 (100%)","Source":"          ebreakm_clear: coverpoint cntxt.debug_cntxt.vif_cov.mon_cb.dcsr_q[15] {"
,"subitems":[{"expanded":false,"Exclusion Rule Type":"None","UNR":"none","title":"active","All Average Grd":"100%","All Cov":"1 / 1 (100%)","Score":"279775273","At Least":"1","Source":"                  bins active = {0};"}
],"columns":""}
,{"expanded":false,"Exclusion Rule Type":"None","UNR":"none","title":"test","At Least":"1","All Average Grd":"100%","All Cov":"1 / 1 (100%)","Source":"          test: cross ex, ebreakm_clear;  "
,"subitems":[{"expanded":false,"Exclusion Rule Type":"None","UNR":"none","title":"active;active","All Average Grd":"100%","All Cov":"1 / 1 (100%)","Score":"14652","At Least":"1","Source":"          test: cross ex, ebreakm_clear;  "}
],"columns":"ex;ebreakm_clear"}
]}
,{"expanded":false,"Exclusion Rule Type":"None","UNR":"none","title":"cg_cebreak_execute_without_ebreakm","All Average Grd":"100%","All Cov":"3 / 3 (100%)","Enclosing Entity":"uvm_pkg.uvm_test_top.env.cov_model.debug_covg","Source":"  covergroup cg_cebreak_execute_without_ebreakm;"
,"subitems":[{"expanded":false,"Exclusion Rule Type":"None","UNR":"none","title":"ex","At Least":"1","All Average Grd":"100%","All Cov":"1 / 1 (100%)","Source":"          ex: coverpoint cntxt.debug_cntxt.vif_cov.mon_cb.is_cebreak {"
,"subitems":[{"expanded":false,"Exclusion Rule Type":"None","UNR":"none","title":"active","All Average Grd":"100%","All Cov":"1 / 1 (100%)","Score":"76241","At Least":"1","Source":"                  bins active = {1};"}
],"columns":""}
,{"expanded":false,"Exclusion Rule Type":"None","UNR":"none","title":"ebreakm_clear","At Least":"1","All Average Grd":"100%","All Cov":"1 / 1 (100%)","Source":"          ebreakm_clear: coverpoint cntxt.debug_cntxt.vif_cov.mon_cb.dcsr_q[15] {"
,"subitems":[{"expanded":false,"Exclusion Rule Type":"None","UNR":"none","title":"active","All Average Grd":"100%","All Cov":"1 / 1 (100%)","Score":"279775273","At Least":"1","Source":"                  bins active = {0};"}
],"columns":""}
,{"expanded":false,"Exclusion Rule Type":"None","UNR":"none","title":"test","At Least":"1","All Average Grd":"100%","All Cov":"1 / 1 (100%)","Source":"          test: cross ex, ebreakm_clear;  "
,"subitems":[{"expanded":false,"Exclusion Rule Type":"None","UNR":"none","title":"active;active","All Average Grd":"100%","All Cov":"1 / 1 (100%)","Score":"12897","At Least":"1","Source":"          test: cross ex, ebreakm_clear;  "}
],"columns":"ex;ebreakm_clear"}
]}
,{"expanded":false,"Exclusion Rule Type":"None","UNR":"none","title":"cg_trigger_match","All Average Grd":"100%","All Cov":"3 / 3 (100%)","Enclosing Entity":"uvm_pkg.uvm_test_top.env.cov_model.debug_covg","Source":"    covergroup cg_trigger_match;"
,"subitems":[{"expanded":false,"Exclusion Rule Type":"None","UNR":"none","title":"en","At Least":"1","All Average Grd":"100%","All Cov":"1 / 1 (100%)","Source":"        en : coverpoint cntxt.debug_cntxt.vif_cov.mon_cb.tdata1[2] {"
,"subitems":[{"expanded":false,"Exclusion Rule Type":"None","UNR":"none","title":"active","All Average Grd":"100%","All Cov":"1 / 1 (100%)","Score":"259781","At Least":"1","Source":"            bins active = {1};"}
],"columns":""}
,{"expanded":false,"Exclusion Rule Type":"None","UNR":"none","title":"match","At Least":"1","All Average Grd":"100%","All Cov":"1 / 1 (100%)","Source":"        match: coverpoint cntxt.debug_cntxt.vif_cov.mon_cb.trigger_match_i {"
,"subitems":[{"expanded":false,"Exclusion Rule Type":"None","UNR":"none","title":"hit","All Average Grd":"100%","All Cov":"1 / 1 (100%)","Score":"33","At Least":"1","Source":"            bins hit = {1};"}
],"columns":""}
,{"expanded":false,"Exclusion Rule Type":"None","UNR":"none","title":"ok_match","At Least":"1","All Average Grd":"100%","All Cov":"1 / 1 (100%)","Source":"        ok_match: cross en, match;"
,"subitems":[{"expanded":false,"Exclusion Rule Type":"None","UNR":"none","title":"active;hit","All Average Grd":"100%","All Cov":"1 / 1 (100%)","Score":"33","At Least":"1","Source":"        ok_match: cross en, match;"}
],"columns":"en;match"}
]}
,{"expanded":false,"Exclusion Rule Type":"None","UNR":"none","title":"cg_trigger_match_disabled","All Average Grd":"100%","All Cov":"8 / 8 (100%)","Enclosing Entity":"uvm_pkg.uvm_test_top.env.cov_model.debug_covg","Source":"    covergroup cg_trigger_match_disabled;"
,"subitems":[{"expanded":false,"Exclusion Rule Type":"None","UNR":"none","title":"dis","At Least":"1","All Average Grd":"100%","All Cov":"1 / 1 (100%)","Source":"        dis : coverpoint cntxt.debug_cntxt.vif_cov.mon_cb.tdata1[2] {"
,"subitems":[{"expanded":false,"Exclusion Rule Type":"None","UNR":"none","title":"hit","All Average Grd":"100%","All Cov":"1 / 1 (100%)","Score":"447480631","At Least":"1","Source":"            bins hit = {0};"}
],"columns":""}
,{"expanded":false,"Exclusion Rule Type":"None","UNR":"none","title":"en","At Least":"1","All Average Grd":"100%","All Cov":"1 / 1 (100%)","Source":"        en : coverpoint cntxt.debug_cntxt.vif_cov.mon_cb.tdata1[2] {"
,"subitems":[{"expanded":false,"Exclusion Rule Type":"None","UNR":"none","title":"hit","All Average Grd":"100%","All Cov":"1 / 1 (100%)","Score":"259781","At Least":"1","Source":"            bins hit = {1};"}
],"columns":""}
,{"expanded":false,"Exclusion Rule Type":"None","UNR":"none","title":"match","At Least":"1","All Average Grd":"100%","All Cov":"1 / 1 (100%)","Source":"        match: coverpoint cntxt.debug_cntxt.vif_cov.mon_cb.addr_match {"
,"subitems":[{"expanded":false,"Exclusion Rule Type":"None","UNR":"none","title":"hit","All Average Grd":"100%","All Cov":"1 / 1 (100%)","Score":"162441","At Least":"1","Source":"           bins hit = {1};"}
],"columns":""}
,{"expanded":false,"Exclusion Rule Type":"None","UNR":"none","title":"mmode","At Least":"1","All Average Grd":"100%","All Cov":"1 / 1 (100%)","Source":"        mmode : coverpoint cntxt.debug_cntxt.vif_cov.mon_cb.debug_mode_q {"
,"subitems":[{"expanded":false,"Exclusion Rule Type":"None","UNR":"none","title":"m","All Average Grd":"100%","All Cov":"1 / 1 (100%)","Score":"252413250","At Least":"1","Source":"           bins m = {0};"}
],"columns":""}
,{"expanded":false,"Exclusion Rule Type":"None","UNR":"none","title":"dmode","At Least":"1","All Average Grd":"100%","All Cov":"1 / 1 (100%)","Source":"        dmode : coverpoint cntxt.debug_cntxt.vif_cov.mon_cb.debug_mode_q {"
,"subitems":[{"expanded":false,"Exclusion Rule Type":"None","UNR":"none","title":"m","All Average Grd":"100%","All Cov":"1 / 1 (100%)","Score":"195327162","At Least":"1","Source":"           bins m = {1};"}
],"columns":""}
,{"expanded":false,"Exclusion Rule Type":"None","UNR":"none","title":"m_match_without_en","At Least":"1","All Average Grd":"100%","All Cov":"1 / 1 (100%)","Source":"        m_match_without_en : cross dis, match, mmode;"
,"subitems":[{"expanded":false,"Exclusion Rule Type":"None","UNR":"none","title":"hit;hit;m","All Average Grd":"100%","All Cov":"1 / 1 (100%)","Score":"162122","At Least":"1","Source":"        m_match_without_en : cross dis, match, mmode;"}
],"columns":"dis;match;mmode"}
,{"expanded":false,"Exclusion Rule Type":"None","UNR":"none","title":"d_match_without_en","At Least":"1","All Average Grd":"100%","All Cov":"1 / 1 (100%)","Source":"        d_match_without_en : cross dis, match, dmode;"
,"subitems":[{"expanded":false,"Exclusion Rule Type":"None","UNR":"none","title":"hit;hit;m","All Average Grd":"100%","All Cov":"1 / 1 (100%)","Score":"286","At Least":"1","Source":"        d_match_without_en : cross dis, match, dmode;"}
],"columns":"dis;match;dmode"}
,{"expanded":false,"Exclusion Rule Type":"None","UNR":"none","title":"d_match_with_en","At Least":"1","All Average Grd":"100%","All Cov":"1 / 1 (100%)","Source":"        d_match_with_en    : cross en, match, dmode;"
,"subitems":[{"expanded":false,"Exclusion Rule Type":"None","UNR":"none","title":"hit;hit;m","All Average Grd":"100%","All Cov":"1 / 1 (100%)","Score":"9","At Least":"1","Source":"        d_match_with_en    : cross en, match, dmode;"}
],"columns":"en;match;dmode"}
]}
,{"expanded":false,"Exclusion Rule Type":"None","UNR":"none","title":"cg_debug_mode_exception","All Average Grd":"100%","All Cov":"3 / 3 (100%)","Enclosing Entity":"uvm_pkg.uvm_test_top.env.cov_model.debug_covg","Source":"    covergroup cg_debug_mode_exception;"
,"subitems":[{"expanded":false,"Exclusion Rule Type":"None","UNR":"none","title":"dm","At Least":"1","All Average Grd":"100%","All Cov":"1 / 1 (100%)","Source":"        dm : coverpoint cntxt.debug_cntxt.vif_cov.mon_cb.debug_mode_q {"
,"subitems":[{"expanded":false,"Exclusion Rule Type":"None","UNR":"none","title":"hit","All Average Grd":"100%","All Cov":"1 / 1 (100%)","Score":"195327162","At Least":"1","Source":"            bins hit  = {1};"}
],"columns":""}
,{"expanded":false,"Exclusion Rule Type":"None","UNR":"none","title":"ill","At Least":"1","All Average Grd":"100%","All Cov":"1 / 1 (100%)","Source":"        ill : coverpoint cntxt.debug_cntxt.vif_cov.mon_cb.illegal_insn_q {"
,"subitems":[{"expanded":false,"Exclusion Rule Type":"None","UNR":"none","title":"hit","All Average Grd":"100%","All Cov":"1 / 1 (100%)","Score":"324261","At Least":"1","Source":"            bins hit = {1};"}
],"columns":""}
,{"expanded":false,"Exclusion Rule Type":"None","UNR":"none","title":"ex_in_debug","At Least":"1","All Average Grd":"100%","All Cov":"1 / 1 (100%)","Source":"        ex_in_debug : cross dm, ill;"
,"subitems":[{"expanded":false,"Exclusion Rule Type":"None","UNR":"none","title":"hit;hit","All Average Grd":"100%","All Cov":"1 / 1 (100%)","Score":"2","At Least":"1","Source":"        ex_in_debug : cross dm, ill;"}
],"columns":"dm;ill"}
]}
,{"expanded":false,"Exclusion Rule Type":"None","UNR":"none","title":"cg_debug_mode_ecall","All Average Grd":"100%","All Cov":"3 / 3 (100%)","Enclosing Entity":"uvm_pkg.uvm_test_top.env.cov_model.debug_covg","Source":"    covergroup cg_debug_mode_ecall;"
,"subitems":[{"expanded":false,"Exclusion Rule Type":"None","UNR":"none","title":"dm","At Least":"1","All Average Grd":"100%","All Cov":"1 / 1 (100%)","Source":"        dm : coverpoint cntxt.debug_cntxt.vif_cov.mon_cb.debug_mode_q {"
,"subitems":[{"expanded":false,"Exclusion Rule Type":"None","UNR":"none","title":"hit","All Average Grd":"100%","All Cov":"1 / 1 (100%)","Score":"195327162","At Least":"1","Source":"            bins hit  = {1};"}
],"columns":""}
,{"expanded":false,"Exclusion Rule Type":"None","UNR":"none","title":"ill","At Least":"1","All Average Grd":"100%","All Cov":"1 / 1 (100%)","Source":"        ill : coverpoint cntxt.debug_cntxt.vif_cov.mon_cb.ecall_insn_i {"
,"subitems":[{"expanded":false,"Exclusion Rule Type":"None","UNR":"none","title":"hit","All Average Grd":"100%","All Cov":"1 / 1 (100%)","Score":"5198","At Least":"1","Source":"            bins hit = {1};"}
],"columns":""}
,{"expanded":false,"Exclusion Rule Type":"None","UNR":"none","title":"ex_in_debug","At Least":"1","All Average Grd":"100%","All Cov":"1 / 1 (100%)","Source":"        ex_in_debug : cross dm, ill;"
,"subitems":[{"expanded":false,"Exclusion Rule Type":"None","UNR":"none","title":"hit;hit","All Average Grd":"100%","All Cov":"1 / 1 (100%)","Score":"5","At Least":"1","Source":"        ex_in_debug : cross dm, ill;"}
],"columns":"dm;ill"}
]}
,{"expanded":false,"Exclusion Rule Type":"None","UNR":"none","title":"cg_irq_in_debug","All Average Grd":"100%","All Cov":"3 / 3 (100%)","Enclosing Entity":"uvm_pkg.uvm_test_top.env.cov_model.debug_covg","Source":"    covergroup cg_irq_in_debug;"
,"subitems":[{"expanded":false,"Exclusion Rule Type":"None","UNR":"none","title":"dm","At Least":"1","All Average Grd":"100%","All Cov":"1 / 1 (100%)","Source":"        dm : coverpoint cntxt.debug_cntxt.vif_cov.mon_cb.debug_mode_q {"
,"subitems":[{"expanded":false,"Exclusion Rule Type":"None","UNR":"none","title":"hit","All Average Grd":"100%","All Cov":"1 / 1 (100%)","Score":"195327162","At Least":"1","Source":"            bins hit  = {1};"}
],"columns":""}
,{"expanded":false,"Exclusion Rule Type":"None","UNR":"none","title":"irq","At Least":"1","All Average Grd":"100%","All Cov":"1 / 1 (100%)","Source":"        irq : coverpoint |cntxt.debug_cntxt.vif_cov.mon_cb.irq_i {"
,"subitems":[{"expanded":false,"Exclusion Rule Type":"None","UNR":"none","title":"hit","All Average Grd":"100%","All Cov":"1 / 1 (100%)","Score":"171313593","At Least":"1","Source":"            bins hit = {1};"}
],"columns":""}
,{"expanded":false,"Exclusion Rule Type":"None","UNR":"none","title":"ex_in_debug","At Least":"1","All Average Grd":"100%","All Cov":"1 / 1 (100%)","Source":"        ex_in_debug : cross dm, irq;"
,"subitems":[{"expanded":false,"Exclusion Rule Type":"None","UNR":"none","title":"hit;hit","All Average Grd":"100%","All Cov":"1 / 1 (100%)","Score":"48692245","At Least":"1","Source":"        ex_in_debug : cross dm, irq;"}
],"columns":"dm;irq"}
]}
,{"expanded":false,"Exclusion Rule Type":"None","UNR":"none","title":"cg_wfi_in_debug","All Average Grd":"100%","All Cov":"3 / 3 (100%)","Enclosing Entity":"uvm_pkg.uvm_test_top.env.cov_model.debug_covg","Source":"    covergroup cg_wfi_in_debug;"
,"subitems":[{"expanded":false,"Exclusion Rule Type":"None","UNR":"none","title":"iswfi","At Least":"1","All Average Grd":"100%","All Cov":"1 / 1 (100%)","Source":"        iswfi : coverpoint cntxt.debug_cntxt.vif_cov.mon_cb.is_wfi {"
,"subitems":[{"expanded":false,"Exclusion Rule Type":"None","UNR":"none","title":"hit","All Average Grd":"100%","All Cov":"1 / 1 (100%)","Score":"1020840","At Least":"1","Source":"                bins hit  = {1};"}
],"columns":""}
,{"expanded":false,"Exclusion Rule Type":"None","UNR":"none","title":"dm","At Least":"1","All Average Grd":"100%","All Cov":"1 / 1 (100%)","Source":"        dm : coverpoint cntxt.debug_cntxt.vif_cov.mon_cb.debug_mode_q {"
,"subitems":[{"expanded":false,"Exclusion Rule Type":"None","UNR":"none","title":"hit","All Average Grd":"100%","All Cov":"1 / 1 (100%)","Score":"195327162","At Least":"1","Source":"            bins hit = {1};"}
],"columns":""}
,{"expanded":false,"Exclusion Rule Type":"None","UNR":"none","title":"dm_wfi","At Least":"1","All Average Grd":"100%","All Cov":"1 / 1 (100%)","Source":"        dm_wfi : cross iswfi, dm;"
,"subitems":[{"expanded":false,"Exclusion Rule Type":"None","UNR":"none","title":"hit;hit","All Average Grd":"100%","All Cov":"1 / 1 (100%)","Score":"911849","At Least":"1","Source":"        dm_wfi : cross iswfi, dm;"}
],"columns":"iswfi;dm"}
]}
,{"expanded":false,"Exclusion Rule Type":"None","UNR":"none","title":"cg_wfi_debug_req","All Average Grd":"100%","All Cov":"3 / 3 (100%)","Enclosing Entity":"uvm_pkg.uvm_test_top.env.cov_model.debug_covg","Source":"    covergroup cg_wfi_debug_req;"
,"subitems":[{"expanded":false,"Exclusion Rule Type":"None","UNR":"none","title":"inwfi","At Least":"1","All Average Grd":"100%","All Cov":"1 / 1 (100%)","Source":"        inwfi : coverpoint cntxt.debug_cntxt.vif_cov.mon_cb.in_wfi {"
,"subitems":[{"expanded":false,"Exclusion Rule Type":"None","UNR":"none","title":"hit","All Average Grd":"100%","All Cov":"1 / 1 (100%)","Score":"80948877","At Least":"1","Source":"                bins hit  = {1};"}
],"columns":""}
,{"expanded":false,"Exclusion Rule Type":"None","UNR":"none","title":"dreq","At Least":"1","All Average Grd":"100%","All Cov":"1 / 1 (100%)","Source":"        dreq: coverpoint cntxt.debug_cntxt.vif_cov.mon_cb.debug_req_i {"
,"subitems":[{"expanded":false,"Exclusion Rule Type":"None","UNR":"none","title":"hit","All Average Grd":"100%","All Cov":"1 / 1 (100%)","Score":"13678587","At Least":"1","Source":"            bins hit = {1};"}
],"columns":""}
,{"expanded":false,"Exclusion Rule Type":"None","UNR":"none","title":"dm_wfi","At Least":"1","All Average Grd":"100%","All Cov":"1 / 1 (100%)","Source":"        dm_wfi : cross inwfi, dreq;"
,"subitems":[{"expanded":false,"Exclusion Rule Type":"None","UNR":"none","title":"hit;hit","All Average Grd":"100%","All Cov":"1 / 1 (100%)","Score":"40677","At Least":"1","Source":"        dm_wfi : cross inwfi, dreq;"}
],"columns":"inwfi;dreq"}
]}
,{"expanded":false,"Exclusion Rule Type":"None","UNR":"none","title":"cg_single_step","All Average Grd":"100%","All Cov":"15 / 15 (100%)","Enclosing Entity":"uvm_pkg.uvm_test_top.env.cov_model.debug_covg","Source":"    covergroup cg_single_step;"
,"subitems":[{"expanded":false,"Exclusion Rule Type":"None","UNR":"none","title":"step","At Least":"1","All Average Grd":"100%","All Cov":"1 / 1 (100%)","Source":"        step : coverpoint cntxt.debug_cntxt.vif_cov.mon_cb.dcsr_q[2] {"
,"subitems":[{"expanded":false,"Exclusion Rule Type":"None","UNR":"none","title":"en","All Average Grd":"100%","All Cov":"1 / 1 (100%)","Score":"90183791","At Least":"1","Source":"                bins en  = {1};"}
],"columns":""}
,{"expanded":false,"Exclusion Rule Type":"None","UNR":"none","title":"mmode","At Least":"1","All Average Grd":"100%","All Cov":"1 / 1 (100%)","Source":"        mmode: coverpoint cntxt.debug_cntxt.vif_cov.mon_cb.debug_mode_q {"
,"subitems":[{"expanded":false,"Exclusion Rule Type":"None","UNR":"none","title":"hit","All Average Grd":"100%","All Cov":"1 / 1 (100%)","Score":"252413250","At Least":"1","Source":"            bins hit = {0};"}
],"columns":""}
,{"expanded":false,"Exclusion Rule Type":"None","UNR":"none","title":"trigger","At Least":"1","All Average Grd":"100%","All Cov":"1 / 1 (100%)","Source":"        trigger : coverpoint cntxt.debug_cntxt.vif_cov.mon_cb.trigger_match_i {"
,"subitems":[{"expanded":false,"Exclusion Rule Type":"None","UNR":"none","title":"hit","All Average Grd":"100%","All Cov":"1 / 1 (100%)","Score":"33","At Least":"1","Source":"            bins hit = {1};"}
],"columns":""}
,{"expanded":false,"Exclusion Rule Type":"None","UNR":"none","title":"wfi","At Least":"1","All Average Grd":"100%","All Cov":"1 / 1 (100%)","Source":"        wfi : coverpoint cntxt.debug_cntxt.vif_cov.mon_cb.is_wfi {"
,"subitems":[{"expanded":false,"Exclusion Rule Type":"None","UNR":"none","title":"hit","All Average Grd":"100%","All Cov":"1 / 1 (100%)","Score":"1020840","At Least":"1","Source":"            bins hit = {1};"}
],"columns":""}
,{"expanded":false,"Exclusion Rule Type":"None","UNR":"none","title":"ill","At Least":"1","All Average Grd":"100%","All Cov":"1 / 1 (100%)","Source":"        ill : coverpoint cntxt.debug_cntxt.vif_cov.mon_cb.illegal_insn_i {"
,"subitems":[{"expanded":false,"Exclusion Rule Type":"None","UNR":"none","title":"hit","All Average Grd":"100%","All Cov":"1 / 1 (100%)","Score":"1574051","At Least":"1","Source":"            bins hit = {1};"}
],"columns":""}
,{"expanded":false,"Exclusion Rule Type":"None","UNR":"none","title":"pc_will_trig","At Least":"1","All Average Grd":"100%","All Cov":"1 / 1 (100%)","Source":"        pc_will_trig : coverpoint cntxt.debug_cntxt.vif_cov.mon_cb.dpc_will_hit {"
,"subitems":[{"expanded":false,"Exclusion Rule Type":"None","UNR":"none","title":"hit","All Average Grd":"100%","All Cov":"1 / 1 (100%)","Score":"182984465","At Least":"1","Source":"            bins hit = {1};"}
],"columns":""}
,{"expanded":false,"Exclusion Rule Type":"None","UNR":"none","title":"stepie","At Least":"1","All Average Grd":"100%","All Cov":"2 / 2 (100%)","Source":"        stepie : coverpoint cntxt.debug_cntxt.vif_cov.mon_cb.dcsr_q[11];"
,"subitems":[{"expanded":false,"Exclusion Rule Type":"None","UNR":"none","title":"auto[0]","All Average Grd":"100%","All Cov":"1 / 1 (100%)","Score":"447575767","At Least":"1","Source":"        stepie : coverpoint cntxt.debug_cntxt.vif_cov.mon_cb.dcsr_q[11];"}
,{"expanded":false,"Exclusion Rule Type":"None","UNR":"none","title":"auto[1]","All Average Grd":"100%","All Cov":"1 / 1 (100%)","Score":"164645","At Least":"1","Source":"        stepie : coverpoint cntxt.debug_cntxt.vif_cov.mon_cb.dcsr_q[11];"}
],"columns":""}
,{"expanded":false,"Exclusion Rule Type":"None","UNR":"none","title":"mmode_step","At Least":"1","All Average Grd":"100%","All Cov":"1 / 1 (100%)","Source":"        mmode_step : cross step, mmode;"
,"subitems":[{"expanded":false,"Exclusion Rule Type":"None","UNR":"none","title":"en;hit","All Average Grd":"100%","All Cov":"1 / 1 (100%)","Score":"886292","At Least":"1","Source":"        mmode_step : cross step, mmode;"}
],"columns":"step;mmode"}
,{"expanded":false,"Exclusion Rule Type":"None","UNR":"none","title":"mmode_step_trigger_match","At Least":"1","All Average Grd":"100%","All Cov":"1 / 1 (100%)","Source":"        mmode_step_trigger_match : cross step, mmode, trigger;"
,"subitems":[{"expanded":false,"Exclusion Rule Type":"None","UNR":"none","title":"en;hit;hit","All Average Grd":"100%","All Cov":"1 / 1 (100%)","Score":"3","At Least":"1","Source":"        mmode_step_trigger_match : cross step, mmode, trigger;"}
],"columns":"step;mmode;trigger"}
,{"expanded":false,"Exclusion Rule Type":"None","UNR":"none","title":"mmode_step_wfi","At Least":"1","All Average Grd":"100%","All Cov":"1 / 1 (100%)","Source":"        mmode_step_wfi : cross step, mmode, wfi;"
,"subitems":[{"expanded":false,"Exclusion Rule Type":"None","UNR":"none","title":"en;hit;hit","All Average Grd":"100%","All Cov":"1 / 1 (100%)","Score":"2136","At Least":"1","Source":"        mmode_step_wfi : cross step, mmode, wfi;"}
],"columns":"step;mmode;wfi"}
,{"expanded":false,"Exclusion Rule Type":"None","UNR":"none","title":"mmode_step_stepie","At Least":"1","All Average Grd":"100%","All Cov":"2 / 2 (100%)","Source":"        mmode_step_stepie : cross step, mmode, stepie;"
,"subitems":[{"expanded":false,"Exclusion Rule Type":"None","UNR":"none","title":"en;hit;auto[0]","All Average Grd":"100%","All Cov":"1 / 1 (100%)","Score":"882275","At Least":"1","Source":"        mmode_step_stepie : cross step, mmode, stepie;"}
,{"expanded":false,"Exclusion Rule Type":"None","UNR":"none","title":"en;hit;auto[1]","All Average Grd":"100%","All Cov":"1 / 1 (100%)","Score":"4017","At Least":"1","Source":"        mmode_step_stepie : cross step, mmode, stepie;"}
],"columns":"step;mmode;stepie"}
,{"expanded":false,"Exclusion Rule Type":"None","UNR":"none","title":"mmode_step_illegal","At Least":"1","All Average Grd":"100%","All Cov":"1 / 1 (100%)","Source":"        mmode_step_illegal : cross step, mmode, ill;"
,"subitems":[{"expanded":false,"Exclusion Rule Type":"None","UNR":"none","title":"en;hit;hit","All Average Grd":"100%","All Cov":"1 / 1 (100%)","Score":"422517","At Least":"1","Source":"        mmode_step_illegal : cross step, mmode, ill;"}
],"columns":"step;mmode;ill"}
,{"expanded":false,"Exclusion Rule Type":"None","UNR":"none","title":"mmode_step_next_pc_will_match","At Least":"1","All Average Grd":"100%","All Cov":"1 / 1 (100%)","Source":"        mmode_step_next_pc_will_match : cross step, mmode, pc_will_trig;"
,"subitems":[{"expanded":false,"Exclusion Rule Type":"None","UNR":"none","title":"en;hit;hit","All Average Grd":"100%","All Cov":"1 / 1 (100%)","Score":"21","At Least":"1","Source":"        mmode_step_next_pc_will_match : cross step, mmode, pc_will_trig;"}
],"columns":"step;mmode;pc_will_trig"}
]}
,{"expanded":false,"Exclusion Rule Type":"None","UNR":"none","title":"cg_mmode_dret","All Average Grd":"100%","All Cov":"5 / 5 (100%)","Enclosing Entity":"uvm_pkg.uvm_test_top.env.cov_model.debug_covg","Source":"    covergroup cg_mmode_dret;"
,"subitems":[{"expanded":false,"Exclusion Rule Type":"None","UNR":"none","title":"mmode","At Least":"1","All Average Grd":"100%","All Cov":"2 / 2 (100%)","Source":"        mmode : coverpoint cntxt.debug_cntxt.vif_cov.mon_cb.debug_mode_q;"
,"subitems":[{"expanded":false,"Exclusion Rule Type":"None","UNR":"none","title":"auto[0]","All Average Grd":"100%","All Cov":"1 / 1 (100%)","Score":"252413250","At Least":"1","Source":"        mmode : coverpoint cntxt.debug_cntxt.vif_cov.mon_cb.debug_mode_q;"}
,{"expanded":false,"Exclusion Rule Type":"None","UNR":"none","title":"auto[1]","All Average Grd":"100%","All Cov":"1 / 1 (100%)","Score":"195327162","At Least":"1","Source":"        mmode : coverpoint cntxt.debug_cntxt.vif_cov.mon_cb.debug_mode_q;"}
],"columns":""}
,{"expanded":false,"Exclusion Rule Type":"None","UNR":"none","title":"dret_ins","At Least":"1","All Average Grd":"100%","All Cov":"1 / 1 (100%)","Source":"        dret_ins : coverpoint cntxt.debug_cntxt.vif_cov.mon_cb.is_dret {"
,"subitems":[{"expanded":false,"Exclusion Rule Type":"None","UNR":"none","title":"hit","All Average Grd":"100%","All Cov":"1 / 1 (100%)","Score":"354329","At Least":"1","Source":"            bins hit = {1};"}
],"columns":""}
,{"expanded":false,"Exclusion Rule Type":"None","UNR":"none","title":"dret_ex","At Least":"1","All Average Grd":"100%","All Cov":"2 / 2 (100%)","Source":"        dret_ex : cross mmode, dret_ins;"
,"subitems":[{"expanded":false,"Exclusion Rule Type":"None","UNR":"none","title":"auto[0];hit","All Average Grd":"100%","All Cov":"1 / 1 (100%)","Score":"6590","At Least":"1","Source":"        dret_ex : cross mmode, dret_ins;"}
,{"expanded":false,"Exclusion Rule Type":"None","UNR":"none","title":"auto[1];hit","All Average Grd":"100%","All Cov":"1 / 1 (100%)","Score":"347739","At Least":"1","Source":"        dret_ex : cross mmode, dret_ins;"}
],"columns":"mmode;dret_ins"}
]}
,{"expanded":false,"Exclusion Rule Type":"None","UNR":"none","title":"cg_irq_dreq","All Average Grd":"100%","All Cov":"15 / 15 (100%)","Enclosing Entity":"uvm_pkg.uvm_test_top.env.cov_model.debug_covg","Source":"    covergroup cg_irq_dreq;"
,"subitems":[{"expanded":false,"Exclusion Rule Type":"None","UNR":"none","title":"dreq","At Least":"1","All Average Grd":"100%","All Cov":"1 / 1 (100%)","Source":"        dreq : coverpoint cntxt.debug_cntxt.vif_cov.mon_cb.debug_req_i {"
,"subitems":[{"expanded":false,"Exclusion Rule Type":"None","UNR":"none","title":"trans_active","All Average Grd":"100%","All Cov":"1 / 1 (100%)","Score":"269485","At Least":"1","Source":"                bins trans_active  = (1'b0 => 1'b1);"}
],"columns":""}
,{"expanded":false,"Exclusion Rule Type":"None","UNR":"none","title":"irq","At Least":"1","All Average Grd":"100%","All Cov":"1 / 1 (100%)","Source":"        irq  : coverpoint |cntxt.debug_cntxt.vif_cov.mon_cb.irq_i {"
,"subitems":[{"expanded":false,"Exclusion Rule Type":"None","UNR":"none","title":"trans_active","All Average Grd":"100%","All Cov":"1 / 1 (100%)","Score":"1639","At Least":"1","Source":"                bins trans_active = (1'b0 => 1'b1);"}
],"columns":""}
,{"expanded":false,"Exclusion Rule Type":"None","UNR":"none","title":"trigger","At Least":"1","All Average Grd":"100%","All Cov":"1 / 1 (100%)","Source":"        trigger : coverpoint cntxt.debug_cntxt.vif_cov.mon_cb.trigger_match_i {"
,"subitems":[{"expanded":false,"Exclusion Rule Type":"None","UNR":"none","title":"hit","All Average Grd":"100%","All Cov":"1 / 1 (100%)","Score":"33","At Least":"1","Source":"            bins hit = {1};"}
],"columns":""}
,{"expanded":false,"Exclusion Rule Type":"None","UNR":"none","title":"ill","At Least":"1","All Average Grd":"100%","All Cov":"1 / 1 (100%)","Source":"        ill : coverpoint cntxt.debug_cntxt.vif_cov.mon_cb.illegal_insn_i {"
,"subitems":[{"expanded":false,"Exclusion Rule Type":"None","UNR":"none","title":"hit","All Average Grd":"100%","All Cov":"1 / 1 (100%)","Score":"1574051","At Least":"1","Source":"            bins hit = {1};"}
],"columns":""}
,{"expanded":false,"Exclusion Rule Type":"None","UNR":"none","title":"ebreak","At Least":"1","All Average Grd":"100%","All Cov":"1 / 1 (100%)","Source":"         ebreak : coverpoint cntxt.debug_cntxt.vif_cov.mon_cb.is_ebreak { "
,"subitems":[{"expanded":false,"Exclusion Rule Type":"None","UNR":"none","title":"active","All Average Grd":"100%","All Cov":"1 / 1 (100%)","Score":"81149","At Least":"1","Source":"            bins active= {1'b1};"}
],"columns":""}
,{"expanded":false,"Exclusion Rule Type":"None","UNR":"none","title":"cebreak","At Least":"1","All Average Grd":"100%","All Cov":"1 / 1 (100%)","Source":"         cebreak : coverpoint cntxt.debug_cntxt.vif_cov.mon_cb.is_cebreak { "
,"subitems":[{"expanded":false,"Exclusion Rule Type":"None","UNR":"none","title":"active","All Average Grd":"100%","All Cov":"1 / 1 (100%)","Score":"76241","At Least":"1","Source":"            bins active= {1'b1};"}
],"columns":""}
,{"expanded":false,"Exclusion Rule Type":"None","UNR":"none","title":"branch","At Least":"1","All Average Grd":"100%","All Cov":"1 / 1 (100%)","Source":"         branch : coverpoint cntxt.debug_cntxt.vif_cov.mon_cb.branch_in_decode { "
,"subitems":[{"expanded":false,"Exclusion Rule Type":"None","UNR":"none","title":"active","All Average Grd":"100%","All Cov":"1 / 1 (100%)","Score":"22962081","At Least":"1","Source":"            bins active= {1'b1};"}
],"columns":""}
,{"expanded":false,"Exclusion Rule Type":"None","UNR":"none","title":"mulhsu","At Least":"1","All Average Grd":"100%","All Cov":"1 / 1 (100%)","Source":"         mulhsu : coverpoint cntxt.debug_cntxt.vif_cov.mon_cb.is_mulhsu { "
,"subitems":[{"expanded":false,"Exclusion Rule Type":"None","UNR":"none","title":"active","All Average Grd":"100%","All Cov":"1 / 1 (100%)","Score":"2934122","At Least":"1","Source":"            bins active= {1'b1};"}
],"columns":""}
,{"expanded":false,"Exclusion Rule Type":"None","UNR":"none","title":"dreq_and_ill","At Least":"1","All Average Grd":"100%","All Cov":"1 / 1 (100%)","Source":"        dreq_and_ill : cross dreq, ill;"
,"subitems":[{"expanded":false,"Exclusion Rule Type":"None","UNR":"none","title":"trans_active;hit","All Average Grd":"100%","All Cov":"1 / 1 (100%)","Score":"500","At Least":"1","Source":"        dreq_and_ill : cross dreq, ill;"}
],"columns":"dreq;ill"}
,{"expanded":false,"Exclusion Rule Type":"None","UNR":"none","title":"irq_and_dreq","At Least":"1","All Average Grd":"100%","All Cov":"1 / 1 (100%)","Source":"        irq_and_dreq : cross dreq, irq;"
,"subitems":[{"expanded":false,"Exclusion Rule Type":"None","UNR":"none","title":"trans_active;trans_active","All Average Grd":"100%","All Cov":"1 / 1 (100%)","Score":"5","At Least":"1","Source":"        irq_and_dreq : cross dreq, irq;"}
],"columns":"dreq;irq"}
,{"expanded":false,"Exclusion Rule Type":"None","UNR":"none","title":"irq_dreq_trig_ill","At Least":"1","All Average Grd":"100%","All Cov":"1 / 1 (100%)","Source":"        irq_dreq_trig_ill : cross dreq, irq, trigger, ill;"
,"subitems":[{"expanded":false,"Exclusion Rule Type":"None","UNR":"none","title":"trans_active;trans_active;hit;hit","All Average Grd":"100%","All Cov":"1 / 1 (100%)","Score":"1","At Least":"1","Source":"        irq_dreq_trig_ill : cross dreq, irq, trigger, ill;"}
],"columns":"dreq;irq;trigger;ill"}
,{"expanded":false,"Exclusion Rule Type":"None","UNR":"none","title":"irq_dreq_trig_cebreak","At Least":"1","All Average Grd":"100%","All Cov":"1 / 1 (100%)","Source":"        irq_dreq_trig_cebreak : cross dreq, irq, trigger, cebreak;"
,"subitems":[{"expanded":false,"Exclusion Rule Type":"None","UNR":"none","title":"trans_active;trans_active;hit;active","All Average Grd":"100%","All Cov":"1 / 1 (100%)","Score":"1","At Least":"1","Source":"        irq_dreq_trig_cebreak : cross dreq, irq, trigger, cebreak;"}
],"columns":"dreq;irq;trigger;cebreak"}
,{"expanded":false,"Exclusion Rule Type":"None","UNR":"none","title":"irq_dreq_trig_ebreak","At Least":"1","All Average Grd":"100%","All Cov":"1 / 1 (100%)","Source":"        irq_dreq_trig_ebreak : cross dreq, irq, trigger, ebreak;"
,"subitems":[{"expanded":false,"Exclusion Rule Type":"None","UNR":"none","title":"trans_active;trans_active;hit;active","All Average Grd":"100%","All Cov":"1 / 1 (100%)","Score":"1","At Least":"1","Source":"        irq_dreq_trig_ebreak : cross dreq, irq, trigger, ebreak;"}
],"columns":"dreq;irq;trigger;ebreak"}
,{"expanded":false,"Exclusion Rule Type":"None","UNR":"none","title":"irq_dreq_trig_branch","At Least":"1","All Average Grd":"100%","All Cov":"1 / 1 (100%)","Source":"        irq_dreq_trig_branch : cross dreq, irq, trigger, branch;"
,"subitems":[{"expanded":false,"Exclusion Rule Type":"None","UNR":"none","title":"trans_active;trans_active;hit;active","All Average Grd":"100%","All Cov":"1 / 1 (100%)","Score":"1","At Least":"1","Source":"        irq_dreq_trig_branch : cross dreq, irq, trigger, branch;"}
],"columns":"dreq;irq;trigger;branch"}
,{"expanded":false,"Exclusion Rule Type":"None","UNR":"none","title":"irq_dreq_trig_multicycle","At Least":"1","All Average Grd":"100%","All Cov":"1 / 1 (100%)","Source":"        irq_dreq_trig_multicycle : cross dreq, irq, trigger, mulhsu;"
,"subitems":[{"expanded":false,"Exclusion Rule Type":"None","UNR":"none","title":"trans_active;trans_active;hit;active","All Average Grd":"100%","All Cov":"1 / 1 (100%)","Score":"1","At Least":"1","Source":"        irq_dreq_trig_multicycle : cross dreq, irq, trigger, mulhsu;"}
],"columns":"dreq;irq;trigger;mulhsu"}
]}
,{"expanded":false,"Exclusion Rule Type":"None","UNR":"none","title":"cg_debug_regs_d_mode","All Average Grd":"100%","All Cov":"16 / 16 (100%)","Enclosing Entity":"uvm_pkg.uvm_test_top.env.cov_model.debug_covg","Source":"    covergroup cg_debug_regs_d_mode;"
,"subitems":[{"expanded":false,"Exclusion Rule Type":"None","UNR":"none","title":"mode","At Least":"1","All Average Grd":"100%","All Cov":"1 / 1 (100%)","Source":"        mode : coverpoint cntxt.debug_cntxt.vif_cov.mon_cb.debug_mode_q {"
,"subitems":[{"expanded":false,"Exclusion Rule Type":"None","UNR":"none","title":"M","All Average Grd":"100%","All Cov":"1 / 1 (100%)","Score":"195327162","At Least":"1","Source":"            bins M = {1} ;"}
],"columns":""}
,{"expanded":false,"Exclusion Rule Type":"None","UNR":"none","title":"access","At Least":"1","All Average Grd":"100%","All Cov":"1 / 1 (100%)","Source":"        access : coverpoint cntxt.debug_cntxt.vif_cov.mon_cb.csr_access {"
,"subitems":[{"expanded":false,"Exclusion Rule Type":"None","UNR":"none","title":"hit","All Average Grd":"100%","All Cov":"1 / 1 (100%)","Score":"22397395","At Least":"1","Source":"            bins hit = {1};"}
],"columns":""}
,{"expanded":false,"Exclusion Rule Type":"None","UNR":"none","title":"op","At Least":"1","All Average Grd":"100%","All Cov":"2 / 2 (100%)","Source":"        op : coverpoint cntxt.debug_cntxt.vif_cov.mon_cb.csr_op {"
,"subitems":[{"expanded":false,"Exclusion Rule Type":"None","UNR":"none","title":"read","All Average Grd":"100%","All Cov":"1 / 1 (100%)","Score":"440799426","At Least":"1","Source":"            bins read = {'h0};"}
,{"expanded":false,"Exclusion Rule Type":"None","UNR":"none","title":"write","All Average Grd":"100%","All Cov":"1 / 1 (100%)","Score":"3119769","At Least":"1","Source":"            bins write = {'h1};"}
],"columns":""}
,{"expanded":false,"Exclusion Rule Type":"None","UNR":"none","title":"addr","At Least":"1","All Average Grd":"100%","All Cov":"4 / 4 (100%)","Source":"        addr  : coverpoint cntxt.debug_cntxt.vif_cov.mon_cb.id_stage_instr_rdata_i[31:20] { // csr addr not updated if illegal access"
,"subitems":[{"expanded":false,"Exclusion Rule Type":"None","UNR":"none","title":"dcsr","All Average Grd":"100%","All Cov":"1 / 1 (100%)","Score":"3138722","At Least":"1","Source":"            bins dcsr = {'h7B0};"}
,{"expanded":false,"Exclusion Rule Type":"None","UNR":"none","title":"dpc","All Average Grd":"100%","All Cov":"1 / 1 (100%)","Score":"1317121","At Least":"1","Source":"            bins dpc = {'h7B1};"}
,{"expanded":false,"Exclusion Rule Type":"None","UNR":"none","title":"dscratch0","All Average Grd":"100%","All Cov":"1 / 1 (100%)","Score":"5974971","At Least":"1","Source":"            bins dscratch0 = {'h7B2};"}
,{"expanded":false,"Exclusion Rule Type":"None","UNR":"none","title":"dscratch1","All Average Grd":"100%","All Cov":"1 / 1 (100%)","Score":"2380074","At Least":"1","Source":"            bins dscratch1 = {'h7B3};"}
],"columns":""}
,{"expanded":false,"Exclusion Rule Type":"None","UNR":"none","title":"dregs_access","At Least":"1","All Average Grd":"100%","All Cov":"8 / 8 (100%)","Source":"        dregs_access : cross mode, access, op,addr;"
,"subitems":[{"expanded":false,"Exclusion Rule Type":"None","UNR":"none","title":"M;hit;read;dcsr","All Average Grd":"100%","All Cov":"1 / 1 (100%)","Score":"2892230","At Least":"1","Source":"        dregs_access : cross mode, access, op,addr;"}
,{"expanded":false,"Exclusion Rule Type":"None","UNR":"none","title":"M;hit;read;dpc","All Average Grd":"100%","All Cov":"1 / 1 (100%)","Score":"1197538","At Least":"1","Source":"        dregs_access : cross mode, access, op,addr;"}
,{"expanded":false,"Exclusion Rule Type":"None","UNR":"none","title":"M;hit;read;dscratch0","All Average Grd":"100%","All Cov":"1 / 1 (100%)","Score":"3173796","At Least":"1","Source":"        dregs_access : cross mode, access, op,addr;"}
,{"expanded":false,"Exclusion Rule Type":"None","UNR":"none","title":"M;hit;read;dscratch1","All Average Grd":"100%","All Cov":"1 / 1 (100%)","Score":"2135056","At Least":"1","Source":"        dregs_access : cross mode, access, op,addr;"}
,{"expanded":false,"Exclusion Rule Type":"None","UNR":"none","title":"M;hit;write;dcsr","All Average Grd":"100%","All Cov":"1 / 1 (100%)","Score":"2782","At Least":"1","Source":"        dregs_access : cross mode, access, op,addr;"}
,{"expanded":false,"Exclusion Rule Type":"None","UNR":"none","title":"M;hit;write;dpc","All Average Grd":"100%","All Cov":"1 / 1 (100%)","Score":"112855","At Least":"1","Source":"        dregs_access : cross mode, access, op,addr;"}
,{"expanded":false,"Exclusion Rule Type":"None","UNR":"none","title":"M;hit;write;dscratch0","All Average Grd":"100%","All Cov":"1 / 1 (100%)","Score":"361395","At Least":"1","Source":"        dregs_access : cross mode, access, op,addr;"}
,{"expanded":false,"Exclusion Rule Type":"None","UNR":"none","title":"M;hit;write;dscratch1","All Average Grd":"100%","All Cov":"1 / 1 (100%)","Score":"243110","At Least":"1","Source":"        dregs_access : cross mode, access, op,addr;"}
],"columns":"mode;access;op;addr"}
]}
,{"expanded":false,"Exclusion Rule Type":"None","UNR":"none","title":"cg_debug_regs_m_mode","All Average Grd":"100%","All Cov":"16 / 16 (100%)","Enclosing Entity":"uvm_pkg.uvm_test_top.env.cov_model.debug_covg","Source":"    covergroup cg_debug_regs_m_mode;"
,"subitems":[{"expanded":false,"Exclusion Rule Type":"None","UNR":"none","title":"mode","At Least":"1","All Average Grd":"100%","All Cov":"1 / 1 (100%)","Source":"        mode : coverpoint cntxt.debug_cntxt.vif_cov.mon_cb.debug_mode_q {"
,"subitems":[{"expanded":false,"Exclusion Rule Type":"None","UNR":"none","title":"M","All Average Grd":"100%","All Cov":"1 / 1 (100%)","Score":"252413250","At Least":"1","Source":"            bins M = {0} ;"}
],"columns":""}
,{"expanded":false,"Exclusion Rule Type":"None","UNR":"none","title":"access","At Least":"1","All Average Grd":"100%","All Cov":"1 / 1 (100%)","Source":"        access : coverpoint cntxt.debug_cntxt.vif_cov.mon_cb.csr_access {"
,"subitems":[{"expanded":false,"Exclusion Rule Type":"None","UNR":"none","title":"hit","All Average Grd":"100%","All Cov":"1 / 1 (100%)","Score":"22397395","At Least":"1","Source":"            bins hit = {1};"}
],"columns":""}
,{"expanded":false,"Exclusion Rule Type":"None","UNR":"none","title":"op","At Least":"1","All Average Grd":"100%","All Cov":"2 / 2 (100%)","Source":"        op : coverpoint cntxt.debug_cntxt.vif_cov.mon_cb.csr_op_dec {"
,"subitems":[{"expanded":false,"Exclusion Rule Type":"None","UNR":"none","title":"read","All Average Grd":"100%","All Cov":"1 / 1 (100%)","Score":"435311967","At Least":"1","Source":"            bins read = {1'h0};"}
,{"expanded":false,"Exclusion Rule Type":"None","UNR":"none","title":"write","All Average Grd":"100%","All Cov":"1 / 1 (100%)","Score":"6566976","At Least":"1","Source":"            bins write = {1'h1};"}
],"columns":""}
,{"expanded":false,"Exclusion Rule Type":"None","UNR":"none","title":"addr","At Least":"1","All Average Grd":"100%","All Cov":"4 / 4 (100%)","Source":"        addr  : coverpoint cntxt.debug_cntxt.vif_cov.mon_cb.id_stage_instr_rdata_i[31:20] { // csr addr not updated if illegal access"
,"subitems":[{"expanded":false,"Exclusion Rule Type":"None","UNR":"none","title":"dcsr","All Average Grd":"100%","All Cov":"1 / 1 (100%)","Score":"3138722","At Least":"1","Source":"            bins dcsr = {'h7B0};"}
,{"expanded":false,"Exclusion Rule Type":"None","UNR":"none","title":"dpc","All Average Grd":"100%","All Cov":"1 / 1 (100%)","Score":"1317121","At Least":"1","Source":"            bins dpc = {'h7B1};"}
,{"expanded":false,"Exclusion Rule Type":"None","UNR":"none","title":"dscratch0","All Average Grd":"100%","All Cov":"1 / 1 (100%)","Score":"5974971","At Least":"1","Source":"            bins dscratch0 = {'h7B2};"}
,{"expanded":false,"Exclusion Rule Type":"None","UNR":"none","title":"dscratch1","All Average Grd":"100%","All Cov":"1 / 1 (100%)","Score":"2380074","At Least":"1","Source":"            bins dscratch1 = {'h7B3};"}
],"columns":""}
,{"expanded":false,"Exclusion Rule Type":"None","UNR":"none","title":"dregs_access","At Least":"1","All Average Grd":"100%","All Cov":"8 / 8 (100%)","Source":"        dregs_access : cross mode, access, op,addr;"
,"subitems":[{"expanded":false,"Exclusion Rule Type":"None","UNR":"none","title":"M;hit;read;dcsr","All Average Grd":"100%","All Cov":"1 / 1 (100%)","Score":"24","At Least":"1","Source":"        dregs_access : cross mode, access, op,addr;"}
,{"expanded":false,"Exclusion Rule Type":"None","UNR":"none","title":"M;hit;read;dpc","All Average Grd":"100%","All Cov":"1 / 1 (100%)","Score":"9","At Least":"1","Source":"        dregs_access : cross mode, access, op,addr;"}
,{"expanded":false,"Exclusion Rule Type":"None","UNR":"none","title":"M;hit;read;dscratch0","All Average Grd":"100%","All Cov":"1 / 1 (100%)","Score":"5","At Least":"1","Source":"        dregs_access : cross mode, access, op,addr;"}
,{"expanded":false,"Exclusion Rule Type":"None","UNR":"none","title":"M;hit;read;dscratch1","All Average Grd":"100%","All Cov":"1 / 1 (100%)","Score":"9","At Least":"1","Source":"        dregs_access : cross mode, access, op,addr;"}
,{"expanded":false,"Exclusion Rule Type":"None","UNR":"none","title":"M;hit;write;dcsr","All Average Grd":"100%","All Cov":"1 / 1 (100%)","Score":"10","At Least":"1","Source":"        dregs_access : cross mode, access, op,addr;"}
,{"expanded":false,"Exclusion Rule Type":"None","UNR":"none","title":"M;hit;write;dpc","All Average Grd":"100%","All Cov":"1 / 1 (100%)","Score":"9","At Least":"1","Source":"        dregs_access : cross mode, access, op,addr;"}
,{"expanded":false,"Exclusion Rule Type":"None","UNR":"none","title":"M;hit;write;dscratch0","All Average Grd":"100%","All Cov":"1 / 1 (100%)","Score":"5","At Least":"1","Source":"        dregs_access : cross mode, access, op,addr;"}
,{"expanded":false,"Exclusion Rule Type":"None","UNR":"none","title":"M;hit;write;dscratch1","All Average Grd":"100%","All Cov":"1 / 1 (100%)","Score":"5","At Least":"1","Source":"        dregs_access : cross mode, access, op,addr;"}
],"columns":"mode;access;op;addr"}
]}
,{"expanded":false,"Exclusion Rule Type":"None","UNR":"none","title":"cg_trigger_regs","All Average Grd":"100%","All Cov":"30 / 30 (100%)","Enclosing Entity":"uvm_pkg.uvm_test_top.env.cov_model.debug_covg","Source":"    covergroup cg_trigger_regs;"
,"subitems":[{"expanded":false,"Exclusion Rule Type":"None","UNR":"none","title":"mode","At Least":"1","All Average Grd":"100%","All Cov":"2 / 2 (100%)","Source":"        mode : coverpoint cntxt.debug_cntxt.vif_cov.mon_cb.debug_mode_q; // Only M and D supported"
,"subitems":[{"expanded":false,"Exclusion Rule Type":"None","UNR":"none","title":"auto[0]","All Average Grd":"100%","All Cov":"1 / 1 (100%)","Score":"252413250","At Least":"1","Source":"        mode : coverpoint cntxt.debug_cntxt.vif_cov.mon_cb.debug_mode_q; // Only M and D supported"}
,{"expanded":false,"Exclusion Rule Type":"None","UNR":"none","title":"auto[1]","All Average Grd":"100%","All Cov":"1 / 1 (100%)","Score":"195327162","At Least":"1","Source":"        mode : coverpoint cntxt.debug_cntxt.vif_cov.mon_cb.debug_mode_q; // Only M and D supported"}
],"columns":""}
,{"expanded":false,"Exclusion Rule Type":"None","UNR":"none","title":"access","At Least":"1","All Average Grd":"100%","All Cov":"1 / 1 (100%)","Source":"        access : coverpoint cntxt.debug_cntxt.vif_cov.mon_cb.csr_access {"
,"subitems":[{"expanded":false,"Exclusion Rule Type":"None","UNR":"none","title":"hit","All Average Grd":"100%","All Cov":"1 / 1 (100%)","Score":"22397395","At Least":"1","Source":"            bins hit = {1};"}
],"columns":""}
,{"expanded":false,"Exclusion Rule Type":"None","UNR":"none","title":"op","At Least":"1","All Average Grd":"100%","All Cov":"2 / 2 (100%)","Source":"        op : coverpoint cntxt.debug_cntxt.vif_cov.mon_cb.csr_op {"
,"subitems":[{"expanded":false,"Exclusion Rule Type":"None","UNR":"none","title":"read","All Average Grd":"100%","All Cov":"1 / 1 (100%)","Score":"440799426","At Least":"1","Source":"            bins read = {'h0};"}
,{"expanded":false,"Exclusion Rule Type":"None","UNR":"none","title":"write","All Average Grd":"100%","All Cov":"1 / 1 (100%)","Score":"3119769","At Least":"1","Source":"            bins write = {'h1};"}
],"columns":""}
,{"expanded":false,"Exclusion Rule Type":"None","UNR":"none","title":"addr","At Least":"1","All Average Grd":"100%","All Cov":"5 / 5 (100%)","Source":"        addr  : coverpoint cntxt.debug_cntxt.vif_cov.mon_cb.id_stage_instr_rdata_i[31:20]{ // csr addr not updated if illegal access"
,"subitems":[{"expanded":false,"Exclusion Rule Type":"None","UNR":"none","title":"tsel","All Average Grd":"100%","All Cov":"1 / 1 (100%)","Score":"66967","At Least":"1","Source":"            bins tsel = {'h7A0};"}
,{"expanded":false,"Exclusion Rule Type":"None","UNR":"none","title":"tdata1","All Average Grd":"100%","All Cov":"1 / 1 (100%)","Score":"2518","At Least":"1","Source":"            bins tdata1 = {'h7A1};"}
,{"expanded":false,"Exclusion Rule Type":"None","UNR":"none","title":"tdata2","All Average Grd":"100%","All Cov":"1 / 1 (100%)","Score":"17262","At Least":"1","Source":"            bins tdata2 = {'h7A2};"}
,{"expanded":false,"Exclusion Rule Type":"None","UNR":"none","title":"tdata3","All Average Grd":"100%","All Cov":"1 / 1 (100%)","Score":"2889","At Least":"1","Source":"            bins tdata3 = {'h7A3};"}
,{"expanded":false,"Exclusion Rule Type":"None","UNR":"none","title":"tinfo","All Average Grd":"100%","All Cov":"1 / 1 (100%)","Score":"3134","At Least":"1","Source":"            bins tinfo  = {'h7A4};"}
],"columns":""}
,{"expanded":false,"Exclusion Rule Type":"None","UNR":"none","title":"tregs_access","At Least":"1","All Average Grd":"100%","All Cov":"20 / 20 (100%)","Source":"        tregs_access : cross mode, access, op,addr;"
,"subitems":[{"expanded":false,"Exclusion Rule Type":"None","UNR":"none","title":"auto[0];hit;read;tsel","All Average Grd":"100%","All Cov":"1 / 1 (100%)","Score":"3","At Least":"1","Source":"        tregs_access : cross mode, access, op,addr;"}
,{"expanded":false,"Exclusion Rule Type":"None","UNR":"none","title":"auto[0];hit;read;tdata1","All Average Grd":"100%","All Cov":"1 / 1 (100%)","Score":"9","At Least":"1","Source":"        tregs_access : cross mode, access, op,addr;"}
,{"expanded":false,"Exclusion Rule Type":"None","UNR":"none","title":"auto[0];hit;read;tdata2","All Average Grd":"100%","All Cov":"1 / 1 (100%)","Score":"8","At Least":"1","Source":"        tregs_access : cross mode, access, op,addr;"}
,{"expanded":false,"Exclusion Rule Type":"None","UNR":"none","title":"auto[0];hit;read;tdata3","All Average Grd":"100%","All Cov":"1 / 1 (100%)","Score":"6","At Least":"1","Source":"        tregs_access : cross mode, access, op,addr;"}
,{"expanded":false,"Exclusion Rule Type":"None","UNR":"none","title":"auto[0];hit;read;tinfo","All Average Grd":"100%","All Cov":"1 / 1 (100%)","Score":"5","At Least":"1","Source":"        tregs_access : cross mode, access, op,addr;"}
,{"expanded":false,"Exclusion Rule Type":"None","UNR":"none","title":"auto[0];hit;write;tsel","All Average Grd":"100%","All Cov":"1 / 1 (100%)","Score":"193","At Least":"1","Source":"        tregs_access : cross mode, access, op,addr;"}
,{"expanded":false,"Exclusion Rule Type":"None","UNR":"none","title":"auto[0];hit;write;tdata1","All Average Grd":"100%","All Cov":"1 / 1 (100%)","Score":"193","At Least":"1","Source":"        tregs_access : cross mode, access, op,addr;"}
,{"expanded":false,"Exclusion Rule Type":"None","UNR":"none","title":"auto[0];hit;write;tdata2","All Average Grd":"100%","All Cov":"1 / 1 (100%)","Score":"193","At Least":"1","Source":"        tregs_access : cross mode, access, op,addr;"}
,{"expanded":false,"Exclusion Rule Type":"None","UNR":"none","title":"auto[0];hit;write;tdata3","All Average Grd":"100%","All Cov":"1 / 1 (100%)","Score":"193","At Least":"1","Source":"        tregs_access : cross mode, access, op,addr;"}
,{"expanded":false,"Exclusion Rule Type":"None","UNR":"none","title":"auto[0];hit;write;tinfo","All Average Grd":"100%","All Cov":"1 / 1 (100%)","Score":"194","At Least":"1","Source":"        tregs_access : cross mode, access, op,addr;"}
,{"expanded":false,"Exclusion Rule Type":"None","UNR":"none","title":"auto[1];hit;read;tsel","All Average Grd":"100%","All Cov":"1 / 1 (100%)","Score":"2","At Least":"1","Source":"        tregs_access : cross mode, access, op,addr;"}
,{"expanded":false,"Exclusion Rule Type":"None","UNR":"none","title":"auto[1];hit;read;tdata1","All Average Grd":"100%","All Cov":"1 / 1 (100%)","Score":"7","At Least":"1","Source":"        tregs_access : cross mode, access, op,addr;"}
,{"expanded":false,"Exclusion Rule Type":"None","UNR":"none","title":"auto[1];hit;read;tdata2","All Average Grd":"100%","All Cov":"1 / 1 (100%)","Score":"1","At Least":"1","Source":"        tregs_access : cross mode, access, op,addr;"}
,{"expanded":false,"Exclusion Rule Type":"None","UNR":"none","title":"auto[1];hit;read;tdata3","All Average Grd":"100%","All Cov":"1 / 1 (100%)","Score":"2","At Least":"1","Source":"        tregs_access : cross mode, access, op,addr;"}
,{"expanded":false,"Exclusion Rule Type":"None","UNR":"none","title":"auto[1];hit;read;tinfo","All Average Grd":"100%","All Cov":"1 / 1 (100%)","Score":"1","At Least":"1","Source":"        tregs_access : cross mode, access, op,addr;"}
,{"expanded":false,"Exclusion Rule Type":"None","UNR":"none","title":"auto[1];hit;write;tsel","All Average Grd":"100%","All Cov":"1 / 1 (100%)","Score":"1","At Least":"1","Source":"        tregs_access : cross mode, access, op,addr;"}
,{"expanded":false,"Exclusion Rule Type":"None","UNR":"none","title":"auto[1];hit;write;tdata1","All Average Grd":"100%","All Cov":"1 / 1 (100%)","Score":"9","At Least":"1","Source":"        tregs_access : cross mode, access, op,addr;"}
,{"expanded":false,"Exclusion Rule Type":"None","UNR":"none","title":"auto[1];hit;write;tdata2","All Average Grd":"100%","All Cov":"1 / 1 (100%)","Score":"11","At Least":"1","Source":"        tregs_access : cross mode, access, op,addr;"}
,{"expanded":false,"Exclusion Rule Type":"None","UNR":"none","title":"auto[1];hit;write;tdata3","All Average Grd":"100%","All Cov":"1 / 1 (100%)","Score":"1","At Least":"1","Source":"        tregs_access : cross mode, access, op,addr;"}
,{"expanded":false,"Exclusion Rule Type":"None","UNR":"none","title":"auto[1];hit;write;tinfo","All Average Grd":"100%","All Cov":"1 / 1 (100%)","Score":"1","At Least":"1","Source":"        tregs_access : cross mode, access, op,addr;"}
],"columns":"mode;access;op;addr"}
]}
,{"expanded":false,"Exclusion Rule Type":"None","UNR":"none","title":"cg_counters_enabled","All Average Grd":"100%","All Cov":"4 / 4 (100%)","Enclosing Entity":"uvm_pkg.uvm_test_top.env.cov_model.debug_covg","Source":"    covergroup cg_counters_enabled;"
,"subitems":[{"expanded":false,"Exclusion Rule Type":"None","UNR":"none","title":"mcycle_en","At Least":"1","All Average Grd":"100%","All Cov":"2 / 2 (100%)","Source":"        mcycle_en : coverpoint cntxt.debug_cntxt.vif_cov.mon_cb.mcountinhibit_q[0];"
,"subitems":[{"expanded":false,"Exclusion Rule Type":"None","UNR":"none","title":"auto[0]","All Average Grd":"100%","All Cov":"1 / 1 (100%)","Score":"841599","At Least":"1","Source":"        mcycle_en : coverpoint cntxt.debug_cntxt.vif_cov.mon_cb.mcountinhibit_q[0];"}
,{"expanded":false,"Exclusion Rule Type":"None","UNR":"none","title":"auto[1]","All Average Grd":"100%","All Cov":"1 / 1 (100%)","Score":"446898813","At Least":"1","Source":"        mcycle_en : coverpoint cntxt.debug_cntxt.vif_cov.mon_cb.mcountinhibit_q[0];"}
],"columns":""}
,{"expanded":false,"Exclusion Rule Type":"None","UNR":"none","title":"minstret_en","At Least":"1","All Average Grd":"100%","All Cov":"2 / 2 (100%)","Source":"        minstret_en : coverpoint cntxt.debug_cntxt.vif_cov.mon_cb.mcountinhibit_q[2];"
,"subitems":[{"expanded":false,"Exclusion Rule Type":"None","UNR":"none","title":"auto[0]","All Average Grd":"100%","All Cov":"1 / 1 (100%)","Score":"841609","At Least":"1","Source":"        minstret_en : coverpoint cntxt.debug_cntxt.vif_cov.mon_cb.mcountinhibit_q[2];"}
,{"expanded":false,"Exclusion Rule Type":"None","UNR":"none","title":"auto[1]","All Average Grd":"100%","All Cov":"1 / 1 (100%)","Score":"446898803","At Least":"1","Source":"        minstret_en : coverpoint cntxt.debug_cntxt.vif_cov.mon_cb.mcountinhibit_q[2];"}
],"columns":""}
]}
,{"expanded":false,"Exclusion Rule Type":"None","UNR":"none","title":"cg_debug_at_reset","All Average Grd":"100%","All Cov":"3 / 3 (100%)","Enclosing Entity":"uvm_pkg.uvm_test_top.env.cov_model.debug_covg","Source":"    covergroup cg_debug_at_reset;"
,"subitems":[{"expanded":false,"Exclusion Rule Type":"None","UNR":"none","title":"state","At Least":"1","All Average Grd":"100%","All Cov":"1 / 1 (100%)","Source":"        state : coverpoint cntxt.debug_cntxt.vif_cov.mon_cb.ctrl_fsm_cs { "
,"subitems":[{"expanded":false,"Exclusion Rule Type":"None","UNR":"none","title":"reset","All Average Grd":"100%","All Cov":"1 / 1 (100%)","Score":"61820","At Least":"1","Source":"            bins reset= {cv32e40p_pkg::RESET};"}
],"columns":""}
,{"expanded":false,"Exclusion Rule Type":"None","UNR":"none","title":"dbg","At Least":"1","All Average Grd":"100%","All Cov":"1 / 1 (100%)","Source":"         dbg : coverpoint cntxt.debug_cntxt.vif_cov.mon_cb.debug_req_i { "
,"subitems":[{"expanded":false,"Exclusion Rule Type":"None","UNR":"none","title":"active","All Average Grd":"100%","All Cov":"1 / 1 (100%)","Score":"13678587","At Least":"1","Source":"            bins active= {1'b1};"}
],"columns":""}
,{"expanded":false,"Exclusion Rule Type":"None","UNR":"none","title":"dbg_at_reset","At Least":"1","All Average Grd":"100%","All Cov":"1 / 1 (100%)","Source":"        dbg_at_reset : cross state, dbg;"
,"subitems":[{"expanded":false,"Exclusion Rule Type":"None","UNR":"none","title":"reset;active","All Average Grd":"100%","All Cov":"1 / 1 (100%)","Score":"3535","At Least":"1","Source":"        dbg_at_reset : cross state, dbg;"}
],"columns":"state;dbg"}
]}
,{"expanded":false,"Exclusion Rule Type":"None","UNR":"none","title":"cg_fence_in_debug","All Average Grd":"100%","All Cov":"3 / 3 (100%)","Enclosing Entity":"uvm_pkg.uvm_test_top.env.cov_model.debug_covg","Source":"    covergroup cg_fence_in_debug;"
,"subitems":[{"expanded":false,"Exclusion Rule Type":"None","UNR":"none","title":"mode","At Least":"1","All Average Grd":"100%","All Cov":"1 / 1 (100%)","Source":"        mode : coverpoint cntxt.debug_cntxt.vif_cov.mon_cb.debug_mode_q { "
,"subitems":[{"expanded":false,"Exclusion Rule Type":"None","UNR":"none","title":"debug","All Average Grd":"100%","All Cov":"1 / 1 (100%)","Score":"195327162","At Least":"1","Source":"            bins debug= {1'b1};"}
],"columns":""}
,{"expanded":false,"Exclusion Rule Type":"None","UNR":"none","title":"fence","At Least":"1","All Average Grd":"100%","All Cov":"1 / 1 (100%)","Source":"        fence : coverpoint cntxt.debug_cntxt.vif_cov.mon_cb.fence_i { "
,"subitems":[{"expanded":false,"Exclusion Rule Type":"None","UNR":"none","title":"active","All Average Grd":"100%","All Cov":"1 / 1 (100%)","Score":"8687482","At Least":"1","Source":"            bins active= {1'b1};"}
],"columns":""}
,{"expanded":false,"Exclusion Rule Type":"None","UNR":"none","title":"fence_in_debug","At Least":"1","All Average Grd":"100%","All Cov":"1 / 1 (100%)","Source":"        fence_in_debug : cross mode, fence;"
,"subitems":[{"expanded":false,"Exclusion Rule Type":"None","UNR":"none","title":"debug;active","All Average Grd":"100%","All Cov":"1 / 1 (100%)","Score":"2773114","At Least":"1","Source":"        fence_in_debug : cross mode, fence;"}
],"columns":"mode;fence"}
]}
,{"expanded":false,"Exclusion Rule Type":"None","UNR":"none","title":"cg_debug_causes","All Average Grd":"100%","All Cov":"15 / 15 (100%)","Enclosing Entity":"uvm_pkg.uvm_test_top.env.cov_model.debug_covg","Source":"    covergroup cg_debug_causes;"
,"subitems":[{"expanded":false,"Exclusion Rule Type":"None","UNR":"none","title":"tmatch","At Least":"1","All Average Grd":"100%","All Cov":"1 / 1 (100%)","Source":"        tmatch : coverpoint cntxt.debug_cntxt.vif_cov.mon_cb.trigger_match_i { "
,"subitems":[{"expanded":false,"Exclusion Rule Type":"None","UNR":"none","title":"match","All Average Grd":"100%","All Cov":"1 / 1 (100%)","Score":"33","At Least":"1","Source":"            bins match= {1'b1};"}
],"columns":""}
,{"expanded":false,"Exclusion Rule Type":"None","UNR":"none","title":"tnomatch","At Least":"1","All Average Grd":"100%","All Cov":"1 / 1 (100%)","Source":"        tnomatch : coverpoint cntxt.debug_cntxt.vif_cov.mon_cb.trigger_match_i { "
,"subitems":[{"expanded":false,"Exclusion Rule Type":"None","UNR":"none","title":"nomatch","All Average Grd":"100%","All Cov":"1 / 1 (100%)","Score":"447740379","At Least":"1","Source":"            bins nomatch= {1'b0};"}
],"columns":""}
,{"expanded":false,"Exclusion Rule Type":"None","UNR":"none","title":"ebreak","At Least":"1","All Average Grd":"100%","All Cov":"1 / 1 (100%)","Source":"         ebreak : coverpoint cntxt.debug_cntxt.vif_cov.mon_cb.is_ebreak { "
,"subitems":[{"expanded":false,"Exclusion Rule Type":"None","UNR":"none","title":"active","All Average Grd":"100%","All Cov":"1 / 1 (100%)","Score":"81149","At Least":"1","Source":"            bins active= {1'b1};"}
],"columns":""}
,{"expanded":false,"Exclusion Rule Type":"None","UNR":"none","title":"cebreak","At Least":"1","All Average Grd":"100%","All Cov":"1 / 1 (100%)","Source":"         cebreak : coverpoint cntxt.debug_cntxt.vif_cov.mon_cb.is_cebreak { "
,"subitems":[{"expanded":false,"Exclusion Rule Type":"None","UNR":"none","title":"active","All Average Grd":"100%","All Cov":"1 / 1 (100%)","Score":"76241","At Least":"1","Source":"            bins active= {1'b1};"}
],"columns":""}
,{"expanded":false,"Exclusion Rule Type":"None","UNR":"none","title":"dbg_req","At Least":"1","All Average Grd":"100%","All Cov":"1 / 1 (100%)","Source":"         dbg_req : coverpoint cntxt.debug_cntxt.vif_cov.mon_cb.debug_req_i { "
,"subitems":[{"expanded":false,"Exclusion Rule Type":"None","UNR":"none","title":"active","All Average Grd":"100%","All Cov":"1 / 1 (100%)","Score":"13678587","At Least":"1","Source":"            bins active= {1'b1};"}
],"columns":""}
,{"expanded":false,"Exclusion Rule Type":"None","UNR":"none","title":"step","At Least":"1","All Average Grd":"100%","All Cov":"1 / 1 (100%)","Source":"         step : coverpoint cntxt.debug_cntxt.vif_cov.mon_cb.dcsr_q[2] & !cntxt.debug_cntxt.vif_cov.mon_cb.debug_mode_q { "
,"subitems":[{"expanded":false,"Exclusion Rule Type":"None","UNR":"none","title":"active","All Average Grd":"100%","All Cov":"1 / 1 (100%)","Score":"886292","At Least":"1","Source":"            bins active= {1'b1};"}
],"columns":""}
,{"expanded":false,"Exclusion Rule Type":"None","UNR":"none","title":"trig_vs_ebreak","At Least":"1","All Average Grd":"100%","All Cov":"1 / 1 (100%)","Source":"        trig_vs_ebreak : cross tmatch, ebreak;"
,"subitems":[{"expanded":false,"Exclusion Rule Type":"None","UNR":"none","title":"match;active","All Average Grd":"100%","All Cov":"1 / 1 (100%)","Score":"1","At Least":"1","Source":"        trig_vs_ebreak : cross tmatch, ebreak;"}
],"columns":"tmatch;ebreak"}
,{"expanded":false,"Exclusion Rule Type":"None","UNR":"none","title":"trig_vs_cebreak","At Least":"1","All Average Grd":"100%","All Cov":"1 / 1 (100%)","Source":"        trig_vs_cebreak : cross tmatch, cebreak;"
,"subitems":[{"expanded":false,"Exclusion Rule Type":"None","UNR":"none","title":"match;active","All Average Grd":"100%","All Cov":"1 / 1 (100%)","Score":"1","At Least":"1","Source":"        trig_vs_cebreak : cross tmatch, cebreak;"}
],"columns":"tmatch;cebreak"}
,{"expanded":false,"Exclusion Rule Type":"None","UNR":"none","title":"trig_vs_dbg_req","At Least":"1","All Average Grd":"100%","All Cov":"1 / 1 (100%)","Source":"        trig_vs_dbg_req : cross tmatch, dbg_req;"
,"subitems":[{"expanded":false,"Exclusion Rule Type":"None","UNR":"none","title":"match;active","All Average Grd":"100%","All Cov":"1 / 1 (100%)","Score":"24","At Least":"1","Source":"        trig_vs_dbg_req : cross tmatch, dbg_req;"}
],"columns":"tmatch;dbg_req"}
,{"expanded":false,"Exclusion Rule Type":"None","UNR":"none","title":"trig_vs_step","At Least":"1","All Average Grd":"100%","All Cov":"1 / 1 (100%)","Source":"        trig_vs_step : cross tmatch, step;"
,"subitems":[{"expanded":false,"Exclusion Rule Type":"None","UNR":"none","title":"match;active","All Average Grd":"100%","All Cov":"1 / 1 (100%)","Score":"3","At Least":"1","Source":"        trig_vs_step : cross tmatch, step;"}
],"columns":"tmatch;step"}
,{"expanded":false,"Exclusion Rule Type":"None","UNR":"none","title":"ebreak_vs_req","At Least":"1","All Average Grd":"100%","All Cov":"1 / 1 (100%)","Source":"        ebreak_vs_req : cross ebreak, dbg_req, tnomatch;"
,"subitems":[{"expanded":false,"Exclusion Rule Type":"None","UNR":"none","title":"active;active;nomatch","All Average Grd":"100%","All Cov":"1 / 1 (100%)","Score":"871","At Least":"1","Source":"        ebreak_vs_req : cross ebreak, dbg_req, tnomatch;"}
],"columns":"ebreak;dbg_req;tnomatch"}
,{"expanded":false,"Exclusion Rule Type":"None","UNR":"none","title":"cebreak_vs_req","At Least":"1","All Average Grd":"100%","All Cov":"1 / 1 (100%)","Source":"        cebreak_vs_req : cross cebreak, dbg_req, tnomatch;"
,"subitems":[{"expanded":false,"Exclusion Rule Type":"None","UNR":"none","title":"active;active;nomatch","All Average Grd":"100%","All Cov":"1 / 1 (100%)","Score":"732","At Least":"1","Source":"        cebreak_vs_req : cross cebreak, dbg_req, tnomatch;"}
],"columns":"cebreak;dbg_req;tnomatch"}
,{"expanded":false,"Exclusion Rule Type":"None","UNR":"none","title":"ebreak_vs_step","At Least":"1","All Average Grd":"100%","All Cov":"1 / 1 (100%)","Source":"        ebreak_vs_step : cross ebreak, step;"
,"subitems":[{"expanded":false,"Exclusion Rule Type":"None","UNR":"none","title":"active;active","All Average Grd":"100%","All Cov":"1 / 1 (100%)","Score":"2","At Least":"1","Source":"        ebreak_vs_step : cross ebreak, step;"}
],"columns":"ebreak;step"}
,{"expanded":false,"Exclusion Rule Type":"None","UNR":"none","title":"cebreak_cs_step","At Least":"1","All Average Grd":"100%","All Cov":"1 / 1 (100%)","Source":"        cebreak_cs_step : cross cebreak, step;"
,"subitems":[{"expanded":false,"Exclusion Rule Type":"None","UNR":"none","title":"active;active","All Average Grd":"100%","All Cov":"1 / 1 (100%)","Score":"2","At Least":"1","Source":"        cebreak_cs_step : cross cebreak, step;"}
],"columns":"cebreak;step"}
,{"expanded":false,"Exclusion Rule Type":"None","UNR":"none","title":"dbg_req_vs_step","At Least":"1","All Average Grd":"100%","All Cov":"1 / 1 (100%)","Source":"        dbg_req_vs_step : cross dbg_req, step;"
,"subitems":[{"expanded":false,"Exclusion Rule Type":"None","UNR":"none","title":"active;active","All Average Grd":"100%","All Cov":"1 / 1 (100%)","Score":"65933","At Least":"1","Source":"        dbg_req_vs_step : cross dbg_req, step;"}
],"columns":"dbg_req;step"}
]}
]
}
