{
"block_items":[]
,"expression_items":[{"expanded":false,"expanded":false,"Exclusion Rule Type":"None","Index":"5","All Average Grd":"75%","All Cov":"3 / 4 (75%)","Src Start Line":"194","Enclosing Entity":"uvmt_cv32_tb.dut_wrap.cv32e40p_wrapper_i.core_i.if_stage_i.prefetch_buffer_i.prefetch_controller_i","Source":"        trans_addr_o = branch_i ? aligned_branch_addr : trans_addr_q;"
,"subitems":[{"expanded":false,"expanded":false,"Exclusion Rule Type":"None","Index":"1","All Average Grd":"75%","All Cov":"3 / 4 (75%)","Source":"        trans_addr_o = branch_i ? aligned_branch_addr : trans_addr_q;","table_type":"cov"
,"subitems":[{"title":"0;-;1","expanded":false,"Exclusion Rule Type":"None","UNR":"none","Score":"1","Out":"1"}
,{"title":"1;1;-","expanded":false,"Exclusion Rule Type":"None","UNR":"none","Score":"1","Out":"1"}
,{"title":"0;-;0","expanded":false,"Exclusion Rule Type":"None","UNR":"none","Score":"1","Out":"0"}
,{"title":"1;0;-","expanded":false,"Exclusion Rule Type":"None","UNR":"none","Score":"0","Out":"0"}
],"cov_table_title":"Coverage Table with Output","header":"branch_i ? aligned_branch_addr : trans_addr_q","columns":"branch_i;aligned_branch_addr;trans_addr_q"}
]}
],"fsm_items"
:[{"expanded":false,"Exclusion Rule Type":"None","UNR":"none","title":"state_q","State Average Grd":"100%","Trans Average Grd":"100%","Arc Average Grd":"n/a","Enclosing Entity":"uvmt_cv32_tb.dut_wrap.cv32e40p_wrapper_i.core_i.if_stage_i.prefetch_buffer_i.prefetch_controller_i","Source":"  enum logic {IDLE, BRANCH_WAIT} state_q, next_state;"
,"subitems":[{"expanded":false,"Exclusion Rule Type":"None","UNR":"none","title":"IDLE","Encoding":"0","Score":"364089788","Is Reset State":"true","Source":"      IDLE:"}
,{"expanded":false,"Exclusion Rule Type":"None","UNR":"none","title":"BRANCH_WAIT","Encoding":"1","Score":"2958546","Is Reset State":"false","Source":"      BRANCH_WAIT:"}
]
,"subitems1":[{"expanded":false,"Exclusion Rule Type":"None","UNR":"none","Index":"0","From State title":"IDLE","To State title":"BRANCH_WAIT","Score":"1626829","Is Reset Trans":"false"
,"subitems":[]}
,{"expanded":false,"Exclusion Rule Type":"None","UNR":"none","Index":"1","From State title":"IDLE","To State title":"IDLE","Score":"362461186","Is Reset Trans":"false"
,"subitems":[]}
,{"expanded":false,"Exclusion Rule Type":"None","UNR":"none","Index":"2","From State title":"BRANCH_WAIT","To State title":"IDLE","Score":"1626829","Is Reset Trans":"false"
,"subitems":[]}
,{"expanded":false,"Exclusion Rule Type":"None","UNR":"none","Index":"3","From State title":"BRANCH_WAIT","To State title":"BRANCH_WAIT","Score":"1331717","Is Reset Trans":"false"
,"subitems":[]}
]}
]}
