{
"block_items":[],"assertion_items"
:[{"expanded":false,"Exclusion Rule Type":"None","UNR":"none","title":"a_wfi_wake_to_instr_fetch","All Average Grd":"100%","Assertion Status Grd":"100%","Enclosing Entity":"uvmt_cv32_tb.dut_wrap.cv32e40p_wrapper_i.core_i.interrupt_assert_i","Source":"  a_wfi_wake_to_instr_fetch: assert property(p_wfi_wake_to_instr_fetch)"}
,{"expanded":false,"Exclusion Rule Type":"None","UNR":"none","title":"a_wfi_deassert_core_sleep_o","All Average Grd":"100%","Assertion Status Grd":"100%","Enclosing Entity":"uvmt_cv32_tb.dut_wrap.cv32e40p_wrapper_i.core_i.interrupt_assert_i","Source":"  a_wfi_deassert_core_sleep_o: assert property(p_wfi_deassert_core_sleep_o) "}
,{"expanded":false,"Exclusion Rule Type":"None","UNR":"none","title":"a_core_sleep_deassert","All Average Grd":"100%","Assertion Status Grd":"100%","Enclosing Entity":"uvmt_cv32_tb.dut_wrap.cv32e40p_wrapper_i.core_i.interrupt_assert_i","Source":"  a_core_sleep_deassert: assert property(p_core_sleep_deassert)"}
,{"expanded":false,"Exclusion Rule Type":"None","UNR":"none","title":"a_wfi_assert_core_sleep_o","All Average Grd":"100%","Assertion Status Grd":"100%","Enclosing Entity":"uvmt_cv32_tb.dut_wrap.cv32e40p_wrapper_i.core_i.interrupt_assert_i","Source":"  a_wfi_assert_core_sleep_o: assert property(p_wfi_assert_core_sleep_o)"}
,{"expanded":false,"Exclusion Rule Type":"None","UNR":"none","title":"a_mip_not_reserved","All Average Grd":"100%","Assertion Status Grd":"100%","Enclosing Entity":"uvmt_cv32_tb.dut_wrap.cv32e40p_wrapper_i.core_i.interrupt_assert_i","Source":"  a_mip_not_reserved: assert property(p_mip_not_reserved)"}
,{"expanded":false,"Exclusion Rule Type":"None","UNR":"none","title":"a_mip_irq_i","All Average Grd":"100%","Assertion Status Grd":"100%","Enclosing Entity":"uvmt_cv32_tb.dut_wrap.cv32e40p_wrapper_i.core_i.interrupt_assert_i","Source":"  a_mip_irq_i: assert property(p_mip_irq_i)"}
,{"expanded":false,"Exclusion Rule Type":"None","UNR":"none","title":"a_irq_expected","All Average Grd":"100%","Assertion Status Grd":"100%","Enclosing Entity":"uvmt_cv32_tb.dut_wrap.cv32e40p_wrapper_i.core_i.interrupt_assert_i","Source":"  a_irq_expected: assert property(p_irq_expected)"}
,{"expanded":false,"Exclusion Rule Type":"None","UNR":"none","title":"a_irq_arb","All Average Grd":"100%","Assertion Status Grd":"100%","Enclosing Entity":"uvmt_cv32_tb.dut_wrap.cv32e40p_wrapper_i.core_i.interrupt_assert_i","Source":"  a_irq_arb: assert property(p_irq_arb)"}
,{"expanded":false,"Exclusion Rule Type":"None","UNR":"none","title":"a_irq_id_o_mstatus_mie_enabled","All Average Grd":"100%","Assertion Status Grd":"100%","Enclosing Entity":"uvmt_cv32_tb.dut_wrap.cv32e40p_wrapper_i.core_i.interrupt_assert_i","Source":"  a_irq_id_o_mstatus_mie_enabled: assert property(p_irq_id_o_mstatus_mie_enabled)"}
,{"expanded":false,"Exclusion Rule Type":"None","UNR":"none","title":"a_irq_id_o_mie_enabled","All Average Grd":"100%","Assertion Status Grd":"100%","Enclosing Entity":"uvmt_cv32_tb.dut_wrap.cv32e40p_wrapper_i.core_i.interrupt_assert_i","Source":"  a_irq_id_o_mie_enabled: assert property(p_irq_id_o_mie_enabled)"}
,{"expanded":false,"Exclusion Rule Type":"None","UNR":"none","title":"a_irq_id_o_not_reserved","All Average Grd":"100%","Assertion Status Grd":"100%","Enclosing Entity":"uvmt_cv32_tb.dut_wrap.cv32e40p_wrapper_i.core_i.interrupt_assert_i","Source":"  a_irq_id_o_not_reserved: assert property(p_irq_id_o_not_reserved)"}
,{"expanded":false,"Exclusion Rule Type":"None","UNR":"none","title":"a_irq_ack_o_pulse","All Average Grd":"100%","Assertion Status Grd":"100%","Enclosing Entity":"uvmt_cv32_tb.dut_wrap.cv32e40p_wrapper_i.core_i.interrupt_assert_i","Source":"  a_irq_ack_o_pulse: assert property(p_irq_ack_o_pulse)"}
]
,"expression_items":[]}
